order_id,order_date,customer_id,customer_name,region,city,category,product_name,unit_price,quantity,discount_pct,gross_amount,discount_amount,net_amount,payment_method,is_returned,customer_rating
ORD103769,2024-08-01,CUST0680,Manisha Chopra,East,Guwahati,Beauty & Personal Care,Hair Dryer,640.82,1,0.0,640.82,0.0,640.82,Credit Card,False,5.0
ORD105393,2024-08-01,CUST0406,Vikram Rao,North,Lucknow,Sports & Fitness,Cycling Helmet,849.11,1,5.0,849.11,42.46,806.65,UPI,False,2.0
ORD103626,2024-08-01,CUST0406,Vikram Rao,North,Lucknow,Home & Kitchen,Mixer Grinder,7927.31,1,0.0,7927.31,0.0,7927.31,Credit Card,False,5.0
ORD103451,2024-08-01,CUST0478,Arjun Kapoor,South,Chennai,Fashion,Sunglasses,5663.99,1,0.0,5663.99,0.0,5663.99,Credit Card,False,4.0
ORD100631,2024-08-01,CUST0578,Kiran Patel,North,Chandigarh,Home & Kitchen,Vacuum Cleaner,3017.17,1,0.0,3017.17,0.0,3017.17,Debit Card,False,4.0
ORD100798,2024-08-01,CUST0223,Ramesh Kumar,North,Chandigarh,Home & Kitchen,Mixer Grinder,10619.68,1,15.0,10619.68,1592.95,9026.73,UPI,False,3.0
ORD103396,2024-08-01,CUST0161,Deepak Iyer,West,Pune,Electronics,Laptop,6456.13,1,0.0,6456.13,0.0,6456.13,Debit Card,False,5.0
ORD102899,2024-08-02,CUST0174,Krishna Pillai,East,Patna,Home & Kitchen,Vacuum Cleaner,7623.26,1,0.0,7623.26,0.0,7623.26,Credit Card,False,3.0
ORD100695,2024-08-02,CUST0780,Rahul Mukherjee,North,Delhi,Sports & Fitness,Cycling Helmet,3011.47,1,15.0,3011.47,451.72,2559.75,Credit Card,False,4.0
ORD103249,2024-08-02,CUST0343,Vikram Kapoor,East,Patna,Beauty & Personal Care,Trimmer,2107.06,1,0.0,2107.06,0.0,2107.06,Debit Card,False,5.0
ORD102397,2024-08-02,CUST0283,Rahul Menon,East,Kolkata,Electronics,Bluetooth Speaker,51697.83,1,10.0,51697.83,5169.78,46528.05,Credit Card,False,5.0
ORD101283,2024-08-02,CUST0726,Sanjay Gupta,North,Delhi,Fashion,Wrist Watch,5468.08,1,0.0,5468.08,0.0,5468.08,UPI,False,4.0
ORD100039,2024-08-02,CUST0555,Vivaan Sharma,North,Delhi,Sports & Fitness,Fitness Band,6851.57,1,5.0,6851.57,342.58,6508.99,Cash on Delivery,False,5.0
ORD100684,2024-08-02,CUST0177,Pooja Desai,North,Chandigarh,Fashion,Wrist Watch,5346.96,2,0.0,10693.92,0.0,10693.92,UPI,False,4.0
ORD102484,2024-08-02,CUST0075,Isha Patel,North,Jaipur,Fashion,Sunglasses,2180.14,1,0.0,2180.14,0.0,2180.14,Credit Card,False,2.0
ORD105621,2024-08-02,CUST0798,Deepak Gupta,West,Surat,Sports & Fitness,Fitness Band,4209.58,1,0.0,4209.58,0.0,4209.58,Net Banking,False,2.0
ORD103486,2024-08-03,CUST0452,Kavya Joshi,North,Chandigarh,Beauty & Personal Care,Trimmer,422.81,1,25.0,422.81,105.7,317.11,Net Banking,False,4.0
ORD102844,2024-08-03,CUST0320,Lakshmi Kumar,East,Guwahati,Sports & Fitness,Yoga Mat,4457.02,1,0.0,4457.02,0.0,4457.02,UPI,False,5.0
ORD100807,2024-08-03,CUST0264,Krishna Bose,South,Kochi,Fashion,Sunglasses,5068.2,1,5.0,5068.2,253.41,4814.79,Credit Card,False,2.0
ORD104351,2024-08-03,CUST0278,Naveen Das,East,Guwahati,Fashion,Running Shoes,2878.3,1,0.0,2878.3,0.0,2878.3,Credit Card,False,5.0
ORD104038,2024-08-03,CUST0333,Suresh Kapoor,West,Mumbai,Beauty & Personal Care,Face Serum,2680.18,1,20.0,2680.18,536.04,2144.14,Net Banking,False,5.0
ORD100154,2024-08-03,CUST0781,Sanjay Mukherjee,West,Surat,Beauty & Personal Care,Trimmer,2451.23,1,20.0,2451.23,490.25,1960.98,Credit Card,False,1.0
ORD102946,2024-08-03,CUST0441,Swati Singh,North,Lucknow,Sports & Fitness,Yoga Mat,5559.7,1,15.0,5559.7,833.96,4725.74,UPI,False,4.0
ORD104656,2024-08-03,CUST0448,Anil Chopra,South,Chennai,Sports & Fitness,Dumbbell Set,6302.16,1,10.0,6302.16,630.22,5671.94,UPI,False,4.0
ORD104184,2024-08-04,CUST0286,Zara Mukherjee,North,Jaipur,Electronics,Laptop,32892.65,1,10.0,32892.65,3289.26,29603.39,UPI,False,4.0
ORD104455,2024-08-04,CUST0335,Vivaan Menon,East,Guwahati,Electronics,Smartphone,45591.04,1,10.0,45591.04,4559.1,41031.94,Net Banking,False,2.0
ORD101005,2024-08-04,CUST0813,Karthik Iyer,East,Kolkata,Fashion,Running Shoes,5457.97,1,0.0,5457.97,0.0,5457.97,Credit Card,False,2.0
ORD105337,2024-08-04,CUST0812,Vihaan Rao,West,Pune,Home & Kitchen,Vacuum Cleaner,3231.44,1,0.0,3231.44,0.0,3231.44,Credit Card,False,5.0
ORD105324,2024-08-04,CUST0773,Reyansh Das,West,Ahmedabad,Sports & Fitness,Dumbbell Set,4873.54,1,15.0,4873.54,731.03,4142.51,UPI,False,1.0
ORD102731,2024-08-04,CUST0096,Karthik Menon,South,Kochi,Sports & Fitness,Resistance Bands,1907.87,1,5.0,1907.87,95.39,1812.48,Debit Card,False,5.0
ORD102326,2024-08-04,CUST0663,Sai Gupta,East,Guwahati,Sports & Fitness,Cycling Helmet,1831.14,1,0.0,1831.14,0.0,1831.14,UPI,False,5.0
ORD103226,2024-08-04,CUST0455,Shreya Das,South,Kochi,Electronics,Smartwatch,45988.09,1,5.0,45988.09,2299.4,43688.69,Debit Card,False,2.0
ORD102179,2024-08-04,CUST0537,Sneha Sharma,West,Surat,Home & Kitchen,Air Fryer,7132.63,2,5.0,14265.26,713.26,13552.0,UPI,False,5.0
ORD101468,2024-08-04,CUST0797,Isha Desai,West,Ahmedabad,Fashion,Sunglasses,5282.65,2,20.0,10565.3,2113.06,8452.24,Debit Card,False,5.0
ORD105751,2024-08-04,CUST0157,Vivaan Das,North,Lucknow,Electronics,Wireless Earbuds,53729.55,2,0.0,107459.1,0.0,107459.1,UPI,False,4.0
ORD101535,2024-08-05,CUST0487,Krishna Kapoor,West,Mumbai,Electronics,Wireless Earbuds,4483.61,2,15.0,8967.22,1345.08,7622.14,Cash on Delivery,False,5.0
ORD105304,2024-08-05,CUST0073,Shreya Sharma,West,Ahmedabad,Sports & Fitness,Dumbbell Set,3361.06,2,0.0,6722.12,0.0,6722.12,Net Banking,False,5.0
ORD103391,2024-08-05,CUST0145,Lakshmi Das,North,Lucknow,Electronics,Laptop,9927.04,1,0.0,9927.04,0.0,9927.04,Credit Card,False,2.0
ORD105303,2024-08-05,CUST0481,Kiran Nair,South,Chennai,Fashion,Running Shoes,2428.04,1,5.0,2428.04,121.4,2306.64,Credit Card,False,5.0
ORD102561,2024-08-05,CUST0156,Manish Kumar,West,Pune,Home & Kitchen,Water Purifier,9167.36,1,0.0,9167.36,0.0,9167.36,UPI,False,5.0
ORD103777,2024-08-05,CUST0413,Ananya Singh,East,Bhubaneswar,Fashion,Denim Jacket,3124.13,1,10.0,3124.13,312.41,2811.72,UPI,False,4.0
ORD101987,2024-08-05,CUST0733,Vihaan Das,East,Patna,Sports & Fitness,Dumbbell Set,2516.76,1,10.0,2516.76,251.68,2265.08,Net Banking,False,4.0
ORD103209,2024-08-05,CUST0450,Swati Singh,East,Kolkata,Electronics,Bluetooth Speaker,12112.97,3,20.0,36338.91,7267.78,29071.13,Cash on Delivery,False,4.0
ORD101384,2024-08-06,CUST0202,Arjun Nair,North,Lucknow,Beauty & Personal Care,Skincare Kit,1297.55,2,15.0,2595.1,389.26,2205.84,UPI,False,5.0
ORD103068,2024-08-06,CUST0271,Deepak Joshi,East,Guwahati,Fashion,Denim Jacket,1145.15,3,0.0,3435.45,0.0,3435.45,Net Banking,False,5.0
ORD100401,2024-08-06,CUST0407,Vivaan Desai,North,Delhi,Beauty & Personal Care,Perfume,2294.62,1,0.0,2294.62,0.0,2294.62,Net Banking,False,5.0
ORD100376,2024-08-06,CUST0606,Swati Kumar,South,Chennai,Beauty & Personal Care,Skincare Kit,394.85,3,10.0,1184.55,118.46,1066.09,UPI,False,4.0
ORD104221,2024-08-06,CUST0360,Tara Reddy,South,Bengaluru,Fashion,Denim Jacket,5131.52,1,0.0,5131.52,0.0,5131.52,Cash on Delivery,False,5.0
ORD101312,2024-08-06,CUST0352,Ananya Joshi,South,Kochi,Fashion,Backpack,3744.39,2,0.0,7488.78,0.0,7488.78,UPI,False,5.0
ORD102236,2024-08-06,CUST0483,Manish Reddy,South,Kochi,Home & Kitchen,Mixer Grinder,6445.69,1,5.0,6445.69,322.28,6123.41,UPI,False,4.0
ORD102989,2024-08-07,CUST0606,Swati Kumar,South,Chennai,Home & Kitchen,Non-Stick Cookware Set,4943.85,2,0.0,9887.7,0.0,9887.7,Debit Card,False,5.0
ORD105514,2024-08-07,CUST0437,Kavya Menon,South,Kochi,Fashion,Denim Jacket,5123.81,2,0.0,10247.62,0.0,10247.62,Net Banking,False,5.0
ORD102627,2024-08-08,CUST0242,Naveen Malhotra,West,Pune,Beauty & Personal Care,Perfume,3468.61,1,0.0,3468.61,0.0,3468.61,Credit Card,False,5.0
ORD102115,2024-08-08,CUST0488,Deepak Malhotra,South,Bengaluru,Home & Kitchen,Non-Stick Cookware Set,2550.4,1,0.0,2550.4,0.0,2550.4,Credit Card,False,2.0
ORD104380,2024-08-08,CUST0802,Swati Menon,South,Hyderabad,Home & Kitchen,Water Purifier,9591.94,3,0.0,28775.82,0.0,28775.82,UPI,True,2.0
ORD104264,2024-08-08,CUST0498,Ramesh Malhotra,South,Bengaluru,Home & Kitchen,Non-Stick Cookware Set,10039.04,1,0.0,10039.04,0.0,10039.04,Debit Card,False,5.0
ORD102303,2024-08-08,CUST0562,Sanjay Patel,South,Chennai,Home & Kitchen,Vacuum Cleaner,3281.24,3,0.0,9843.72,0.0,9843.72,Cash on Delivery,True,4.0
ORD105985,2024-08-08,CUST0160,Nisha Kumar,East,Bhubaneswar,Fashion,Backpack,1728.3,1,0.0,1728.3,0.0,1728.3,UPI,False,4.0
ORD101847,2024-08-08,CUST0075,Isha Patel,North,Jaipur,Electronics,Smartphone,4368.96,2,5.0,8737.92,436.9,8301.02,Cash on Delivery,False,1.0
ORD104174,2024-08-09,CUST0449,Anil Mukherjee,North,Chandigarh,Home & Kitchen,Mixer Grinder,5542.63,1,0.0,5542.63,0.0,5542.63,Credit Card,False,5.0
ORD100097,2024-08-09,CUST0615,Vikram Joshi,West,Ahmedabad,Electronics,Bluetooth Speaker,31432.81,1,0.0,31432.81,0.0,31432.81,Debit Card,False,5.0
ORD100210,2024-08-09,CUST0622,Deepak Kapoor,South,Bengaluru,Electronics,Smartwatch,37521.99,1,10.0,37521.99,3752.2,33769.79,UPI,False,5.0
ORD104214,2024-08-09,CUST0360,Tara Reddy,South,Bengaluru,Sports & Fitness,Dumbbell Set,2890.52,1,0.0,2890.52,0.0,2890.52,Net Banking,False,2.0
ORD105003,2024-08-10,CUST0464,Ramesh Sharma,West,Surat,Fashion,Denim Jacket,2185.28,2,10.0,4370.56,437.06,3933.5,UPI,False,2.0
ORD102577,2024-08-10,CUST0820,Krishna Joshi,East,Bhubaneswar,Sports & Fitness,Resistance Bands,1773.35,1,5.0,1773.35,88.67,1684.68,Credit Card,False,5.0
ORD103232,2024-08-10,CUST0768,Reyansh Iyer,North,Delhi,Fashion,Backpack,3555.58,1,15.0,3555.58,533.34,3022.24,Cash on Delivery,False,5.0
ORD100264,2024-08-10,CUST0289,Aditya Bose,South,Bengaluru,Electronics,Smartphone,19223.46,1,0.0,19223.46,0.0,19223.46,Debit Card,False,5.0
ORD101175,2024-08-10,CUST0755,Naveen Kapoor,North,Lucknow,Fashion,Running Shoes,5967.37,1,5.0,5967.37,298.37,5669.0,Cash on Delivery,False,3.0
ORD101922,2024-08-10,CUST0466,Manish Nair,East,Kolkata,Sports & Fitness,Yoga Mat,5458.78,1,0.0,5458.78,0.0,5458.78,UPI,False,4.0
ORD105491,2024-08-10,CUST0550,Saanvi Gupta,North,Chandigarh,Beauty & Personal Care,Hair Dryer,1794.66,2,0.0,3589.32,0.0,3589.32,Credit Card,False,2.0
ORD100158,2024-08-10,CUST0391,Saanvi Kapoor,East,Kolkata,Electronics,Laptop,36780.64,1,0.0,36780.64,0.0,36780.64,Credit Card,False,5.0
ORD105934,2024-08-10,CUST0658,Meera Patel,East,Patna,Electronics,Smartphone,50876.61,1,0.0,50876.61,0.0,50876.61,Net Banking,False,5.0
ORD101265,2024-08-10,CUST0468,Shreya Reddy,West,Mumbai,Electronics,Smartwatch,47384.67,1,0.0,47384.67,0.0,47384.67,Net Banking,False,5.0
ORD102319,2024-08-11,CUST0809,Naveen Desai,East,Kolkata,Home & Kitchen,Non-Stick Cookware Set,11250.81,2,5.0,22501.62,1125.08,21376.54,UPI,False,5.0
ORD102042,2024-08-11,CUST0304,Saanvi Joshi,South,Kochi,Beauty & Personal Care,Hair Dryer,757.88,1,25.0,757.88,189.47,568.41,Debit Card,False,5.0
ORD100289,2024-08-12,CUST0256,Rohan Pillai,East,Patna,Fashion,Wrist Watch,4191.8,1,10.0,4191.8,419.18,3772.62,Credit Card,False,4.0
ORD105534,2024-08-12,CUST0461,Aditya Gupta,North,Delhi,Home & Kitchen,Vacuum Cleaner,2380.27,1,5.0,2380.27,119.01,2261.26,Cash on Delivery,False,4.0
ORD101081,2024-08-12,CUST0162,Anil Chopra,South,Bengaluru,Electronics,Smartphone,8733.38,1,0.0,8733.38,0.0,8733.38,Debit Card,False,2.0
ORD103787,2024-08-12,CUST0370,Sanjay Menon,West,Surat,Home & Kitchen,Non-Stick Cookware Set,7658.78,2,0.0,15317.56,0.0,15317.56,Credit Card,False,3.0
ORD100250,2024-08-12,CUST0695,Sai Reddy,West,Mumbai,Electronics,Smartphone,3404.63,1,0.0,3404.63,0.0,3404.63,Debit Card,False,5.0
ORD101251,2024-08-12,CUST0800,Nisha Malhotra,North,Jaipur,Fashion,Wrist Watch,1167.49,1,15.0,1167.49,175.12,992.37,Net Banking,False,5.0
ORD105025,2024-08-12,CUST0284,Lakshmi Nair,West,Pune,Fashion,Running Shoes,3601.07,1,10.0,3601.07,360.11,3240.96,Credit Card,False,5.0
ORD102665,2024-08-13,CUST0458,Swati Singh,West,Ahmedabad,Electronics,Laptop,9199.73,1,0.0,9199.73,0.0,9199.73,Credit Card,False,4.0
ORD101207,2024-08-13,CUST0630,Neha Desai,North,Chandigarh,Home & Kitchen,Air Fryer,7868.73,1,5.0,7868.73,393.44,7475.29,Cash on Delivery,False,4.0
ORD103667,2024-08-13,CUST0350,Sneha Rao,West,Ahmedabad,Fashion,Denim Jacket,1648.18,1,0.0,1648.18,0.0,1648.18,Credit Card,False,5.0
ORD105827,2024-08-13,CUST0413,Ananya Singh,East,Bhubaneswar,Beauty & Personal Care,Trimmer,3268.75,1,0.0,3268.75,0.0,3268.75,UPI,False,3.0
ORD105887,2024-08-14,CUST0439,Diya Iyer,West,Surat,Beauty & Personal Care,Face Serum,3453.6,1,0.0,3453.6,0.0,3453.6,Credit Card,False,4.0
ORD104359,2024-08-14,CUST0680,Manisha Chopra,East,Guwahati,Home & Kitchen,Water Purifier,7155.89,2,0.0,14311.78,0.0,14311.78,UPI,False,5.0
ORD104584,2024-08-14,CUST0666,Anil Gupta,North,Lucknow,Electronics,Wireless Earbuds,10421.78,1,0.0,10421.78,0.0,10421.78,Credit Card,False,2.0
ORD105623,2024-08-14,CUST0389,Anil Nair,South,Hyderabad,Fashion,Wrist Watch,5637.07,1,25.0,5637.07,1409.27,4227.8,Debit Card,False,5.0
ORD105483,2024-08-14,CUST0030,Sneha Kumar,North,Chandigarh,Sports & Fitness,Resistance Bands,7606.5,1,0.0,7606.5,0.0,7606.5,UPI,False,5.0
ORD102945,2024-08-14,CUST0202,Arjun Nair,North,Lucknow,Fashion,Running Shoes,2865.57,2,10.0,5731.14,573.11,5158.03,Credit Card,False,4.0
ORD101830,2024-08-14,CUST0039,Aarav Gupta,East,Bhubaneswar,Electronics,Bluetooth Speaker,45425.35,1,0.0,45425.35,0.0,45425.35,Credit Card,False,5.0
ORD100455,2024-08-14,CUST0785,Manisha Patel,North,Lucknow,Beauty & Personal Care,Hair Dryer,2088.35,1,10.0,2088.35,208.84,1879.51,Credit Card,False,4.0
ORD103177,2024-08-15,CUST0725,Sai Joshi,North,Lucknow,Electronics,Bluetooth Speaker,23401.54,1,20.0,23401.54,4680.31,18721.23,Debit Card,False,3.0
ORD103911,2024-08-15,CUST0499,Swati Patel,South,Hyderabad,Home & Kitchen,Water Purifier,13446.26,1,10.0,13446.26,1344.63,12101.63,UPI,False,2.0
ORD105149,2024-08-15,CUST0729,Naveen Kapoor,South,Bengaluru,Beauty & Personal Care,Hair Dryer,833.22,1,10.0,833.22,83.32,749.9,UPI,False,5.0
ORD100219,2024-08-15,CUST0481,Kiran Nair,South,Chennai,Sports & Fitness,Dumbbell Set,6053.63,1,0.0,6053.63,0.0,6053.63,UPI,False,2.0
ORD104832,2024-08-15,CUST0647,Ramesh Das,North,Jaipur,Home & Kitchen,Non-Stick Cookware Set,6848.21,1,5.0,6848.21,342.41,6505.8,UPI,False,3.0
ORD105244,2024-08-15,CUST0845,Sanjay Kumar,North,Lucknow,Sports & Fitness,Dumbbell Set,5627.11,1,0.0,5627.11,0.0,5627.11,Credit Card,False,5.0
ORD102933,2024-08-15,CUST0057,Deepak Malhotra,West,Surat,Fashion,Denim Jacket,796.19,3,10.0,2388.57,238.86,2149.71,Credit Card,False,5.0
ORD100436,2024-08-15,CUST0021,Zara Kapoor,East,Bhubaneswar,Home & Kitchen,Air Fryer,2345.74,1,0.0,2345.74,0.0,2345.74,UPI,False,5.0
ORD103811,2024-08-16,CUST0208,Vikram Bose,East,Kolkata,Home & Kitchen,Non-Stick Cookware Set,3317.03,1,0.0,3317.03,0.0,3317.03,Debit Card,False,5.0
ORD100481,2024-08-16,CUST0350,Sneha Rao,West,Ahmedabad,Beauty & Personal Care,Perfume,2504.26,2,10.0,5008.52,500.85,4507.67,UPI,False,4.0
ORD104303,2024-08-16,CUST0394,Krishna Singh,South,Chennai,Home & Kitchen,Mixer Grinder,2403.11,1,0.0,2403.11,0.0,2403.11,UPI,False,5.0
ORD105429,2024-08-16,CUST0039,Aarav Gupta,East,Bhubaneswar,Beauty & Personal Care,Trimmer,1424.04,1,0.0,1424.04,0.0,1424.04,Credit Card,False,4.0
ORD100882,2024-08-16,CUST0818,Tara Malhotra,North,Lucknow,Sports & Fitness,Cycling Helmet,4485.26,1,20.0,4485.26,897.05,3588.21,UPI,False,3.0
ORD105322,2024-08-16,CUST0075,Isha Patel,North,Jaipur,Electronics,Bluetooth Speaker,34680.75,2,15.0,69361.5,10404.22,58957.28,UPI,False,5.0
ORD101053,2024-08-16,CUST0120,Manisha Singh,West,Pune,Home & Kitchen,Non-Stick Cookware Set,2280.93,1,5.0,2280.93,114.05,2166.88,Credit Card,False,5.0
ORD103036,2024-08-16,CUST0394,Krishna Singh,South,Chennai,Home & Kitchen,Non-Stick Cookware Set,5227.01,1,10.0,5227.01,522.7,4704.31,Net Banking,False,5.0
ORD101293,2024-08-17,CUST0442,Ananya Patel,West,Mumbai,Home & Kitchen,Vacuum Cleaner,13609.64,1,10.0,13609.64,1360.96,12248.68,Net Banking,False,3.0
ORD102880,2024-08-17,CUST0254,Ananya Mukherjee,West,Mumbai,Beauty & Personal Care,Face Serum,3031.51,1,10.0,3031.51,303.15,2728.36,UPI,False,2.0
ORD103154,2024-08-17,CUST0231,Kiran Mukherjee,East,Bhubaneswar,Fashion,Denim Jacket,4693.7,2,25.0,9387.4,2346.85,7040.55,Cash on Delivery,False,5.0
ORD102803,2024-08-17,CUST0428,Vivaan Chopra,South,Hyderabad,Home & Kitchen,Air Fryer,9370.47,1,10.0,9370.47,937.05,8433.42,Credit Card,False,4.0
ORD100214,2024-08-17,CUST0413,Ananya Singh,East,Bhubaneswar,Fashion,Wrist Watch,4137.17,1,0.0,4137.17,0.0,4137.17,UPI,False,5.0
ORD103726,2024-08-17,CUST0821,Saanvi Rao,West,Ahmedabad,Fashion,Running Shoes,4667.4,1,0.0,4667.4,0.0,4667.4,UPI,False,4.0
ORD100502,2024-08-17,CUST0085,Riya Das,North,Jaipur,Electronics,Smartphone,3281.25,1,5.0,3281.25,164.06,3117.19,UPI,False,4.0
ORD100349,2024-08-17,CUST0493,Diya Pillai,East,Guwahati,Beauty & Personal Care,Perfume,1069.91,1,10.0,1069.91,106.99,962.92,Net Banking,False,5.0
ORD104958,2024-08-17,CUST0262,Arjun Reddy,East,Patna,Fashion,Wrist Watch,1224.82,1,0.0,1224.82,0.0,1224.82,Cash on Delivery,False,5.0
ORD105675,2024-08-17,CUST0411,Sanjay Rao,South,Hyderabad,Electronics,Wireless Earbuds,17658.58,2,0.0,35317.16,0.0,35317.16,Debit Card,False,5.0
ORD100700,2024-08-17,CUST0030,Sneha Kumar,North,Chandigarh,Home & Kitchen,Mixer Grinder,7530.25,1,0.0,7530.25,0.0,7530.25,Debit Card,False,5.0
ORD100721,2024-08-17,CUST0059,Meera Kapoor,West,Pune,Beauty & Personal Care,Perfume,851.79,1,0.0,851.79,0.0,851.79,UPI,False,5.0
ORD104950,2024-08-18,CUST0276,Nisha Sharma,North,Jaipur,Electronics,Laptop,41699.3,1,5.0,41699.3,2084.96,39614.34,UPI,False,4.0
ORD103832,2024-08-18,CUST0474,Neha Kapoor,South,Bengaluru,Sports & Fitness,Fitness Band,555.89,1,20.0,555.89,111.18,444.71,UPI,False,4.0
ORD101689,2024-08-18,CUST0588,Vivaan Menon,South,Bengaluru,Fashion,Backpack,3371.56,1,10.0,3371.56,337.16,3034.4,Cash on Delivery,False,1.0
ORD104760,2024-08-18,CUST0684,Ananya Patel,North,Lucknow,Sports & Fitness,Cycling Helmet,501.11,2,10.0,1002.22,100.22,902.0,Credit Card,False,2.0
ORD104612,2024-08-18,CUST0533,Vihaan Sharma,East,Bhubaneswar,Beauty & Personal Care,Hair Dryer,3148.56,2,15.0,6297.12,944.57,5352.55,Debit Card,False,5.0
ORD105189,2024-08-18,CUST0111,Vivaan Sharma,West,Ahmedabad,Sports & Fitness,Yoga Mat,7058.1,1,0.0,7058.1,0.0,7058.1,UPI,False,2.0
ORD100058,2024-08-18,CUST0039,Aarav Gupta,East,Bhubaneswar,Home & Kitchen,Water Purifier,14938.6,1,0.0,14938.6,0.0,14938.6,Cash on Delivery,False,3.0
ORD103719,2024-08-18,CUST0139,Shreya Reddy,South,Bengaluru,Beauty & Personal Care,Perfume,2043.83,1,15.0,2043.83,306.57,1737.26,Cash on Delivery,False,5.0
ORD100801,2024-08-18,CUST0468,Shreya Reddy,West,Mumbai,Fashion,Sunglasses,5633.3,1,0.0,5633.3,0.0,5633.3,Net Banking,False,1.0
ORD104211,2024-08-18,CUST0039,Aarav Gupta,East,Bhubaneswar,Beauty & Personal Care,Perfume,3352.47,2,0.0,6704.94,0.0,6704.94,UPI,False,4.0
ORD103428,2024-08-19,CUST0758,Tara Reddy,North,Chandigarh,Electronics,Laptop,12661.46,1,0.0,12661.46,0.0,12661.46,Net Banking,False,2.0
ORD100479,2024-08-19,CUST0017,Reyansh Patel,West,Mumbai,Sports & Fitness,Resistance Bands,3299.53,1,20.0,3299.53,659.91,2639.62,UPI,False,5.0
ORD104894,2024-08-19,CUST0121,Zara Iyer,East,Guwahati,Home & Kitchen,Vacuum Cleaner,11959.51,2,5.0,23919.02,1195.95,22723.07,UPI,False,4.0
ORD105350,2024-08-19,CUST0362,Karthik Rao,West,Surat,Sports & Fitness,Yoga Mat,6196.19,1,15.0,6196.19,929.43,5266.76,UPI,False,4.0
ORD103085,2024-08-19,CUST0118,Ananya Das,South,Chennai,Fashion,Running Shoes,3349.51,2,5.0,6699.02,334.95,6364.07,UPI,False,5.0
ORD105935,2024-08-19,CUST0414,Deepak Joshi,East,Patna,Home & Kitchen,Vacuum Cleaner,12137.91,2,0.0,24275.82,0.0,24275.82,Debit Card,False,4.0
ORD104193,2024-08-19,CUST0497,Naveen Patel,West,Ahmedabad,Beauty & Personal Care,Perfume,2362.61,2,0.0,4725.22,0.0,4725.22,Credit Card,False,5.0
ORD101011,2024-08-19,CUST0190,Nisha Reddy,South,Hyderabad,Beauty & Personal Care,Hair Dryer,2219.34,1,10.0,2219.34,221.93,1997.41,Credit Card,False,2.0
ORD101119,2024-08-19,CUST0413,Ananya Singh,East,Bhubaneswar,Fashion,Running Shoes,4180.31,1,10.0,4180.31,418.03,3762.28,UPI,False,4.0
ORD104321,2024-08-20,CUST0085,Riya Das,North,Jaipur,Sports & Fitness,Resistance Bands,6120.11,1,0.0,6120.11,0.0,6120.11,Net Banking,False,2.0
ORD101859,2024-08-20,CUST0618,Priya Rao,North,Jaipur,Fashion,Sunglasses,5705.26,1,0.0,5705.26,0.0,5705.26,Credit Card,True,5.0
ORD100432,2024-08-20,CUST0549,Neha Bose,South,Bengaluru,Fashion,Wrist Watch,4921.28,1,0.0,4921.28,0.0,4921.28,UPI,False,5.0
ORD102973,2024-08-20,CUST0064,Sanjay Reddy,East,Kolkata,Home & Kitchen,Non-Stick Cookware Set,10529.68,1,15.0,10529.68,1579.45,8950.23,Net Banking,False,4.0
ORD102660,2024-08-20,CUST0728,Pooja Verma,North,Lucknow,Fashion,Sunglasses,5061.7,2,0.0,10123.4,0.0,10123.4,Cash on Delivery,False,5.0
ORD102953,2024-08-20,CUST0847,Vivaan Reddy,South,Hyderabad,Beauty & Personal Care,Skincare Kit,2731.02,1,10.0,2731.02,273.1,2457.92,UPI,False,5.0
ORD100068,2024-08-20,CUST0779,Riya Singh,North,Chandigarh,Beauty & Personal Care,Hair Dryer,658.14,1,0.0,658.14,0.0,658.14,Net Banking,False,4.0
ORD103517,2024-08-21,CUST0018,Nisha Mukherjee,West,Surat,Beauty & Personal Care,Skincare Kit,2222.53,3,20.0,6667.59,1333.52,5334.07,Credit Card,True,5.0
ORD102860,2024-08-21,CUST0527,Ramesh Bose,North,Jaipur,Electronics,Smartphone,19229.39,1,0.0,19229.39,0.0,19229.39,UPI,False,3.0
ORD102048,2024-08-21,CUST0674,Ishaan Iyer,South,Bengaluru,Beauty & Personal Care,Face Serum,618.44,2,0.0,1236.88,0.0,1236.88,UPI,False,5.0
ORD101278,2024-08-21,CUST0187,Sneha Bose,West,Ahmedabad,Fashion,Wrist Watch,4322.2,1,0.0,4322.2,0.0,4322.2,Debit Card,False,4.0
ORD104210,2024-08-21,CUST0602,Deepak Verma,East,Guwahati,Fashion,Running Shoes,3662.5,1,10.0,3662.5,366.25,3296.25,Credit Card,False,4.0
ORD100857,2024-08-21,CUST0123,Anil Mukherjee,South,Hyderabad,Sports & Fitness,Resistance Bands,1321.65,2,10.0,2643.3,264.33,2378.97,Credit Card,False,4.0
ORD103810,2024-08-22,CUST0197,Priya Bose,South,Hyderabad,Sports & Fitness,Resistance Bands,6893.85,1,0.0,6893.85,0.0,6893.85,Credit Card,False,4.0
ORD102719,2024-08-22,CUST0059,Meera Kapoor,West,Pune,Home & Kitchen,Water Purifier,3938.34,1,5.0,3938.34,196.92,3741.42,Debit Card,False,3.0
ORD101240,2024-08-22,CUST0475,Kiran Chopra,East,Bhubaneswar,Electronics,Smartphone,10295.81,1,10.0,10295.81,1029.58,9266.23,Debit Card,False,2.0
ORD102539,2024-08-22,CUST0637,Swati Pillai,North,Jaipur,Home & Kitchen,Air Fryer,13382.2,1,10.0,13382.2,1338.22,12043.98,UPI,False,5.0
ORD101497,2024-08-22,CUST0765,Anil Das,West,Pune,Fashion,Backpack,5310.3,1,0.0,5310.3,0.0,5310.3,Cash on Delivery,False,4.0
ORD101699,2024-08-22,CUST0492,Swati Menon,North,Jaipur,Beauty & Personal Care,Skincare Kit,952.5,1,20.0,952.5,190.5,762.0,Cash on Delivery,False,3.0
ORD102255,2024-08-22,CUST0418,Shreya Desai,South,Kochi,Home & Kitchen,Water Purifier,4535.35,1,0.0,4535.35,0.0,4535.35,Credit Card,False,4.0
ORD103129,2024-08-22,CUST0227,Anil Nair,West,Ahmedabad,Home & Kitchen,Mixer Grinder,8566.46,1,15.0,8566.46,1284.97,7281.49,UPI,False,5.0
ORD100910,2024-08-22,CUST0631,Nisha Iyer,North,Delhi,Home & Kitchen,Mixer Grinder,7825.05,1,0.0,7825.05,0.0,7825.05,UPI,False,3.0
ORD102281,2024-08-22,CUST0017,Reyansh Patel,West,Mumbai,Fashion,Sunglasses,5087.23,2,10.0,10174.46,1017.45,9157.01,Credit Card,False,5.0
ORD105306,2024-08-23,CUST0343,Vikram Kapoor,East,Patna,Home & Kitchen,Non-Stick Cookware Set,5733.26,1,5.0,5733.26,286.66,5446.6,UPI,False,5.0
ORD104682,2024-08-23,CUST0259,Isha Singh,East,Patna,Home & Kitchen,Non-Stick Cookware Set,9753.15,1,5.0,9753.15,487.66,9265.49,UPI,False,5.0
ORD101981,2024-08-23,CUST0187,Sneha Bose,West,Ahmedabad,Beauty & Personal Care,Trimmer,3269.87,1,0.0,3269.87,0.0,3269.87,UPI,False,3.0
ORD105851,2024-08-23,CUST0612,Tara Reddy,North,Lucknow,Beauty & Personal Care,Hair Dryer,2370.48,1,0.0,2370.48,0.0,2370.48,Credit Card,False,5.0
ORD103933,2024-08-23,CUST0018,Nisha Mukherjee,West,Surat,Electronics,Laptop,36157.76,1,0.0,36157.76,0.0,36157.76,Credit Card,False,4.0
ORD102645,2024-08-23,CUST0192,Diya Bose,West,Mumbai,Beauty & Personal Care,Trimmer,2276.85,1,0.0,2276.85,0.0,2276.85,Debit Card,False,3.0
ORD100086,2024-08-24,CUST0076,Aditya Gupta,North,Jaipur,Beauty & Personal Care,Perfume,930.24,1,10.0,930.24,93.02,837.22,Cash on Delivery,False,4.0
ORD101728,2024-08-24,CUST0699,Pooja Joshi,North,Chandigarh,Home & Kitchen,Mixer Grinder,2361.89,1,5.0,2361.89,118.09,2243.8,UPI,False,5.0
ORD103971,2024-08-24,CUST0035,Rahul Bose,North,Lucknow,Fashion,Running Shoes,3557.24,1,10.0,3557.24,355.72,3201.52,Net Banking,False,3.0
ORD101813,2024-08-24,CUST0246,Divya Pillai,West,Mumbai,Fashion,Running Shoes,3446.7,1,0.0,3446.7,0.0,3446.7,Net Banking,False,5.0
ORD102806,2024-08-24,CUST0160,Nisha Kumar,East,Bhubaneswar,Electronics,Laptop,10635.5,1,0.0,10635.5,0.0,10635.5,UPI,False,3.0
ORD101075,2024-08-24,CUST0687,Diya Kumar,South,Chennai,Home & Kitchen,Non-Stick Cookware Set,2970.89,1,0.0,2970.89,0.0,2970.89,Credit Card,False,5.0
ORD105815,2024-08-24,CUST0754,Riya Pillai,North,Jaipur,Home & Kitchen,Water Purifier,14889.86,1,0.0,14889.86,0.0,14889.86,UPI,False,4.0
ORD101937,2024-08-24,CUST0342,Manisha Sharma,East,Patna,Beauty & Personal Care,Face Serum,3383.81,1,5.0,3383.81,169.19,3214.62,UPI,False,4.0
ORD102418,2024-08-24,CUST0684,Ananya Patel,North,Lucknow,Beauty & Personal Care,Hair Dryer,2570.74,2,25.0,5141.48,1285.37,3856.11,Credit Card,False,5.0
ORD105577,2024-08-25,CUST0154,Pooja Kapoor,North,Chandigarh,Beauty & Personal Care,Perfume,1447.3,1,0.0,1447.3,0.0,1447.3,UPI,False,3.0
ORD101106,2024-08-25,CUST0293,Krishna Rao,West,Surat,Electronics,Wireless Earbuds,24284.11,1,0.0,24284.11,0.0,24284.11,UPI,False,4.0
ORD103005,2024-08-25,CUST0225,Reyansh Nair,North,Lucknow,Sports & Fitness,Resistance Bands,7364.04,1,10.0,7364.04,736.4,6627.64,Net Banking,False,5.0
ORD100232,2024-08-25,CUST0466,Manish Nair,East,Kolkata,Beauty & Personal Care,Hair Dryer,2894.25,1,5.0,2894.25,144.71,2749.54,UPI,False,2.0
ORD105274,2024-08-25,CUST0017,Reyansh Patel,West,Mumbai,Sports & Fitness,Resistance Bands,7192.9,1,0.0,7192.9,0.0,7192.9,UPI,False,4.0
ORD103630,2024-08-25,CUST0384,Naveen Kumar,North,Jaipur,Electronics,Bluetooth Speaker,8841.2,1,10.0,8841.2,884.12,7957.08,Credit Card,False,5.0
ORD105037,2024-08-25,CUST0254,Ananya Mukherjee,West,Mumbai,Beauty & Personal Care,Hair Dryer,3102.62,3,0.0,9307.86,0.0,9307.86,Credit Card,False,4.0
ORD102488,2024-08-25,CUST0702,Manish Chopra,West,Surat,Sports & Fitness,Dumbbell Set,7838.94,1,10.0,7838.94,783.89,7055.05,Credit Card,False,4.0
ORD105648,2024-08-26,CUST0081,Pooja Patel,North,Lucknow,Fashion,Sunglasses,2603.28,1,0.0,2603.28,0.0,2603.28,UPI,False,4.0
ORD100644,2024-08-26,CUST0424,Aditya Sharma,East,Guwahati,Sports & Fitness,Dumbbell Set,6493.85,1,0.0,6493.85,0.0,6493.85,UPI,False,1.0
ORD103658,2024-08-26,CUST0802,Swati Menon,South,Hyderabad,Beauty & Personal Care,Skincare Kit,672.01,1,0.0,672.01,0.0,672.01,UPI,False,3.0
ORD104344,2024-08-26,CUST0396,Lakshmi Rao,North,Lucknow,Sports & Fitness,Resistance Bands,813.06,1,0.0,813.06,0.0,813.06,UPI,False,5.0
ORD102125,2024-08-26,CUST0241,Ishaan Gupta,South,Kochi,Home & Kitchen,Air Fryer,3516.59,1,0.0,3516.59,0.0,3516.59,Credit Card,False,2.0
ORD105945,2024-08-26,CUST0085,Riya Das,North,Jaipur,Home & Kitchen,Mixer Grinder,5703.29,1,0.0,5703.29,0.0,5703.29,Credit Card,False,1.0
ORD100650,2024-08-26,CUST0085,Riya Das,North,Jaipur,Fashion,Wrist Watch,3969.39,2,5.0,7938.78,396.94,7541.84,UPI,False,4.0
ORD105754,2024-08-26,CUST0223,Ramesh Kumar,North,Chandigarh,Fashion,Backpack,790.49,1,20.0,790.49,158.1,632.39,UPI,False,5.0
ORD105495,2024-08-27,CUST0728,Pooja Verma,North,Lucknow,Beauty & Personal Care,Hair Dryer,846.69,1,0.0,846.69,0.0,846.69,Debit Card,False,5.0
ORD105659,2024-08-27,CUST0735,Rohan Sharma,South,Bengaluru,Beauty & Personal Care,Perfume,3270.25,1,20.0,3270.25,654.05,2616.2,Cash on Delivery,True,4.0
ORD105167,2024-08-27,CUST0246,Divya Pillai,West,Mumbai,Beauty & Personal Care,Trimmer,474.56,1,0.0,474.56,0.0,474.56,UPI,True,5.0
ORD102936,2024-08-27,CUST0097,Priya Sharma,South,Chennai,Electronics,Smartwatch,1980.05,1,0.0,1980.05,0.0,1980.05,Debit Card,False,5.0
ORD105249,2024-08-27,CUST0373,Divya Desai,West,Mumbai,Sports & Fitness,Cycling Helmet,5799.5,1,5.0,5799.5,289.98,5509.52,Credit Card,False,5.0
ORD104107,2024-08-27,CUST0298,Kiran Das,North,Lucknow,Fashion,Denim Jacket,5107.17,3,0.0,15321.51,0.0,15321.51,UPI,False,5.0
ORD104784,2024-08-27,CUST0589,Aarav Joshi,South,Chennai,Electronics,Bluetooth Speaker,13015.41,1,10.0,13015.41,1301.54,11713.87,Net Banking,False,5.0
ORD100056,2024-08-27,CUST0298,Kiran Das,North,Lucknow,Home & Kitchen,Mixer Grinder,11482.67,1,0.0,11482.67,0.0,11482.67,UPI,False,1.0
ORD102491,2024-08-27,CUST0430,Zara Sharma,West,Ahmedabad,Electronics,Wireless Earbuds,16249.27,1,0.0,16249.27,0.0,16249.27,UPI,False,1.0
ORD102113,2024-08-27,CUST0191,Karthik Iyer,South,Kochi,Beauty & Personal Care,Trimmer,1996.93,1,0.0,1996.93,0.0,1996.93,UPI,False,4.0
ORD101022,2024-08-28,CUST0059,Meera Kapoor,West,Pune,Beauty & Personal Care,Perfume,3200.43,1,15.0,3200.43,480.06,2720.37,Net Banking,False,5.0
ORD102532,2024-08-28,CUST0283,Rahul Menon,East,Kolkata,Home & Kitchen,Non-Stick Cookware Set,2610.5,1,25.0,2610.5,652.62,1957.88,UPI,False,5.0
ORD103586,2024-08-28,CUST0003,Krishna Gupta,South,Bengaluru,Fashion,Backpack,668.38,3,0.0,2005.14,0.0,2005.14,UPI,False,3.0
ORD103225,2024-08-28,CUST0172,Sai Kapoor,West,Mumbai,Sports & Fitness,Cycling Helmet,5619.7,1,0.0,5619.7,0.0,5619.7,UPI,False,1.0
ORD105735,2024-08-28,CUST0624,Priya Gupta,West,Ahmedabad,Home & Kitchen,Water Purifier,7741.37,1,25.0,7741.37,1935.34,5806.03,Net Banking,False,5.0
ORD104846,2024-08-28,CUST0397,Deepak Verma,East,Patna,Electronics,Bluetooth Speaker,53882.01,1,25.0,53882.01,13470.5,40411.51,UPI,False,5.0
ORD101880,2024-08-28,CUST0130,Reyansh Iyer,South,Bengaluru,Home & Kitchen,Vacuum Cleaner,10692.11,2,20.0,21384.22,4276.84,17107.38,Net Banking,False,5.0
ORD101768,2024-08-29,CUST0060,Deepak Kumar,East,Guwahati,Beauty & Personal Care,Face Serum,3365.43,2,0.0,6730.86,0.0,6730.86,Credit Card,False,4.0
ORD105116,2024-08-29,CUST0715,Kiran Verma,South,Bengaluru,Fashion,Running Shoes,3649.72,1,0.0,3649.72,0.0,3649.72,Cash on Delivery,False,4.0
ORD102919,2024-08-29,CUST0417,Tara Desai,East,Kolkata,Beauty & Personal Care,Hair Dryer,1204.56,1,0.0,1204.56,0.0,1204.56,UPI,False,4.0
ORD105137,2024-08-29,CUST0271,Deepak Joshi,East,Guwahati,Sports & Fitness,Dumbbell Set,5499.65,1,0.0,5499.65,0.0,5499.65,Credit Card,False,3.0
ORD100778,2024-08-29,CUST0386,Nisha Pillai,North,Lucknow,Fashion,Running Shoes,1462.3,1,0.0,1462.3,0.0,1462.3,Cash on Delivery,False,5.0
ORD103771,2024-08-29,CUST0396,Lakshmi Rao,North,Lucknow,Fashion,Running Shoes,4055.61,2,10.0,8111.22,811.12,7300.1,Cash on Delivery,False,3.0
ORD100670,2024-08-29,CUST0404,Neha Singh,North,Lucknow,Fashion,Wrist Watch,2009.18,1,0.0,2009.18,0.0,2009.18,UPI,False,5.0
ORD105666,2024-08-29,CUST0030,Sneha Kumar,North,Chandigarh,Fashion,Backpack,538.5,2,5.0,1077.0,53.85,1023.15,UPI,False,5.0
ORD104544,2024-08-29,CUST0626,Kavya Kapoor,East,Patna,Sports & Fitness,Yoga Mat,7445.0,1,0.0,7445.0,0.0,7445.0,UPI,False,5.0
ORD103141,2024-08-29,CUST0145,Lakshmi Das,North,Lucknow,Electronics,Wireless Earbuds,33248.08,1,0.0,33248.08,0.0,33248.08,UPI,False,5.0
ORD105098,2024-08-29,CUST0348,Rohan Das,North,Lucknow,Electronics,Wireless Earbuds,36945.7,1,0.0,36945.7,0.0,36945.7,UPI,False,4.0
ORD101839,2024-08-30,CUST0087,Naveen Reddy,South,Chennai,Beauty & Personal Care,Skincare Kit,955.71,1,5.0,955.71,47.79,907.92,Debit Card,False,3.0
ORD105010,2024-08-30,CUST0680,Manisha Chopra,East,Guwahati,Electronics,Smartwatch,32051.1,1,10.0,32051.1,3205.11,28845.99,UPI,False,5.0
ORD104094,2024-08-30,CUST0322,Riya Malhotra,East,Guwahati,Sports & Fitness,Dumbbell Set,6544.93,1,20.0,6544.93,1308.99,5235.94,UPI,False,3.0
ORD103738,2024-08-30,CUST0238,Tara Das,North,Jaipur,Fashion,Backpack,3182.35,3,0.0,9547.05,0.0,9547.05,Credit Card,False,2.0
ORD103773,2024-08-30,CUST0182,Riya Joshi,North,Delhi,Beauty & Personal Care,Hair Dryer,2621.45,1,20.0,2621.45,524.29,2097.16,UPI,False,
ORD103205,2024-08-30,CUST0272,Nisha Iyer,East,Patna,Sports & Fitness,Yoga Mat,5342.79,1,10.0,5342.79,534.28,4808.51,UPI,False,3.0
ORD104890,2024-08-30,CUST0018,Nisha Mukherjee,West,Surat,Beauty & Personal Care,Skincare Kit,953.03,2,0.0,1906.06,0.0,1906.06,Debit Card,False,5.0
ORD105193,2024-08-30,CUST0651,Zara Reddy,South,Kochi,Fashion,Running Shoes,2918.24,1,0.0,2918.24,0.0,2918.24,Debit Card,False,5.0
ORD105133,2024-08-30,CUST0650,Rohan Gupta,West,Mumbai,Electronics,Bluetooth Speaker,45046.21,1,0.0,45046.21,0.0,45046.21,Credit Card,False,5.0
ORD100781,2024-08-30,CUST0089,Aarav Joshi,South,Chennai,Fashion,Backpack,1446.71,1,10.0,1446.71,144.67,1302.04,UPI,False,4.0
ORD101527,2024-08-30,CUST0720,Manish Das,East,Patna,Home & Kitchen,Water Purifier,8399.02,1,25.0,8399.02,2099.76,6299.26,Credit Card,False,4.0
ORD100674,2024-08-30,CUST0758,Tara Reddy,North,Chandigarh,Beauty & Personal Care,Face Serum,1964.42,1,0.0,1964.42,0.0,1964.42,Debit Card,False,4.0
ORD100507,2024-08-30,CUST0244,Tara Kapoor,South,Chennai,Beauty & Personal Care,Skincare Kit,1596.96,1,20.0,1596.96,319.39,1277.57,UPI,False,5.0
ORD101041,2024-08-30,CUST0139,Shreya Reddy,South,Bengaluru,Electronics,Smartwatch,28815.19,1,0.0,28815.19,0.0,28815.19,Debit Card,False,5.0
ORD104657,2024-08-30,CUST0154,Pooja Kapoor,North,Chandigarh,Fashion,Sunglasses,5468.65,1,0.0,5468.65,0.0,5468.65,Net Banking,False,5.0
ORD101879,2024-08-30,CUST0591,Deepak Menon,West,Mumbai,Fashion,Sunglasses,1404.59,2,0.0,2809.18,0.0,2809.18,Credit Card,False,3.0
ORD101530,2024-08-31,CUST0452,Kavya Joshi,North,Chandigarh,Beauty & Personal Care,Skincare Kit,3331.17,2,15.0,6662.34,999.35,5662.99,Debit Card,False,5.0
ORD101037,2024-08-31,CUST0735,Rohan Sharma,South,Bengaluru,Home & Kitchen,Air Fryer,5135.78,2,0.0,10271.56,0.0,10271.56,Cash on Delivery,False,4.0
ORD100278,2024-08-31,CUST0821,Saanvi Rao,West,Ahmedabad,Beauty & Personal Care,Hair Dryer,2351.52,2,0.0,4703.04,0.0,4703.04,Credit Card,False,5.0
ORD101651,2024-08-31,CUST0003,Krishna Gupta,South,Bengaluru,Home & Kitchen,Air Fryer,7188.01,1,5.0,7188.01,359.4,6828.61,Net Banking,False,4.0
ORD103303,2024-08-31,CUST0208,Vikram Bose,East,Kolkata,Beauty & Personal Care,Face Serum,2180.24,2,15.0,4360.48,654.07,3706.41,Credit Card,False,4.0
ORD100067,2024-08-31,CUST0537,Sneha Sharma,West,Surat,Electronics,Smartphone,38933.36,1,0.0,38933.36,0.0,38933.36,UPI,False,1.0
ORD100828,2024-08-31,CUST0485,Rohan Singh,West,Ahmedabad,Fashion,Wrist Watch,2222.61,1,15.0,2222.61,333.39,1889.22,Debit Card,False,5.0
ORD100955,2024-09-01,CUST0702,Manish Chopra,West,Surat,Home & Kitchen,Mixer Grinder,4869.64,1,10.0,4869.64,486.96,4382.68,UPI,False,5.0
ORD104001,2024-09-01,CUST0070,Sai Pillai,North,Jaipur,Fashion,Sunglasses,3522.02,1,5.0,3522.02,176.1,3345.92,UPI,False,4.0
ORD100554,2024-09-01,CUST0155,Karthik Verma,South,Chennai,Electronics,Bluetooth Speaker,24374.95,1,0.0,24374.95,0.0,24374.95,Credit Card,False,4.0
ORD104581,2024-09-01,CUST0041,Krishna Menon,North,Lucknow,Beauty & Personal Care,Face Serum,2844.94,1,0.0,2844.94,0.0,2844.94,UPI,False,2.0
ORD102744,2024-09-01,CUST0547,Priya Nair,South,Kochi,Sports & Fitness,Dumbbell Set,4549.76,1,5.0,4549.76,227.49,4322.27,Credit Card,False,5.0
ORD100188,2024-09-01,CUST0477,Meera Singh,South,Hyderabad,Fashion,Wrist Watch,714.98,1,25.0,714.98,178.74,536.24,Cash on Delivery,False,5.0
ORD101887,2024-09-02,CUST0202,Arjun Nair,North,Lucknow,Fashion,Sunglasses,592.11,1,0.0,592.11,0.0,592.11,Credit Card,False,1.0
ORD105338,2024-09-02,CUST0152,Swati Malhotra,East,Patna,Sports & Fitness,Yoga Mat,3969.16,1,5.0,3969.16,198.46,3770.7,UPI,False,5.0
ORD105171,2024-09-02,CUST0333,Suresh Kapoor,West,Mumbai,Beauty & Personal Care,Hair Dryer,1866.15,2,0.0,3732.3,0.0,3732.3,Debit Card,False,3.0
ORD101657,2024-09-02,CUST0202,Arjun Nair,North,Lucknow,Electronics,Smartphone,39961.2,1,0.0,39961.2,0.0,39961.2,UPI,False,4.0
ORD104560,2024-09-02,CUST0148,Rahul Sharma,East,Patna,Beauty & Personal Care,Perfume,1176.54,1,20.0,1176.54,235.31,941.23,Debit Card,False,4.0
ORD102866,2024-09-02,CUST0514,Manish Das,East,Patna,Beauty & Personal Care,Perfume,838.88,2,0.0,1677.76,0.0,1677.76,Credit Card,False,1.0
ORD101321,2024-09-03,CUST0322,Riya Malhotra,East,Guwahati,Home & Kitchen,Mixer Grinder,12139.1,2,0.0,24278.2,0.0,24278.2,Credit Card,False,5.0
ORD101042,2024-09-03,CUST0202,Arjun Nair,North,Lucknow,Electronics,Wireless Earbuds,46216.48,1,0.0,46216.48,0.0,46216.48,Credit Card,False,5.0
ORD100661,2024-09-03,CUST0698,Swati Chopra,West,Pune,Sports & Fitness,Fitness Band,3304.31,1,10.0,3304.31,330.43,2973.88,Net Banking,False,5.0
ORD105342,2024-09-03,CUST0275,Naveen Singh,East,Guwahati,Electronics,Smartphone,43605.55,2,20.0,87211.1,17442.22,69768.88,Credit Card,False,5.0
ORD105560,2024-09-03,CUST0007,Karthik Verma,North,Jaipur,Home & Kitchen,Vacuum Cleaner,1065.94,1,5.0,1065.94,53.3,1012.64,Credit Card,False,4.0
ORD100261,2024-09-03,CUST0680,Manisha Chopra,East,Guwahati,Fashion,Denim Jacket,5791.59,1,0.0,5791.59,0.0,5791.59,Credit Card,False,5.0
ORD103098,2024-09-03,CUST0591,Deepak Menon,West,Mumbai,Electronics,Wireless Earbuds,6809.94,2,0.0,13619.88,0.0,13619.88,Credit Card,False,3.0
ORD105021,2024-09-04,CUST0478,Arjun Kapoor,South,Chennai,Sports & Fitness,Yoga Mat,821.56,3,10.0,2464.68,246.47,2218.21,Cash on Delivery,False,4.0
ORD100843,2024-09-04,CUST0407,Vivaan Desai,North,Delhi,Beauty & Personal Care,Skincare Kit,1998.97,1,20.0,1998.97,399.79,1599.18,Credit Card,False,4.0
ORD105026,2024-09-04,CUST0610,Sanjay Rao,South,Kochi,Electronics,Laptop,27575.0,1,10.0,27575.0,2757.5,24817.5,UPI,False,5.0
ORD101710,2024-09-04,CUST0075,Isha Patel,North,Jaipur,Sports & Fitness,Resistance Bands,6739.84,2,0.0,13479.68,0.0,13479.68,UPI,False,4.0
ORD103353,2024-09-04,CUST0412,Vivaan Kapoor,West,Mumbai,Electronics,Bluetooth Speaker,49801.46,2,5.0,99602.92,4980.15,94622.77,Credit Card,False,5.0
ORD105996,2024-09-04,CUST0137,Rahul Sharma,East,Guwahati,Sports & Fitness,Dumbbell Set,5789.79,3,0.0,17369.37,0.0,17369.37,Credit Card,False,1.0
ORD103025,2024-09-04,CUST0528,Swati Joshi,West,Pune,Home & Kitchen,Vacuum Cleaner,12915.45,1,25.0,12915.45,3228.86,9686.59,Credit Card,False,5.0
ORD103683,2024-09-05,CUST0448,Anil Chopra,South,Chennai,Electronics,Smartwatch,7768.71,1,0.0,7768.71,0.0,7768.71,UPI,False,4.0
ORD104651,2024-09-05,CUST0274,Naveen Desai,West,Pune,Electronics,Smartphone,15001.61,1,5.0,15001.61,750.08,14251.53,UPI,False,4.0
ORD100396,2024-09-05,CUST0535,Aditya Kumar,North,Jaipur,Electronics,Wireless Earbuds,41259.68,1,0.0,41259.68,0.0,41259.68,Net Banking,False,4.0
ORD100868,2024-09-05,CUST0439,Diya Iyer,West,Surat,Home & Kitchen,Air Fryer,6440.52,1,0.0,6440.52,0.0,6440.52,UPI,False,5.0
ORD103581,2024-09-05,CUST0271,Deepak Joshi,East,Guwahati,Sports & Fitness,Cycling Helmet,553.68,2,0.0,1107.36,0.0,1107.36,Credit Card,False,5.0
ORD100868,2024-09-05,CUST0439,Diya Iyer,West,Surat,Home & Kitchen,Air Fryer,6440.52,1,0.0,6440.52,0.0,6440.52,UPI,False,5.0
ORD105400,2024-09-06,CUST0792,Shreya Kumar,West,Ahmedabad,Electronics,Smartwatch,9673.86,1,10.0,9673.86,967.39,8706.47,Debit Card,False,3.0
ORD103935,2024-09-06,CUST0427,Suresh Kumar,West,Surat,Beauty & Personal Care,Trimmer,675.57,2,10.0,1351.14,135.11,1216.03,Credit Card,False,4.0
ORD103634,2024-09-06,CUST0233,Diya Das,South,Bengaluru,Fashion,Sunglasses,4416.43,1,0.0,4416.43,0.0,4416.43,Net Banking,False,5.0
ORD101602,2024-09-06,CUST0239,Kiran Pillai,East,Patna,Fashion,Backpack,3827.09,1,25.0,3827.09,956.77,2870.32,Debit Card,False,5.0
ORD105521,2024-09-06,CUST0449,Anil Mukherjee,North,Chandigarh,Sports & Fitness,Fitness Band,3751.21,1,0.0,3751.21,0.0,3751.21,Debit Card,False,5.0
ORD103498,2024-09-06,CUST0413,Ananya Singh,East,Bhubaneswar,Sports & Fitness,Resistance Bands,6053.35,1,0.0,6053.35,0.0,6053.35,Credit Card,False,4.0
ORD104441,2024-09-06,CUST0716,Kavya Chopra,West,Ahmedabad,Sports & Fitness,Dumbbell Set,1899.49,1,0.0,1899.49,0.0,1899.49,UPI,False,4.0
ORD101704,2024-09-06,CUST0202,Arjun Nair,North,Lucknow,Home & Kitchen,Vacuum Cleaner,7118.18,1,15.0,7118.18,1067.73,6050.45,Net Banking,False,5.0
ORD100994,2024-09-07,CUST0750,Pooja Verma,North,Chandigarh,Electronics,Smartphone,7801.57,1,0.0,7801.57,0.0,7801.57,Credit Card,False,1.0
ORD102918,2024-09-07,CUST0813,Karthik Iyer,East,Kolkata,Fashion,Sunglasses,3593.62,1,0.0,3593.62,0.0,3593.62,Credit Card,False,4.0
ORD103419,2024-09-07,CUST0649,Priya Pillai,South,Kochi,Electronics,Laptop,48179.4,2,0.0,96358.8,0.0,96358.8,UPI,False,4.0
ORD103470,2024-09-07,CUST0247,Anil Desai,North,Chandigarh,Fashion,Denim Jacket,2361.3,1,0.0,2361.3,0.0,2361.3,Debit Card,False,5.0
ORD103768,2024-09-07,CUST0304,Saanvi Joshi,South,Kochi,Electronics,Laptop,45441.94,1,5.0,45441.94,2272.1,43169.84,UPI,False,5.0
ORD104340,2024-09-07,CUST0725,Sai Joshi,North,Lucknow,Sports & Fitness,Dumbbell Set,634.53,1,5.0,634.53,31.73,602.8,UPI,False,5.0
ORD104363,2024-09-08,CUST0733,Vihaan Das,East,Patna,Home & Kitchen,Non-Stick Cookware Set,7030.71,1,25.0,7030.71,1757.68,5273.03,UPI,False,5.0
ORD105162,2024-09-08,CUST0112,Diya Reddy,East,Bhubaneswar,Electronics,Laptop,18581.36,2,5.0,37162.72,1858.14,35304.58,UPI,False,5.0
ORD103714,2024-09-08,CUST0530,Kavya Joshi,South,Bengaluru,Home & Kitchen,Mixer Grinder,2311.14,1,15.0,2311.14,346.67,1964.47,Debit Card,False,5.0
ORD101092,2024-09-08,CUST0225,Reyansh Nair,North,Lucknow,Electronics,Smartwatch,52403.24,1,0.0,52403.24,0.0,52403.24,Credit Card,False,4.0
ORD101679,2024-09-08,CUST0487,Krishna Kapoor,West,Mumbai,Fashion,Wrist Watch,1478.09,1,0.0,1478.09,0.0,1478.09,Cash on Delivery,False,4.0
ORD105637,2024-09-08,CUST0061,Isha Joshi,East,Guwahati,Electronics,Smartwatch,6488.64,2,15.0,12977.28,1946.59,11030.69,Net Banking,False,4.0
ORD100442,2024-09-08,CUST0449,Anil Mukherjee,North,Chandigarh,Fashion,Sunglasses,475.17,1,0.0,475.17,0.0,475.17,Credit Card,True,4.0
ORD102079,2024-09-08,CUST0220,Vivaan Joshi,North,Chandigarh,Fashion,Running Shoes,1987.42,1,,1987.42,0.0,1987.42,Credit Card,False,3.0
ORD105627,2024-09-08,CUST0409,Vihaan Kapoor,South,Chennai,Fashion,Sunglasses,4929.25,1,0.0,4929.25,0.0,4929.25,Debit Card,False,3.0
ORD105554,2024-09-08,CUST0657,Aarav Malhotra,North,Lucknow,Electronics,Bluetooth Speaker,11561.54,1,5.0,11561.54,578.08,10983.46,UPI,False,4.0
ORD104558,2024-09-08,CUST0606,Swati Kumar,South,Chennai,Electronics,Bluetooth Speaker,29788.15,1,5.0,29788.15,1489.41,28298.74,UPI,False,5.0
ORD103255,2024-09-08,CUST0063,Pooja Nair,West,Pune,Fashion,Backpack,1509.52,1,10.0,1509.52,150.95,1358.57,Cash on Delivery,False,5.0
ORD102448,2024-09-08,CUST0728,Pooja Verma,North,Lucknow,Home & Kitchen,Vacuum Cleaner,8915.97,3,10.0,26747.91,2674.79,24073.12,Credit Card,False,5.0
ORD100574,2024-09-09,CUST0509,Divya Desai,West,Ahmedabad,Home & Kitchen,Mixer Grinder,4238.85,1,0.0,4238.85,0.0,4238.85,Credit Card,False,5.0
ORD105628,2024-09-09,CUST0847,Vivaan Reddy,South,Hyderabad,Fashion,Running Shoes,1647.2,1,0.0,1647.2,0.0,1647.2,UPI,False,2.0
ORD104155,2024-09-09,CUST0185,Diya Sharma,North,Jaipur,Sports & Fitness,Resistance Bands,7515.17,1,20.0,7515.17,1503.03,6012.14,Cash on Delivery,False,3.0
ORD101712,2024-09-09,CUST0157,Vivaan Das,North,Lucknow,Home & Kitchen,Non-Stick Cookware Set,13257.88,1,10.0,13257.88,1325.79,11932.09,Debit Card,False,3.0
ORD101850,2024-09-09,CUST0589,Aarav Joshi,South,Chennai,Fashion,Wrist Watch,5257.38,1,10.0,5257.38,525.74,4731.64,UPI,False,5.0
ORD104799,2024-09-09,CUST0057,Deepak Malhotra,West,Surat,Home & Kitchen,Water Purifier,1986.14,1,0.0,1986.14,0.0,1986.14,Debit Card,False,5.0
ORD103206,2024-09-09,CUST0781,Sanjay Mukherjee,West,Surat,Fashion,Sunglasses,1508.76,1,10.0,1508.76,150.88,1357.88,Credit Card,False,4.0
ORD101016,2024-09-10,CUST0442,Ananya Patel,West,Mumbai,Beauty & Personal Care,Skincare Kit,1032.23,1,5.0,1032.23,51.61,980.62,Net Banking,False,4.0
ORD101084,2024-09-10,CUST0588,Vivaan Menon,South,Bengaluru,Beauty & Personal Care,Skincare Kit,675.1,1,0.0,675.1,0.0,675.1,Debit Card,False,5.0
ORD103699,2024-09-10,CUST0304,Saanvi Joshi,South,Kochi,Sports & Fitness,Fitness Band,1187.08,1,0.0,1187.08,0.0,1187.08,Credit Card,False,4.0
ORD102277,2024-09-10,CUST0831,Naveen Pillai,North,Lucknow,Fashion,Backpack,3072.37,2,5.0,6144.74,307.24,5837.5,Cash on Delivery,False,4.0
ORD104077,2024-09-10,CUST0731,Ramesh Nair,South,Bengaluru,Electronics,Wireless Earbuds,37252.15,1,10.0,37252.15,3725.22,33526.93,Net Banking,True,2.0
ORD101410,2024-09-10,CUST0499,Swati Patel,South,Hyderabad,Fashion,Sunglasses,5281.35,1,10.0,5281.35,528.14,4753.21,Debit Card,False,5.0
ORD101561,2024-09-11,CUST0198,Rahul Gupta,North,Chandigarh,Sports & Fitness,Yoga Mat,7812.42,2,0.0,15624.84,0.0,15624.84,Net Banking,False,2.0
ORD104981,2024-09-11,CUST0526,Tara Das,South,Bengaluru,Electronics,Smartphone,8333.47,1,5.0,8333.47,416.67,7916.8,Cash on Delivery,False,5.0
ORD104323,2024-09-11,CUST0728,Pooja Verma,North,Lucknow,Fashion,Sunglasses,4785.41,1,0.0,4785.41,0.0,4785.41,Credit Card,False,4.0
ORD105969,2024-09-11,CUST0458,Swati Singh,West,Ahmedabad,Home & Kitchen,Mixer Grinder,9772.45,2,0.0,19544.9,0.0,19544.9,Debit Card,False,5.0
ORD105056,2024-09-11,CUST0263,Manisha Joshi,South,Chennai,Sports & Fitness,Fitness Band,2919.66,2,15.0,5839.32,875.9,4963.42,UPI,False,2.0
ORD101775,2024-09-11,CUST0151,Neha Iyer,West,Surat,Beauty & Personal Care,Trimmer,2374.54,1,0.0,2374.54,0.0,2374.54,Credit Card,False,4.0
ORD103751,2024-09-12,CUST0262,Arjun Reddy,East,Patna,Fashion,Sunglasses,3444.42,1,15.0,3444.42,516.66,2927.76,Debit Card,False,5.0
ORD100032,2024-09-12,CUST0651,Zara Reddy,South,Kochi,Fashion,Denim Jacket,943.3,1,5.0,943.3,47.16,896.14,Net Banking,False,4.0
ORD100752,2024-09-12,CUST0647,Ramesh Das,North,Jaipur,Home & Kitchen,Non-Stick Cookware Set,12466.86,1,0.0,12466.86,0.0,12466.86,Credit Card,True,5.0
ORD102055,2024-09-12,CUST0275,Naveen Singh,East,Guwahati,Sports & Fitness,Yoga Mat,7999.8,1,5.0,7999.8,399.99,7599.81,Credit Card,False,2.0
ORD104923,2024-09-12,CUST0227,Anil Nair,West,Ahmedabad,Electronics,Smartwatch,26708.26,1,0.0,26708.26,0.0,26708.26,Credit Card,False,3.0
ORD100297,2024-09-12,CUST0820,Krishna Joshi,East,Bhubaneswar,Home & Kitchen,Non-Stick Cookware Set,13588.72,1,0.0,13588.72,0.0,13588.72,Credit Card,False,5.0
ORD100788,2024-09-12,CUST0563,Sneha Pillai,West,Mumbai,Sports & Fitness,Resistance Bands,1274.97,2,20.0,2549.94,509.99,2039.95,Cash on Delivery,False,5.0
ORD100662,2024-09-12,CUST0179,Divya Singh,West,Pune,Fashion,Denim Jacket,3815.4,1,0.0,3815.4,0.0,3815.4,Credit Card,False,5.0
ORD102837,2024-09-12,CUST0120,Manisha Singh,West,Pune,Electronics,Smartwatch,23201.13,1,0.0,23201.13,0.0,23201.13,UPI,False,3.0
ORD103801,2024-09-13,CUST0394,Krishna Singh,South,Chennai,Home & Kitchen,Mixer Grinder,6853.69,2,0.0,13707.38,0.0,13707.38,UPI,False,4.0
ORD102280,2024-09-13,CUST0816,Suresh Pillai,North,Chandigarh,Electronics,Wireless Earbuds,37834.48,1,5.0,37834.48,1891.72,35942.76,UPI,False,3.0
ORD102801,2024-09-13,CUST0553,Tara Nair,East,Bhubaneswar,Fashion,Running Shoes,3932.13,1,0.0,3932.13,0.0,3932.13,UPI,False,5.0
ORD105178,2024-09-13,CUST0612,Tara Reddy,North,Lucknow,Beauty & Personal Care,Face Serum,2533.55,2,10.0,5067.1,506.71,4560.39,Debit Card,False,5.0
ORD101094,2024-09-13,CUST0300,Zara Chopra,West,Pune,Beauty & Personal Care,Perfume,288.46,1,15.0,288.46,43.27,245.19,Debit Card,False,5.0
ORD100832,2024-09-13,CUST0675,Zara Das,North,Delhi,Home & Kitchen,Mixer Grinder,3300.52,1,20.0,3300.52,660.1,2640.42,UPI,False,2.0
ORD100972,2024-09-14,CUST0335,Vivaan Menon,East,Guwahati,Beauty & Personal Care,Trimmer,1588.23,1,0.0,1588.23,0.0,1588.23,Cash on Delivery,False,3.0
ORD104787,2024-09-14,CUST0182,Riya Joshi,North,Delhi,Electronics,Smartwatch,17081.5,1,0.0,17081.5,0.0,17081.5,UPI,False,2.0
ORD103094,2024-09-14,CUST0343,Vikram Kapoor,East,Patna,Fashion,Sunglasses,1964.75,1,10.0,1964.75,196.48,1768.27,Cash on Delivery,False,1.0
ORD104951,2024-09-14,CUST0831,Naveen Pillai,North,Lucknow,Beauty & Personal Care,Hair Dryer,3046.29,1,10.0,3046.29,304.63,2741.66,UPI,False,4.0
ORD104356,2024-09-15,CUST0606,Swati Kumar,South,Chennai,Home & Kitchen,Non-Stick Cookware Set,1851.75,1,0.0,1851.75,0.0,1851.75,Net Banking,True,1.0
ORD102130,2024-09-15,CUST0307,Rohan Mukherjee,South,Kochi,Electronics,Smartphone,1357.85,1,0.0,1357.85,0.0,1357.85,Credit Card,False,4.0
ORD104122,2024-09-15,CUST0653,Aditya Chopra,West,Pune,Sports & Fitness,Dumbbell Set,3847.97,1,15.0,3847.97,577.2,3270.77,Net Banking,False,4.0
ORD101633,2024-09-15,CUST0327,Swati Verma,South,Chennai,Fashion,Wrist Watch,4688.93,2,20.0,9377.86,1875.57,7502.29,Credit Card,False,4.0
ORD104307,2024-09-15,CUST0534,Krishna Gupta,West,Surat,Electronics,Smartphone,24172.73,3,0.0,72518.19,0.0,72518.19,Cash on Delivery,False,5.0
ORD104963,2024-09-15,CUST0492,Swati Menon,North,Jaipur,Beauty & Personal Care,Face Serum,3053.92,1,5.0,3053.92,152.7,2901.22,UPI,True,1.0
ORD100186,2024-09-15,CUST0018,Nisha Mukherjee,West,Surat,Electronics,Laptop,20706.98,1,25.0,20706.98,5176.74,15530.24,Debit Card,True,4.0
ORD105065,2024-09-15,CUST0691,Vikram Kapoor,West,Pune,Home & Kitchen,Non-Stick Cookware Set,14807.28,1,10.0,14807.28,1480.73,13326.55,UPI,False,5.0
ORD103359,2024-09-15,CUST0389,Anil Nair,South,Hyderabad,Beauty & Personal Care,Hair Dryer,681.25,1,0.0,681.25,0.0,681.25,Net Banking,False,3.0
ORD105557,2024-09-15,CUST0062,Pooja Gupta,South,Kochi,Sports & Fitness,Cycling Helmet,2571.76,3,0.0,7715.28,0.0,7715.28,Credit Card,False,4.0
ORD100307,2024-09-15,CUST0228,Rohan Reddy,South,Kochi,Home & Kitchen,Mixer Grinder,8125.4,1,0.0,8125.4,0.0,8125.4,Credit Card,False,4.0
ORD101103,2024-09-15,CUST0033,Meera Singh,South,Hyderabad,Beauty & Personal Care,Perfume,2650.31,1,5.0,2650.31,132.52,2517.79,UPI,False,5.0
ORD104647,2024-09-15,CUST0687,Diya Kumar,South,Chennai,Fashion,Sunglasses,5152.01,1,20.0,5152.01,1030.4,4121.61,Net Banking,False,2.0
ORD102552,2024-09-15,CUST0569,Riya Malhotra,East,Guwahati,Beauty & Personal Care,Face Serum,333.42,1,15.0,333.42,50.01,283.41,Cash on Delivery,False,5.0
ORD105422,2024-09-15,CUST0499,Swati Patel,South,Hyderabad,Electronics,Bluetooth Speaker,30660.14,1,5.0,30660.14,1533.01,29127.13,Credit Card,True,5.0
ORD104018,2024-09-16,CUST0574,Vihaan Chopra,West,Pune,Electronics,Laptop,23522.11,2,0.0,47044.22,0.0,47044.22,Credit Card,False,2.0
ORD100354,2024-09-16,CUST0699,Pooja Joshi,North,Chandigarh,Beauty & Personal Care,Hair Dryer,2881.81,2,0.0,5763.62,0.0,5763.62,Cash on Delivery,False,4.0
ORD104567,2024-09-16,CUST0823,Karthik Reddy,East,Bhubaneswar,Beauty & Personal Care,Trimmer,837.66,1,20.0,837.66,167.53,670.13,Credit Card,True,2.0
ORD104597,2024-09-16,CUST0144,Sai Iyer,South,Bengaluru,Fashion,Wrist Watch,4461.59,1,15.0,4461.59,669.24,3792.35,Debit Card,False,5.0
ORD103138,2024-09-16,CUST0337,Sneha Rao,North,Jaipur,Fashion,Sunglasses,1911.43,1,0.0,1911.43,0.0,1911.43,Net Banking,False,3.0
ORD103469,2024-09-16,CUST0404,Neha Singh,North,Lucknow,Beauty & Personal Care,Skincare Kit,3435.67,1,15.0,3435.67,515.35,2920.32,UPI,False,3.0
ORD105115,2024-09-17,CUST0399,Shreya Rao,West,Pune,Sports & Fitness,Yoga Mat,3598.91,1,15.0,3598.91,539.84,3059.07,Credit Card,False,5.0
ORD103808,2024-09-17,CUST0017,Reyansh Patel,West,Mumbai,Fashion,Wrist Watch,667.13,1,5.0,667.13,33.36,633.77,Net Banking,False,4.0
ORD104675,2024-09-17,CUST0751,Kavya Desai,North,Delhi,Electronics,Bluetooth Speaker,40086.84,1,25.0,40086.84,10021.71,30065.13,Credit Card,False,3.0
ORD104518,2024-09-17,CUST0522,Zara Singh,West,Ahmedabad,Fashion,Backpack,1575.05,2,20.0,3150.1,630.02,2520.08,Credit Card,False,5.0
ORD101823,2024-09-17,CUST0622,Deepak Kapoor,South,Bengaluru,Fashion,Denim Jacket,1152.92,1,5.0,1152.92,57.65,1095.27,Credit Card,False,5.0
ORD102761,2024-09-17,CUST0231,Kiran Mukherjee,East,Bhubaneswar,Sports & Fitness,Cycling Helmet,4955.32,3,25.0,14865.96,3716.49,11149.47,Debit Card,False,4.0
ORD105146,2024-09-17,CUST0175,Arjun Gupta,North,Lucknow,Home & Kitchen,Air Fryer,12997.45,1,0.0,12997.45,0.0,12997.45,Debit Card,False,1.0
ORD104402,2024-09-18,CUST0523,Reyansh Sharma,West,Ahmedabad,Sports & Fitness,Yoga Mat,6264.34,1,10.0,6264.34,626.43,5637.91,Cash on Delivery,True,5.0
ORD104270,2024-09-18,CUST0283,Rahul Menon,East,Kolkata,Electronics,Laptop,44068.48,1,15.0,44068.48,6610.27,37458.21,Net Banking,False,4.0
ORD102606,2024-09-18,CUST0812,Vihaan Rao,West,Pune,Fashion,Wrist Watch,2771.57,2,15.0,5543.14,831.47,4711.67,UPI,False,3.0
ORD101109,2024-09-18,CUST0754,Riya Pillai,North,Jaipur,Sports & Fitness,Cycling Helmet,4973.48,1,0.0,4973.48,0.0,4973.48,Net Banking,False,5.0
ORD101955,2024-09-18,CUST0588,Vivaan Menon,South,Bengaluru,Home & Kitchen,Mixer Grinder,14450.62,3,20.0,43351.86,8670.37,34681.49,Debit Card,False,4.0
ORD105646,2024-09-18,CUST0359,Manish Mukherjee,North,Chandigarh,Beauty & Personal Care,Hair Dryer,2080.78,1,20.0,2080.78,416.16,1664.62,Debit Card,False,5.0
ORD104156,2024-09-19,CUST0849,Kavya Gupta,South,Hyderabad,Sports & Fitness,Resistance Bands,1113.43,1,0.0,1113.43,0.0,1113.43,UPI,False,3.0
ORD102864,2024-09-19,CUST0684,Ananya Patel,North,Lucknow,Home & Kitchen,Air Fryer,1440.18,1,0.0,1440.18,0.0,1440.18,Net Banking,False,4.0
ORD100516,2024-09-19,CUST0562,Sanjay Patel,South,Chennai,Beauty & Personal Care,Perfume,482.96,1,0.0,482.96,0.0,482.96,Credit Card,False,5.0
ORD104006,2024-09-19,CUST0298,Kiran Das,North,Lucknow,Fashion,Denim Jacket,4550.7,1,25.0,4550.7,1137.68,3413.02,UPI,False,2.0
ORD104705,2024-09-19,CUST0060,Deepak Kumar,East,Guwahati,Fashion,Wrist Watch,4677.83,1,0.0,4677.83,0.0,4677.83,Debit Card,False,5.0
ORD103782,2024-09-19,CUST0114,Divya Joshi,South,Chennai,Fashion,Denim Jacket,5858.84,1,5.0,5858.84,292.94,5565.9,Cash on Delivery,False,5.0
ORD102647,2024-09-19,CUST0200,Sanjay Reddy,East,Patna,Sports & Fitness,Fitness Band,5473.3,1,15.0,5473.3,821.0,4652.3,Net Banking,False,2.0
ORD100469,2024-09-20,CUST0112,Diya Reddy,East,Bhubaneswar,Beauty & Personal Care,Skincare Kit,2560.52,1,5.0,2560.52,128.03,2432.49,Credit Card,False,4.0
ORD105707,2024-09-20,CUST0810,Reyansh Menon,East,Bhubaneswar,Home & Kitchen,Mixer Grinder,6011.41,1,10.0,6011.41,601.14,5410.27,UPI,False,4.0
ORD104132,2024-09-20,CUST0442,Ananya Patel,West,Mumbai,Sports & Fitness,Resistance Bands,7655.69,1,10.0,7655.69,765.57,6890.12,UPI,False,5.0
ORD102612,2024-09-20,CUST0176,Vihaan Rao,North,Jaipur,Home & Kitchen,Water Purifier,10459.25,1,0.0,10459.25,0.0,10459.25,Credit Card,False,4.0
ORD101067,2024-09-21,CUST0377,Vikram Verma,South,Kochi,Electronics,Bluetooth Speaker,22352.92,1,0.0,22352.92,0.0,22352.92,Debit Card,False,4.0
ORD103435,2024-09-21,CUST0458,Swati Singh,West,Ahmedabad,Sports & Fitness,Fitness Band,1357.39,1,5.0,1357.39,67.87,1289.52,Net Banking,False,5.0
ORD101178,2024-09-21,CUST0085,Riya Das,North,Jaipur,Beauty & Personal Care,Perfume,446.4,1,25.0,446.4,111.6,334.8,Debit Card,False,4.0
ORD100905,2024-09-21,CUST0306,Anil Verma,South,Kochi,Sports & Fitness,Resistance Bands,503.7,1,15.0,503.7,75.56,428.14,Debit Card,False,5.0
ORD104490,2024-09-21,CUST0660,Vikram Nair,South,Chennai,Home & Kitchen,Vacuum Cleaner,11984.79,1,0.0,11984.79,0.0,11984.79,Cash on Delivery,False,5.0
ORD100119,2024-09-21,CUST0410,Sai Das,North,Chandigarh,Electronics,Laptop,31003.58,1,0.0,31003.58,0.0,31003.58,Credit Card,False,4.0
ORD100027,2024-09-21,CUST0690,Ananya Verma,East,Guwahati,Home & Kitchen,Water Purifier,1384.71,1,0.0,1384.71,0.0,1384.71,UPI,False,4.0
ORD102004,2024-09-21,CUST0683,Lakshmi Verma,East,Bhubaneswar,Fashion,Running Shoes,5437.08,1,0.0,5437.08,0.0,5437.08,Net Banking,False,5.0
ORD102210,2024-09-21,CUST0522,Zara Singh,West,Ahmedabad,Fashion,Sunglasses,4655.56,1,0.0,4655.56,0.0,4655.56,Credit Card,False,5.0
ORD101796,2024-09-21,CUST0454,Suresh Kapoor,West,Mumbai,Beauty & Personal Care,Face Serum,1916.45,1,15.0,1916.45,287.47,1628.98,UPI,False,5.0
ORD100160,2024-09-21,CUST0778,Ananya Chopra,East,Kolkata,Beauty & Personal Care,Face Serum,1256.63,2,10.0,2513.26,251.33,2261.93,UPI,False,3.0
ORD104974,2024-09-22,CUST0311,Ananya Das,West,Mumbai,Fashion,Running Shoes,504.9,1,10.0,504.9,50.49,454.41,UPI,False,2.0
ORD101433,2024-09-22,CUST0569,Riya Malhotra,East,Guwahati,Fashion,Running Shoes,3241.02,1,20.0,3241.02,648.2,2592.82,Net Banking,False,4.0
ORD104415,2024-09-22,CUST0406,Vikram Rao,North,Lucknow,Electronics,Smartphone,7074.26,2,15.0,14148.52,2122.28,12026.24,Credit Card,False,4.0
ORD104334,2024-09-22,CUST0324,Aarav Joshi,East,Guwahati,Beauty & Personal Care,Perfume,685.98,1,0.0,685.98,0.0,685.98,Credit Card,False,5.0
ORD100439,2024-09-22,CUST0321,Rohan Joshi,North,Chandigarh,Beauty & Personal Care,Perfume,1605.43,1,0.0,1605.43,0.0,1605.43,Net Banking,False,4.0
ORD102304,2024-09-22,CUST0715,Kiran Verma,South,Bengaluru,Fashion,Denim Jacket,3225.12,1,15.0,3225.12,483.77,2741.35,UPI,False,5.0
ORD101586,2024-09-22,CUST0391,Saanvi Kapoor,East,Kolkata,Fashion,Backpack,1699.23,1,,1699.23,0.0,1699.23,Debit Card,False,4.0
ORD102279,2024-09-22,CUST0072,Naveen Gupta,North,Chandigarh,Fashion,Backpack,3824.9,1,0.0,3824.9,0.0,3824.9,Cash on Delivery,False,4.0
ORD101287,2024-09-22,CUST0768,Reyansh Iyer,North,Delhi,Beauty & Personal Care,Trimmer,3293.85,1,5.0,3293.85,164.69,3129.16,Net Banking,False,3.0
ORD105954,2024-09-22,CUST0788,Vikram Patel,North,Delhi,Beauty & Personal Care,Face Serum,1881.55,1,0.0,1881.55,0.0,1881.55,UPI,False,3.0
ORD105664,2024-09-23,CUST0410,Sai Das,North,Chandigarh,Home & Kitchen,Non-Stick Cookware Set,14689.04,1,0.0,14689.04,0.0,14689.04,UPI,False,3.0
ORD102951,2024-09-23,CUST0434,Vikram Rao,West,Mumbai,Home & Kitchen,Air Fryer,11040.85,1,0.0,11040.85,0.0,11040.85,Debit Card,False,2.0
ORD101978,2024-09-23,CUST0715,Kiran Verma,South,Bengaluru,Fashion,Wrist Watch,5932.8,1,15.0,5932.8,889.92,5042.88,Net Banking,False,5.0
ORD105109,2024-09-23,CUST0734,Diya Das,North,Delhi,Sports & Fitness,Fitness Band,2421.75,1,10.0,2421.75,242.18,2179.57,Credit Card,True,5.0
ORD104135,2024-09-23,CUST0618,Priya Rao,North,Jaipur,Home & Kitchen,Non-Stick Cookware Set,8086.8,1,10.0,8086.8,808.68,7278.12,Net Banking,False,3.0
ORD104114,2024-09-23,CUST0306,Anil Verma,South,Kochi,Beauty & Personal Care,Hair Dryer,2424.75,1,20.0,2424.75,484.95,1939.8,Net Banking,False,4.0
ORD105922,2024-09-24,CUST0322,Riya Malhotra,East,Guwahati,Sports & Fitness,Cycling Helmet,356.5,1,0.0,356.5,0.0,356.5,UPI,False,3.0
ORD100923,2024-09-24,CUST0495,Vihaan Reddy,North,Chandigarh,Sports & Fitness,Cycling Helmet,5670.92,1,20.0,5670.92,1134.18,4536.74,Cash on Delivery,False,5.0
ORD104085,2024-09-24,CUST0047,Ishaan Singh,North,Delhi,Electronics,Bluetooth Speaker,12788.76,1,15.0,12788.76,1918.31,10870.45,Credit Card,False,2.0
ORD105813,2024-09-24,CUST0476,Vikram Desai,West,Mumbai,Sports & Fitness,Yoga Mat,7530.68,1,15.0,7530.68,1129.6,6401.08,UPI,False,3.0
ORD101395,2024-09-24,CUST0639,Vihaan Chopra,West,Pune,Fashion,Running Shoes,1620.79,1,0.0,1620.79,0.0,1620.79,Credit Card,False,1.0
ORD103393,2024-09-24,CUST0208,Vikram Bose,East,Kolkata,Sports & Fitness,Resistance Bands,7684.44,2,5.0,15368.88,768.44,14600.44,UPI,False,4.0
ORD104721,2024-09-24,CUST0060,Deepak Kumar,East,Guwahati,Fashion,Sunglasses,3308.19,1,15.0,3308.19,496.23,2811.96,Debit Card,False,3.0
ORD104240,2024-09-24,CUST0437,Kavya Menon,South,Kochi,Beauty & Personal Care,Skincare Kit,1225.88,1,15.0,1225.88,183.88,1042.0,Credit Card,False,4.0
ORD103438,2024-09-24,CUST0220,Vivaan Joshi,North,Chandigarh,Home & Kitchen,Non-Stick Cookware Set,7317.71,1,0.0,7317.71,0.0,7317.71,Net Banking,False,4.0
ORD105877,2024-09-24,CUST0564,Divya Desai,South,Bengaluru,Home & Kitchen,Water Purifier,13263.53,1,15.0,13263.53,1989.53,11274.0,Credit Card,False,4.0
ORD104737,2024-09-24,CUST0099,Priya Iyer,South,Hyderabad,Sports & Fitness,Cycling Helmet,938.28,1,0.0,938.28,0.0,938.28,Debit Card,False,4.0
ORD103463,2024-09-25,CUST0271,Deepak Joshi,East,Guwahati,Electronics,Smartwatch,52255.6,1,0.0,52255.6,0.0,52255.6,Credit Card,False,5.0
ORD101118,2024-09-25,CUST0755,Naveen Kapoor,North,Lucknow,Fashion,Running Shoes,4739.19,1,0.0,4739.19,0.0,4739.19,Debit Card,False,5.0
ORD101276,2024-09-25,CUST0097,Priya Sharma,South,Chennai,Home & Kitchen,Non-Stick Cookware Set,8513.73,1,0.0,8513.73,0.0,8513.73,Net Banking,False,4.0
ORD101065,2024-09-25,CUST0460,Sai Rao,West,Ahmedabad,Fashion,Backpack,3149.18,1,0.0,3149.18,0.0,3149.18,UPI,False,5.0
ORD100418,2024-09-25,CUST0018,Nisha Mukherjee,West,Surat,Fashion,Running Shoes,1239.09,1,20.0,1239.09,247.82,991.27,Cash on Delivery,False,5.0
ORD105330,2024-09-25,CUST0755,Naveen Kapoor,North,Lucknow,Home & Kitchen,Mixer Grinder,4619.63,1,0.0,4619.63,0.0,4619.63,Cash on Delivery,False,5.0
ORD104209,2024-09-25,CUST0494,Kiran Bose,East,Patna,Beauty & Personal Care,Hair Dryer,2178.19,2,0.0,4356.38,0.0,4356.38,Credit Card,False,1.0
ORD104024,2024-09-25,CUST0351,Vivaan Chopra,North,Delhi,Sports & Fitness,Cycling Helmet,7956.3,1,0.0,7956.3,0.0,7956.3,UPI,False,5.0
ORD105200,2024-09-25,CUST0430,Zara Sharma,West,Ahmedabad,Beauty & Personal Care,Skincare Kit,1439.19,1,5.0,1439.19,71.96,1367.23,Debit Card,False,4.0
ORD102183,2024-09-26,CUST0838,Nisha Kumar,East,Bhubaneswar,Home & Kitchen,Vacuum Cleaner,13391.13,1,20.0,13391.13,2678.23,10712.9,Net Banking,False,4.0
ORD102668,2024-09-26,CUST0821,Saanvi Rao,West,Ahmedabad,Sports & Fitness,Cycling Helmet,3351.38,1,5.0,3351.38,167.57,3183.81,Net Banking,False,4.0
ORD100346,2024-09-26,CUST0388,Isha Desai,West,Ahmedabad,Beauty & Personal Care,Hair Dryer,2123.32,1,0.0,2123.32,0.0,2123.32,UPI,False,5.0
ORD104171,2024-09-26,CUST0391,Saanvi Kapoor,East,Kolkata,Sports & Fitness,Dumbbell Set,5821.68,1,10.0,5821.68,582.17,5239.51,UPI,False,5.0
ORD104988,2024-09-27,CUST0811,Zara Bose,South,Chennai,Sports & Fitness,Yoga Mat,2549.84,1,5.0,2549.84,127.49,2422.35,Credit Card,False,5.0
ORD102711,2024-09-27,CUST0256,Rohan Pillai,East,Patna,Fashion,Backpack,2197.71,1,0.0,2197.71,0.0,2197.71,Credit Card,False,1.0
ORD100565,2024-09-27,CUST0167,Diya Joshi,South,Chennai,Electronics,Laptop,16622.27,1,0.0,16622.27,0.0,16622.27,Cash on Delivery,False,4.0
ORD102232,2024-09-27,CUST0276,Nisha Sharma,North,Jaipur,Beauty & Personal Care,Face Serum,2819.02,1,0.0,2819.02,0.0,2819.02,Net Banking,False,4.0
ORD103222,2024-09-27,CUST0216,Shreya Singh,East,Guwahati,Electronics,Wireless Earbuds,1616.98,1,0.0,1616.98,0.0,1616.98,UPI,False,5.0
ORD102112,2024-09-27,CUST0763,Saanvi Kapoor,East,Patna,Home & Kitchen,Non-Stick Cookware Set,5213.98,1,0.0,5213.98,0.0,5213.98,UPI,False,4.0
ORD105549,2024-09-28,CUST0693,Arjun Bose,West,Surat,Fashion,Running Shoes,1463.4,1,0.0,1463.4,0.0,1463.4,Credit Card,False,5.0
ORD102380,2024-09-28,CUST0302,Ramesh Chopra,West,Mumbai,Fashion,Backpack,792.5,1,0.0,792.5,0.0,792.5,Cash on Delivery,False,5.0
ORD103496,2024-09-28,CUST0391,Saanvi Kapoor,East,Kolkata,Electronics,Smartphone,50062.14,1,5.0,50062.14,2503.11,47559.03,UPI,False,4.0
ORD100001,2024-09-28,CUST0057,Deepak Malhotra,West,Surat,Home & Kitchen,Air Fryer,10653.25,1,0.0,10653.25,0.0,10653.25,Cash on Delivery,False,4.0
ORD105069,2024-09-28,CUST0687,Diya Kumar,South,Chennai,Home & Kitchen,Mixer Grinder,13408.85,2,15.0,26817.7,4022.66,22795.04,Debit Card,False,4.0
ORD101729,2024-09-28,CUST0473,Manisha Chopra,South,Hyderabad,Sports & Fitness,Resistance Bands,4360.05,1,0.0,4360.05,0.0,4360.05,Credit Card,False,4.0
ORD103236,2024-09-28,CUST0422,Ananya Nair,North,Lucknow,Sports & Fitness,Cycling Helmet,5241.49,1,10.0,5241.49,524.15,4717.34,UPI,False,3.0
ORD105184,2024-09-28,CUST0417,Tara Desai,East,Kolkata,Beauty & Personal Care,Skincare Kit,1455.07,1,5.0,1455.07,72.75,1382.32,UPI,False,2.0
ORD103217,2024-09-29,CUST0263,Manisha Joshi,South,Chennai,Beauty & Personal Care,Face Serum,1080.97,2,10.0,2161.94,216.19,1945.75,UPI,False,3.0
ORD102218,2024-09-29,CUST0647,Ramesh Das,North,Jaipur,Beauty & Personal Care,Perfume,2430.69,1,0.0,2430.69,0.0,2430.69,Debit Card,False,3.0
ORD100853,2024-09-29,CUST0341,Sneha Desai,South,Kochi,Beauty & Personal Care,Face Serum,916.55,1,15.0,916.55,137.48,779.07,Credit Card,False,5.0
ORD104315,2024-09-29,CUST0844,Kiran Bose,West,Surat,Fashion,Sunglasses,5877.76,1,5.0,5877.76,293.89,5583.87,Credit Card,False,1.0
ORD101101,2024-09-29,CUST0235,Sanjay Das,South,Chennai,Sports & Fitness,Resistance Bands,7467.45,1,0.0,7467.45,0.0,7467.45,Debit Card,False,4.0
ORD100680,2024-09-29,CUST0847,Vivaan Reddy,South,Hyderabad,Fashion,Wrist Watch,5276.99,1,0.0,5276.99,0.0,5276.99,Credit Card,False,5.0
ORD101892,2024-09-30,CUST0236,Zara Bose,South,Kochi,Fashion,Backpack,4502.91,1,20.0,4502.91,900.58,3602.33,Debit Card,True,1.0
ORD104937,2024-09-30,CUST0763,Saanvi Kapoor,East,Patna,Sports & Fitness,Cycling Helmet,6999.37,2,5.0,13998.74,699.94,13298.8,Debit Card,False,3.0
ORD100391,2024-09-30,CUST0029,Deepak Pillai,South,Bengaluru,Home & Kitchen,Non-Stick Cookware Set,7858.48,1,10.0,7858.48,785.85,7072.63,UPI,False,2.0
ORD104304,2024-09-30,CUST0789,Riya Pillai,North,Lucknow,Electronics,Smartwatch,50745.29,1,15.0,50745.29,7611.79,43133.5,Net Banking,False,4.0
ORD100157,2024-09-30,CUST0720,Manish Das,East,Patna,Sports & Fitness,Fitness Band,6476.96,1,10.0,6476.96,647.7,5829.26,Net Banking,False,4.0
ORD100784,2024-09-30,CUST0043,Divya Iyer,West,Ahmedabad,Electronics,Laptop,7973.31,1,5.0,7973.31,398.67,7574.64,Cash on Delivery,False,5.0
ORD101076,2024-09-30,CUST0365,Sneha Das,South,Hyderabad,Beauty & Personal Care,Face Serum,1606.85,1,5.0,1606.85,80.34,1526.51,UPI,False,1.0
ORD104811,2024-09-30,CUST0231,Kiran Mukherjee,East,Bhubaneswar,Beauty & Personal Care,Trimmer,945.01,1,10.0,945.01,94.5,850.51,Cash on Delivery,False,2.0
ORD105105,2024-09-30,CUST0780,Rahul Mukherjee,North,Delhi,Electronics,Smartwatch,32069.45,1,0.0,32069.45,0.0,32069.45,UPI,True,3.0
ORD103280,2024-10-01,CUST0676,Divya Mukherjee,East,Patna,Home & Kitchen,Water Purifier,13107.33,1,0.0,13107.33,0.0,13107.33,Credit Card,True,4.0
ORD103815,2024-10-01,CUST0705,Priya Singh,West,Surat,Electronics,Wireless Earbuds,23375.18,1,0.0,23375.18,0.0,23375.18,Net Banking,False,5.0
ORD105708,2024-10-01,CUST0041,Krishna Menon,North,Lucknow,Beauty & Personal Care,Trimmer,310.49,1,15.0,310.49,46.57,263.92,Debit Card,False,5.0
ORD100836,2024-10-01,CUST0477,Meera Singh,South,Hyderabad,Fashion,Backpack,4922.91,3,5.0,14768.73,738.44,14030.29,Credit Card,False,4.0
ORD105869,2024-10-01,CUST0271,Deepak Joshi,East,Guwahati,Beauty & Personal Care,Perfume,2886.65,1,0.0,2886.65,0.0,2886.65,Debit Card,False,5.0
ORD104809,2024-10-01,CUST0217,Rohan Menon,North,Jaipur,Fashion,Denim Jacket,5761.18,1,0.0,5761.18,0.0,5761.18,Credit Card,False,5.0
ORD103504,2024-10-01,CUST0282,Rahul Bose,East,Guwahati,Home & Kitchen,Water Purifier,6906.62,1,0.0,6906.62,0.0,6906.62,Debit Card,False,4.0
ORD105931,2024-10-01,CUST0422,Ananya Nair,North,Lucknow,Electronics,Smartphone,10533.43,1,0.0,10533.43,0.0,10533.43,Cash on Delivery,False,2.0
ORD101340,2024-10-01,CUST0609,Lakshmi Pillai,North,Chandigarh,Sports & Fitness,Dumbbell Set,3426.24,2,5.0,6852.48,342.62,6509.86,Cash on Delivery,False,4.0
ORD100204,2024-10-01,CUST0758,Tara Reddy,North,Chandigarh,Home & Kitchen,Non-Stick Cookware Set,11451.89,1,0.0,11451.89,0.0,11451.89,Debit Card,False,1.0
ORD105607,2024-10-01,CUST0124,Saanvi Verma,North,Jaipur,Fashion,Backpack,5004.88,1,10.0,5004.88,500.49,4504.39,UPI,False,5.0
ORD103254,2024-10-01,CUST0498,Ramesh Malhotra,South,Bengaluru,Beauty & Personal Care,Hair Dryer,2433.22,1,25.0,2433.22,608.3,1824.92,Debit Card,False,4.0
ORD101307,2024-10-01,CUST0697,Isha Das,East,Patna,Beauty & Personal Care,Face Serum,2694.15,1,0.0,2694.15,0.0,2694.15,Net Banking,False,5.0
ORD100340,2024-10-01,CUST0445,Rahul Reddy,West,Mumbai,Sports & Fitness,Dumbbell Set,2467.62,1,5.0,2467.62,123.38,2344.24,Credit Card,True,5.0
ORD100515,2024-10-01,CUST0744,Ananya Verma,North,Delhi,Electronics,Laptop,28782.62,1,25.0,28782.62,7195.66,21586.96,Net Banking,False,2.0
ORD105784,2024-10-01,CUST0266,Riya Gupta,West,Ahmedabad,Sports & Fitness,Yoga Mat,3534.38,1,10.0,3534.38,353.44,3180.94,Credit Card,False,1.0
ORD103244,2024-10-01,CUST0838,Nisha Kumar,East,Bhubaneswar,Home & Kitchen,Non-Stick Cookware Set,4220.51,1,25.0,4220.51,1055.13,3165.38,Cash on Delivery,False,4.0
ORD105728,2024-10-02,CUST0555,Vivaan Sharma,North,Delhi,Fashion,Sunglasses,3036.61,2,5.0,6073.22,303.66,5769.56,UPI,False,1.0
ORD102206,2024-10-02,CUST0785,Manisha Patel,North,Lucknow,Fashion,Running Shoes,2944.07,2,0.0,5888.14,0.0,5888.14,UPI,False,3.0
ORD101305,2024-10-02,CUST0179,Divya Singh,West,Pune,Fashion,Backpack,549.66,2,10.0,1099.32,109.93,989.39,Net Banking,False,5.0
ORD102589,2024-10-02,CUST0845,Sanjay Kumar,North,Lucknow,Home & Kitchen,Vacuum Cleaner,1754.52,1,25.0,1754.52,438.63,1315.89,Credit Card,False,3.0
ORD102848,2024-10-02,CUST0249,Suresh Bose,South,Bengaluru,Electronics,Wireless Earbuds,40122.44,1,20.0,40122.44,8024.49,32097.95,UPI,False,
ORD104696,2024-10-02,CUST0289,Aditya Bose,South,Bengaluru,Sports & Fitness,Cycling Helmet,477.9,2,0.0,955.8,0.0,955.8,Net Banking,False,3.0
ORD103611,2024-10-02,CUST0271,Deepak Joshi,East,Guwahati,Fashion,Denim Jacket,5878.08,1,0.0,5878.08,0.0,5878.08,UPI,False,5.0
ORD103175,2024-10-02,CUST0743,Meera Joshi,East,Patna,Sports & Fitness,Fitness Band,3368.85,2,5.0,6737.7,336.88,6400.82,Credit Card,False,4.0
ORD105430,2024-10-02,CUST0097,Priya Sharma,South,Chennai,Fashion,Sunglasses,3463.01,1,0.0,3463.01,0.0,3463.01,Net Banking,False,5.0
ORD104693,2024-10-02,CUST0263,Manisha Joshi,South,Chennai,Sports & Fitness,Dumbbell Set,5705.63,1,10.0,5705.63,570.56,5135.07,UPI,False,4.0
ORD102616,2024-10-02,CUST0062,Pooja Gupta,South,Kochi,Home & Kitchen,Mixer Grinder,2548.75,1,0.0,2548.75,0.0,2548.75,UPI,False,4.0
ORD101072,2024-10-02,CUST0577,Saanvi Kumar,East,Guwahati,Fashion,Running Shoes,1018.43,1,0.0,1018.43,0.0,1018.43,UPI,False,5.0
ORD101007,2024-10-02,CUST0003,Krishna Gupta,South,Bengaluru,Home & Kitchen,Mixer Grinder,13153.56,1,0.0,13153.56,0.0,13153.56,Debit Card,False,2.0
ORD103336,2024-10-02,CUST0469,Manish Sharma,North,Lucknow,Electronics,Wireless Earbuds,19194.62,1,5.0,19194.62,959.73,18234.89,UPI,False,4.0
ORD101654,2024-10-03,CUST0379,Reyansh Iyer,West,Mumbai,Electronics,Laptop,19737.77,1,0.0,19737.77,0.0,19737.77,UPI,False,1.0
ORD105347,2024-10-03,CUST0374,Meera Kapoor,East,Kolkata,Home & Kitchen,Mixer Grinder,6804.94,1,5.0,6804.94,340.25,6464.69,UPI,False,5.0
ORD105832,2024-10-03,CUST0790,Pooja Kapoor,West,Mumbai,Electronics,Wireless Earbuds,8285.95,2,10.0,16571.9,1657.19,14914.71,Credit Card,False,3.0
ORD102285,2024-10-03,CUST0298,Kiran Das,North,Lucknow,Home & Kitchen,Water Purifier,1033.72,1,15.0,1033.72,155.06,878.66,Net Banking,False,3.0
ORD104776,2024-10-03,CUST0468,Shreya Reddy,West,Mumbai,Sports & Fitness,Dumbbell Set,7980.95,2,5.0,15961.9,798.1,15163.8,UPI,False,4.0
ORD101393,2024-10-03,CUST0024,Divya Malhotra,South,Kochi,Sports & Fitness,Cycling Helmet,1289.76,1,10.0,1289.76,128.98,1160.78,Net Banking,False,3.0
ORD102146,2024-10-03,CUST0097,Priya Sharma,South,Chennai,Home & Kitchen,Vacuum Cleaner,5915.07,1,15.0,5915.07,887.26,5027.81,Credit Card,False,4.0
ORD104474,2024-10-03,CUST0781,Sanjay Mukherjee,West,Surat,Electronics,Bluetooth Speaker,49118.99,1,20.0,49118.99,9823.8,39295.19,Debit Card,False,3.0
ORD105475,2024-10-03,CUST0486,Manisha Rao,South,Chennai,Sports & Fitness,Cycling Helmet,2051.21,1,0.0,2051.21,0.0,2051.21,UPI,False,5.0
ORD105441,2024-10-03,CUST0813,Karthik Iyer,East,Kolkata,Electronics,Smartphone,50906.44,2,0.0,101812.88,0.0,101812.88,Cash on Delivery,False,5.0
ORD102354,2024-10-03,CUST0763,Saanvi Kapoor,East,Patna,Sports & Fitness,Fitness Band,7086.47,2,10.0,14172.94,1417.29,12755.65,Net Banking,True,2.0
ORD104255,2024-10-03,CUST0622,Deepak Kapoor,South,Bengaluru,Beauty & Personal Care,Perfume,1554.31,1,20.0,1554.31,310.86,1243.45,Debit Card,False,5.0
ORD105539,2024-10-03,CUST0806,Neha Patel,West,Mumbai,Sports & Fitness,Resistance Bands,3038.91,1,5.0,3038.91,151.95,2886.96,Net Banking,False,3.0
ORD105134,2024-10-03,CUST0263,Manisha Joshi,South,Chennai,Fashion,Wrist Watch,971.49,1,0.0,971.49,0.0,971.49,Cash on Delivery,True,3.0
ORD100813,2024-10-04,CUST0422,Ananya Nair,North,Lucknow,Beauty & Personal Care,Skincare Kit,1585.56,1,5.0,1585.56,79.28,1506.28,Cash on Delivery,False,5.0
ORD102108,2024-10-04,CUST0396,Lakshmi Rao,North,Lucknow,Electronics,Smartphone,22653.58,1,0.0,22653.58,0.0,22653.58,UPI,False,5.0
ORD101597,2024-10-04,CUST0124,Saanvi Verma,North,Jaipur,Electronics,Bluetooth Speaker,51174.27,1,10.0,51174.27,5117.43,46056.84,UPI,False,4.0
ORD101826,2024-10-04,CUST0010,Vivaan Sharma,East,Patna,Beauty & Personal Care,Trimmer,1506.26,1,25.0,1506.26,376.56,1129.7,Debit Card,False,5.0
ORD102705,2024-10-04,CUST0153,Vikram Mukherjee,West,Mumbai,Home & Kitchen,Non-Stick Cookware Set,3496.32,1,10.0,3496.32,349.63,3146.69,Net Banking,False,2.0
ORD105568,2024-10-04,CUST0410,Sai Das,North,Chandigarh,Electronics,Smartphone,4474.12,1,5.0,4474.12,223.71,4250.41,Credit Card,False,5.0
ORD100388,2024-10-04,CUST0131,Riya Sharma,North,Jaipur,Home & Kitchen,Mixer Grinder,3123.62,1,0.0,3123.62,0.0,3123.62,Credit Card,False,5.0
ORD102442,2024-10-04,CUST0825,Aditya Kumar,West,Ahmedabad,Sports & Fitness,Dumbbell Set,5405.18,1,0.0,5405.18,0.0,5405.18,UPI,False,4.0
ORD103466,2024-10-04,CUST0391,Saanvi Kapoor,East,Kolkata,Beauty & Personal Care,Skincare Kit,2374.74,1,0.0,2374.74,0.0,2374.74,UPI,False,4.0
ORD100386,2024-10-04,CUST0075,Isha Patel,North,Jaipur,Home & Kitchen,Mixer Grinder,9888.73,1,15.0,9888.73,1483.31,8405.42,Credit Card,False,4.0
ORD101532,2024-10-04,CUST0198,Rahul Gupta,North,Chandigarh,Fashion,Backpack,4464.59,1,5.0,4464.59,223.23,4241.36,UPI,False,3.0
ORD101927,2024-10-04,CUST0259,Isha Singh,East,Patna,Electronics,Wireless Earbuds,6714.21,1,0.0,6714.21,0.0,6714.21,UPI,False,5.0
ORD105333,2024-10-04,CUST0261,Manish Verma,West,Mumbai,Home & Kitchen,Air Fryer,13857.87,1,25.0,13857.87,3464.47,10393.4,UPI,False,3.0
ORD105960,2024-10-05,CUST0775,Ishaan Rao,West,Ahmedabad,Fashion,Denim Jacket,3196.12,2,15.0,6392.24,958.84,5433.4,UPI,False,4.0
ORD104440,2024-10-05,CUST0558,Vivaan Iyer,East,Guwahati,Sports & Fitness,Dumbbell Set,3792.76,1,15.0,3792.76,568.91,3223.85,UPI,False,5.0
ORD104662,2024-10-05,CUST0377,Vikram Verma,South,Kochi,Sports & Fitness,Dumbbell Set,3582.63,1,15.0,3582.63,537.39,3045.24,UPI,False,4.0
ORD101940,2024-10-05,CUST0462,Krishna Kumar,West,Ahmedabad,Beauty & Personal Care,Trimmer,2388.41,2,10.0,4776.82,477.68,4299.14,Cash on Delivery,False,1.0
ORD103588,2024-10-05,CUST0003,Krishna Gupta,South,Bengaluru,Fashion,Denim Jacket,1488.31,3,10.0,4464.93,446.49,4018.44,UPI,False,5.0
ORD101292,2024-10-05,CUST0192,Diya Bose,West,Mumbai,Home & Kitchen,Water Purifier,1787.97,2,10.0,3575.94,357.59,3218.35,UPI,False,
ORD105576,2024-10-05,CUST0674,Ishaan Iyer,South,Bengaluru,Home & Kitchen,Vacuum Cleaner,2922.98,1,0.0,2922.98,0.0,2922.98,Credit Card,False,5.0
ORD101944,2024-10-05,CUST0205,Tara Sharma,West,Ahmedabad,Fashion,Wrist Watch,4619.55,3,0.0,13858.65,0.0,13858.65,UPI,False,4.0
ORD105566,2024-10-05,CUST0226,Ananya Nair,East,Kolkata,Beauty & Personal Care,Face Serum,2613.14,1,5.0,2613.14,130.66,2482.48,UPI,False,3.0
ORD103647,2024-10-05,CUST0646,Nisha Malhotra,West,Mumbai,Sports & Fitness,Yoga Mat,5141.8,2,0.0,10283.6,0.0,10283.6,Credit Card,False,3.0
ORD103284,2024-10-05,CUST0270,Nisha Kumar,North,Chandigarh,Sports & Fitness,Fitness Band,7571.24,1,0.0,7571.24,0.0,7571.24,Credit Card,False,2.0
ORD104219,2024-10-05,CUST0356,Vihaan Singh,West,Pune,Beauty & Personal Care,Skincare Kit,2276.32,1,0.0,2276.32,0.0,2276.32,UPI,True,2.0
ORD100640,2024-10-05,CUST0270,Nisha Kumar,North,Chandigarh,Beauty & Personal Care,Skincare Kit,1003.9,1,0.0,1003.9,0.0,1003.9,Cash on Delivery,False,4.0
ORD104136,2024-10-06,CUST0011,Diya Pillai,North,Lucknow,Fashion,Denim Jacket,2644.8,2,0.0,5289.6,0.0,5289.6,UPI,False,4.0
ORD105766,2024-10-06,CUST0591,Deepak Menon,West,Mumbai,Electronics,Wireless Earbuds,14490.07,1,0.0,14490.07,0.0,14490.07,Net Banking,False,4.0
ORD102959,2024-10-06,CUST0820,Krishna Joshi,East,Bhubaneswar,Beauty & Personal Care,Perfume,1553.82,1,20.0,1553.82,310.76,1243.06,UPI,False,2.0
ORD101664,2024-10-06,CUST0394,Krishna Singh,South,Chennai,Fashion,Running Shoes,4585.68,2,5.0,9171.36,458.57,8712.79,Debit Card,True,3.0
ORD104761,2024-10-06,CUST0460,Sai Rao,West,Ahmedabad,Fashion,Denim Jacket,5021.0,1,0.0,5021.0,0.0,5021.0,Net Banking,False,5.0
ORD102529,2024-10-06,CUST0155,Karthik Verma,South,Chennai,Beauty & Personal Care,Skincare Kit,685.85,1,0.0,685.85,0.0,685.85,Cash on Delivery,False,5.0
ORD103196,2024-10-06,CUST0728,Pooja Verma,North,Lucknow,Home & Kitchen,Mixer Grinder,10120.35,1,5.0,10120.35,506.02,9614.33,Credit Card,False,4.0
ORD103227,2024-10-06,CUST0285,Divya Joshi,North,Jaipur,Beauty & Personal Care,Hair Dryer,1353.27,1,0.0,1353.27,0.0,1353.27,Cash on Delivery,False,4.0
ORD100591,2024-10-06,CUST0841,Rahul Kapoor,West,Surat,Home & Kitchen,Non-Stick Cookware Set,12541.08,2,15.0,25082.16,3762.32,21319.84,Debit Card,False,2.0
ORD101805,2024-10-06,CUST0004,Tara Menon,North,Chandigarh,Home & Kitchen,Non-Stick Cookware Set,2597.97,2,0.0,5195.94,0.0,5195.94,Debit Card,False,4.0
ORD100371,2024-10-06,CUST0480,Vivaan Joshi,East,Guwahati,Home & Kitchen,Water Purifier,14282.49,3,0.0,42847.47,0.0,42847.47,Credit Card,False,5.0
ORD100614,2024-10-06,CUST0685,Aditya Patel,North,Lucknow,Home & Kitchen,Mixer Grinder,7275.78,1,0.0,7275.78,0.0,7275.78,UPI,False,1.0
ORD105543,2024-10-06,CUST0242,Naveen Malhotra,West,Pune,Sports & Fitness,Dumbbell Set,5739.05,1,0.0,5739.05,0.0,5739.05,Credit Card,False,4.0
ORD105419,2024-10-06,CUST0498,Ramesh Malhotra,South,Bengaluru,Electronics,Smartphone,43652.95,1,5.0,43652.95,2182.65,41470.3,Credit Card,False,4.0
ORD101641,2024-10-07,CUST0333,Suresh Kapoor,West,Mumbai,Beauty & Personal Care,Hair Dryer,2139.62,1,0.0,2139.62,0.0,2139.62,UPI,False,4.0
ORD105097,2024-10-07,CUST0497,Naveen Patel,West,Ahmedabad,Beauty & Personal Care,Trimmer,1019.98,1,5.0,1019.98,51.0,968.98,UPI,True,5.0
ORD100964,2024-10-07,CUST0461,Aditya Gupta,North,Delhi,Beauty & Personal Care,Hair Dryer,1619.0,2,0.0,3238.0,0.0,3238.0,Credit Card,False,4.0
ORD102355,2024-10-07,CUST0833,Pooja Patel,North,Jaipur,Home & Kitchen,Water Purifier,9732.61,1,5.0,9732.61,486.63,9245.98,UPI,False,5.0
ORD101967,2024-10-07,CUST0702,Manish Chopra,West,Surat,Electronics,Laptop,35428.95,1,5.0,35428.95,1771.45,33657.5,Net Banking,False,1.0
ORD101194,2024-10-07,CUST0292,Pooja Bose,West,Surat,Sports & Fitness,Resistance Bands,6689.98,1,15.0,6689.98,1003.5,5686.48,Net Banking,False,5.0
ORD102975,2024-10-07,CUST0306,Anil Verma,South,Kochi,Fashion,Wrist Watch,2383.97,1,10.0,2383.97,238.4,2145.57,UPI,False,5.0
ORD100291,2024-10-07,CUST0738,Ramesh Pillai,North,Chandigarh,Electronics,Wireless Earbuds,18206.44,1,0.0,18206.44,0.0,18206.44,Cash on Delivery,False,5.0
ORD103493,2024-10-07,CUST0547,Priya Nair,South,Kochi,Fashion,Denim Jacket,1369.52,1,0.0,1369.52,0.0,1369.52,UPI,False,4.0
ORD100255,2024-10-07,CUST0039,Aarav Gupta,East,Bhubaneswar,Sports & Fitness,Fitness Band,4811.15,3,5.0,14433.45,721.67,13711.78,UPI,False,5.0
ORD101059,2024-10-07,CUST0715,Kiran Verma,South,Bengaluru,Fashion,Backpack,5432.76,1,0.0,5432.76,0.0,5432.76,UPI,False,4.0
ORD101023,2024-10-08,CUST0490,Swati Mukherjee,North,Lucknow,Sports & Fitness,Yoga Mat,3194.9,2,0.0,6389.8,0.0,6389.8,Cash on Delivery,False,3.0
ORD104369,2024-10-08,CUST0276,Nisha Sharma,North,Jaipur,Sports & Fitness,Cycling Helmet,5907.86,2,15.0,11815.72,1772.36,10043.36,Net Banking,True,4.0
ORD101448,2024-10-08,CUST0475,Kiran Chopra,East,Bhubaneswar,Electronics,Wireless Earbuds,37474.78,1,5.0,37474.78,1873.74,35601.04,Credit Card,False,4.0
ORD104939,2024-10-08,CUST0405,Lakshmi Nair,South,Kochi,Fashion,Sunglasses,4056.67,1,20.0,4056.67,811.33,3245.34,UPI,False,5.0
ORD104110,2024-10-08,CUST0256,Rohan Pillai,East,Patna,Electronics,Bluetooth Speaker,25295.07,1,0.0,25295.07,0.0,25295.07,UPI,False,5.0
ORD105059,2024-10-08,CUST0783,Pooja Menon,South,Bengaluru,Home & Kitchen,Air Fryer,13752.74,1,0.0,13752.74,0.0,13752.74,Debit Card,False,5.0
ORD103913,2024-10-08,CUST0602,Deepak Verma,East,Guwahati,Sports & Fitness,Fitness Band,1251.85,1,20.0,1251.85,250.37,1001.48,UPI,False,3.0
ORD100776,2024-10-08,CUST0702,Manish Chopra,West,Surat,Fashion,Denim Jacket,3424.65,1,5.0,3424.65,171.23,3253.42,Credit Card,False,4.0
ORD103668,2024-10-08,CUST0468,Shreya Reddy,West,Mumbai,Fashion,Running Shoes,5974.57,1,0.0,5974.57,0.0,5974.57,UPI,False,4.0
ORD101149,2024-10-08,CUST0157,Vivaan Das,North,Lucknow,Fashion,Sunglasses,5719.87,2,0.0,11439.74,0.0,11439.74,Credit Card,False,3.0
ORD104802,2024-10-08,CUST0581,Anil Rao,South,Chennai,Home & Kitchen,Vacuum Cleaner,11116.21,1,0.0,11116.21,0.0,11116.21,Credit Card,False,2.0
ORD105307,2024-10-09,CUST0350,Sneha Rao,West,Ahmedabad,Beauty & Personal Care,Face Serum,461.34,1,0.0,461.34,0.0,461.34,Debit Card,False,3.0
ORD102239,2024-10-09,CUST0803,Aditya Rao,South,Chennai,Home & Kitchen,Mixer Grinder,11967.78,1,20.0,11967.78,2393.56,9574.22,UPI,False,1.0
ORD103784,2024-10-09,CUST0003,Krishna Gupta,South,Bengaluru,Electronics,Laptop,41388.88,1,10.0,41388.88,4138.89,37249.99,UPI,False,5.0
ORD101695,2024-10-09,CUST0341,Sneha Desai,South,Kochi,Home & Kitchen,Mixer Grinder,8367.43,1,10.0,8367.43,836.74,7530.69,UPI,False,4.0
ORD104604,2024-10-09,CUST0813,Karthik Iyer,East,Kolkata,Fashion,Running Shoes,482.66,2,10.0,965.32,96.53,868.79,UPI,False,4.0
ORD100496,2024-10-09,CUST0304,Saanvi Joshi,South,Kochi,Fashion,Backpack,3733.12,1,0.0,3733.12,0.0,3733.12,UPI,False,4.0
ORD105174,2024-10-09,CUST0076,Aditya Gupta,North,Jaipur,Electronics,Wireless Earbuds,37912.08,1,0.0,37912.08,0.0,37912.08,Credit Card,False,5.0
ORD104079,2024-10-09,CUST0800,Nisha Malhotra,North,Jaipur,Electronics,Wireless Earbuds,27072.68,1,15.0,27072.68,4060.9,23011.78,Debit Card,False,2.0
ORD102301,2024-10-09,CUST0838,Nisha Kumar,East,Bhubaneswar,Beauty & Personal Care,Hair Dryer,1106.52,1,0.0,1106.52,0.0,1106.52,Credit Card,False,5.0
ORD103131,2024-10-09,CUST0478,Arjun Kapoor,South,Chennai,Sports & Fitness,Cycling Helmet,4316.28,1,0.0,4316.28,0.0,4316.28,Debit Card,False,5.0
ORD101170,2024-10-10,CUST0097,Priya Sharma,South,Chennai,Beauty & Personal Care,Skincare Kit,1567.78,1,10.0,1567.78,156.78,1411.0,Credit Card,False,5.0
ORD103795,2024-10-10,CUST0507,Rohan Desai,West,Surat,Sports & Fitness,Cycling Helmet,4699.34,1,0.0,4699.34,0.0,4699.34,Credit Card,False,4.0
ORD100249,2024-10-10,CUST0195,Sanjay Malhotra,South,Chennai,Beauty & Personal Care,Hair Dryer,1479.17,1,15.0,1479.17,221.88,1257.29,Net Banking,False,5.0
ORD100313,2024-10-10,CUST0830,Lakshmi Nair,West,Ahmedabad,Home & Kitchen,Air Fryer,2602.99,1,0.0,2602.99,0.0,2602.99,UPI,False,5.0
ORD100413,2024-10-10,CUST0515,Vikram Gupta,West,Ahmedabad,Home & Kitchen,Water Purifier,11276.22,2,20.0,22552.44,4510.49,18041.95,Credit Card,False,5.0
ORD103464,2024-10-10,CUST0709,Kiran Rao,East,Bhubaneswar,Beauty & Personal Care,Skincare Kit,3451.21,1,0.0,3451.21,0.0,3451.21,UPI,False,5.0
ORD103680,2024-10-10,CUST0463,Meera Kapoor,South,Kochi,Beauty & Personal Care,Perfume,2650.53,1,10.0,2650.53,265.05,2385.48,Debit Card,False,5.0
ORD104397,2024-10-10,CUST0351,Vivaan Chopra,North,Delhi,Sports & Fitness,Resistance Bands,4678.87,1,0.0,4678.87,0.0,4678.87,UPI,False,5.0
ORD104889,2024-10-10,CUST0223,Ramesh Kumar,North,Chandigarh,Sports & Fitness,Yoga Mat,4317.91,1,10.0,4317.91,431.79,3886.12,Cash on Delivery,False,5.0
ORD103455,2024-10-10,CUST0468,Shreya Reddy,West,Mumbai,Home & Kitchen,Air Fryer,10334.92,1,5.0,10334.92,516.75,9818.17,UPI,False,1.0
ORD103430,2024-10-10,CUST0464,Ramesh Sharma,West,Surat,Beauty & Personal Care,Trimmer,2695.84,1,15.0,2695.84,404.38,2291.46,Cash on Delivery,False,3.0
ORD105731,2024-10-10,CUST0730,Sanjay Reddy,East,Kolkata,Beauty & Personal Care,Skincare Kit,787.74,1,5.0,787.74,39.39,748.35,Debit Card,False,5.0
ORD104059,2024-10-10,CUST0485,Rohan Singh,West,Ahmedabad,Beauty & Personal Care,Hair Dryer,646.17,1,0.0,646.17,0.0,646.17,UPI,False,5.0
ORD105776,2024-10-10,CUST0270,Nisha Kumar,North,Chandigarh,Sports & Fitness,Cycling Helmet,2465.4,1,0.0,2465.4,0.0,2465.4,Debit Card,True,2.0
ORD105293,2024-10-10,CUST0781,Sanjay Mukherjee,West,Surat,Home & Kitchen,Water Purifier,9429.72,1,0.0,9429.72,0.0,9429.72,UPI,False,5.0
ORD104491,2024-10-10,CUST0479,Vihaan Pillai,North,Delhi,Fashion,Backpack,2062.47,1,15.0,2062.47,309.37,1753.1,Cash on Delivery,False,5.0
ORD102393,2024-10-11,CUST0259,Isha Singh,East,Patna,Home & Kitchen,Mixer Grinder,3277.71,1,0.0,3277.71,0.0,3277.71,Cash on Delivery,False,1.0
ORD100860,2024-10-11,CUST0762,Anil Pillai,East,Bhubaneswar,Electronics,Laptop,32403.1,1,0.0,32403.1,0.0,32403.1,Debit Card,False,5.0
ORD100698,2024-10-11,CUST0326,Aarav Das,North,Jaipur,Home & Kitchen,Water Purifier,10118.57,3,20.0,30355.71,6071.14,24284.57,Net Banking,True,5.0
ORD104052,2024-10-11,CUST0060,Deepak Kumar,East,Guwahati,Beauty & Personal Care,Face Serum,1437.56,2,0.0,2875.12,0.0,2875.12,Credit Card,False,4.0
ORD105736,2024-10-11,CUST0130,Reyansh Iyer,South,Bengaluru,Sports & Fitness,Fitness Band,7052.33,1,10.0,7052.33,705.23,6347.1,UPI,False,3.0
ORD105678,2024-10-11,CUST0769,Ramesh Pillai,South,Kochi,Electronics,Smartwatch,45663.08,1,10.0,45663.08,4566.31,41096.77,Debit Card,False,4.0
ORD101049,2024-10-11,CUST0847,Vivaan Reddy,South,Hyderabad,Fashion,Sunglasses,4303.16,1,5.0,4303.16,215.16,4088.0,Credit Card,False,2.0
ORD105048,2024-10-11,CUST0660,Vikram Nair,South,Chennai,Sports & Fitness,Yoga Mat,6311.35,1,0.0,6311.35,0.0,6311.35,Credit Card,False,5.0
ORD103374,2024-10-11,CUST0094,Manisha Reddy,East,Guwahati,Beauty & Personal Care,Trimmer,1702.57,1,0.0,1702.57,0.0,1702.57,Credit Card,False,1.0
ORD102408,2024-10-11,CUST0100,Zara Nair,North,Jaipur,Fashion,Backpack,1131.5,1,15.0,1131.5,169.72,961.78,UPI,False,4.0
ORD101716,2024-10-11,CUST0222,Deepak Singh,North,Jaipur,Sports & Fitness,Cycling Helmet,3917.8,1,0.0,3917.8,0.0,3917.8,Cash on Delivery,False,5.0
ORD103202,2024-10-12,CUST0802,Swati Menon,South,Hyderabad,Fashion,Wrist Watch,4929.61,3,15.0,14788.83,2218.32,12570.51,Credit Card,False,1.0
ORD101167,2024-10-12,CUST0322,Riya Malhotra,East,Guwahati,Fashion,Wrist Watch,2843.1,1,20.0,2843.1,568.62,2274.48,Credit Card,False,5.0
ORD104390,2024-10-12,CUST0018,Nisha Mukherjee,West,Surat,Fashion,Denim Jacket,1542.25,1,0.0,1542.25,0.0,1542.25,Net Banking,False,2.0
ORD102697,2024-10-12,CUST0503,Kiran Sharma,West,Mumbai,Home & Kitchen,Non-Stick Cookware Set,4001.59,1,5.0,4001.59,200.08,3801.51,UPI,False,1.0
ORD102395,2024-10-12,CUST0672,Arjun Reddy,South,Hyderabad,Fashion,Denim Jacket,5910.73,1,0.0,5910.73,0.0,5910.73,Credit Card,False,3.0
ORD102328,2024-10-12,CUST0358,Pooja Iyer,North,Lucknow,Beauty & Personal Care,Hair Dryer,2987.32,1,0.0,2987.32,0.0,2987.32,Debit Card,False,5.0
ORD102215,2024-10-12,CUST0509,Divya Desai,West,Ahmedabad,Electronics,Smartwatch,2851.58,2,0.0,5703.16,0.0,5703.16,Credit Card,False,1.0
ORD101521,2024-10-12,CUST0068,Isha Gupta,South,Bengaluru,Electronics,Laptop,19348.29,3,0.0,58044.87,0.0,58044.87,Cash on Delivery,False,5.0
ORD102765,2024-10-12,CUST0055,Kavya Iyer,North,Jaipur,Home & Kitchen,Non-Stick Cookware Set,2230.13,1,0.0,2230.13,0.0,2230.13,Credit Card,False,1.0
ORD103334,2024-10-13,CUST0007,Karthik Verma,North,Jaipur,Fashion,Backpack,1651.78,2,0.0,3303.56,0.0,3303.56,Cash on Delivery,False,5.0
ORD101604,2024-10-13,CUST0798,Deepak Gupta,West,Surat,Home & Kitchen,Non-Stick Cookware Set,6562.82,1,0.0,6562.82,0.0,6562.82,Credit Card,False,4.0
ORD101033,2024-10-13,CUST0386,Nisha Pillai,North,Lucknow,Beauty & Personal Care,Perfume,1985.51,1,10.0,1985.51,198.55,1786.96,UPI,False,3.0
ORD101556,2024-10-13,CUST0154,Pooja Kapoor,North,Chandigarh,Sports & Fitness,Cycling Helmet,3768.6,1,0.0,3768.6,0.0,3768.6,UPI,False,4.0
ORD104917,2024-10-13,CUST0842,Shreya Iyer,North,Lucknow,Beauty & Personal Care,Face Serum,1742.98,2,10.0,3485.96,348.6,3137.36,Credit Card,False,4.0
ORD105629,2024-10-13,CUST0560,Zara Reddy,South,Chennai,Fashion,Sunglasses,5348.86,1,0.0,5348.86,0.0,5348.86,UPI,False,5.0
ORD105842,2024-10-13,CUST0629,Suresh Mukherjee,North,Delhi,Electronics,Smartphone,13758.84,1,15.0,13758.84,2063.83,11695.01,Credit Card,False,5.0
ORD105129,2024-10-13,CUST0415,Arjun Rao,North,Chandigarh,Electronics,Smartwatch,7495.82,1,5.0,7495.82,374.79,7121.03,Credit Card,False,4.0
ORD104370,2024-10-13,CUST0443,Lakshmi Malhotra,East,Bhubaneswar,Home & Kitchen,Water Purifier,12384.22,1,10.0,12384.22,1238.42,11145.8,UPI,False,4.0
ORD105160,2024-10-13,CUST0231,Kiran Mukherjee,East,Bhubaneswar,Beauty & Personal Care,Skincare Kit,1289.33,1,0.0,1289.33,0.0,1289.33,Credit Card,False,3.0
ORD104817,2024-10-14,CUST0087,Naveen Reddy,South,Chennai,Beauty & Personal Care,Face Serum,755.25,1,0.0,755.25,0.0,755.25,Credit Card,False,2.0
ORD103247,2024-10-14,CUST0018,Nisha Mukherjee,West,Surat,Electronics,Laptop,30707.64,2,10.0,61415.28,6141.53,55273.75,UPI,False,2.0
ORD105608,2024-10-14,CUST0078,Manish Patel,East,Kolkata,Home & Kitchen,Non-Stick Cookware Set,10001.82,1,0.0,10001.82,0.0,10001.82,UPI,False,4.0
ORD102512,2024-10-14,CUST0510,Anil Menon,East,Guwahati,Sports & Fitness,Yoga Mat,4075.86,1,0.0,4075.86,0.0,4075.86,Cash on Delivery,False,5.0
ORD104453,2024-10-14,CUST0624,Priya Gupta,West,Ahmedabad,Home & Kitchen,Air Fryer,2069.73,2,15.0,4139.46,620.92,3518.54,Net Banking,False,2.0
ORD102006,2024-10-14,CUST0752,Karthik Menon,North,Lucknow,Electronics,Laptop,29890.64,1,15.0,29890.64,4483.6,25407.04,Net Banking,False,5.0
ORD103178,2024-10-14,CUST0720,Manish Das,East,Patna,Home & Kitchen,Mixer Grinder,7621.69,1,20.0,7621.69,1524.34,6097.35,Net Banking,False,2.0
ORD103020,2024-10-14,CUST0484,Zara Menon,West,Surat,Home & Kitchen,Non-Stick Cookware Set,1420.92,1,10.0,1420.92,142.09,1278.83,Net Banking,False,4.0
ORD100066,2024-10-15,CUST0579,Manisha Verma,South,Chennai,Home & Kitchen,Water Purifier,4977.02,2,0.0,9954.04,0.0,9954.04,Credit Card,False,4.0
ORD103900,2024-10-15,CUST0718,Nisha Verma,East,Kolkata,Home & Kitchen,Non-Stick Cookware Set,3815.41,1,5.0,3815.41,190.77,3624.64,UPI,False,4.0
ORD100033,2024-10-15,CUST0670,Sneha Patel,North,Lucknow,Sports & Fitness,Yoga Mat,2904.38,2,25.0,5808.76,1452.19,4356.57,Net Banking,False,3.0
ORD104779,2024-10-15,CUST0438,Ishaan Verma,West,Ahmedabad,Beauty & Personal Care,Skincare Kit,2541.04,1,0.0,2541.04,0.0,2541.04,UPI,False,3.0
ORD100159,2024-10-15,CUST0715,Kiran Verma,South,Bengaluru,Sports & Fitness,Cycling Helmet,419.34,1,5.0,419.34,20.97,398.37,UPI,False,5.0
ORD102695,2024-10-15,CUST0080,Vikram Kapoor,North,Lucknow,Beauty & Personal Care,Hair Dryer,577.47,1,0.0,577.47,0.0,577.47,Credit Card,True,5.0
ORD102640,2024-10-15,CUST0541,Vikram Singh,South,Hyderabad,Sports & Fitness,Cycling Helmet,5356.26,1,20.0,5356.26,1071.25,4285.01,Cash on Delivery,False,5.0
ORD104879,2024-10-15,CUST0493,Diya Pillai,East,Guwahati,Home & Kitchen,Water Purifier,7571.37,2,0.0,15142.74,0.0,15142.74,UPI,False,5.0
ORD103822,2024-10-15,CUST0313,Sneha Patel,North,Chandigarh,Home & Kitchen,Vacuum Cleaner,13778.13,1,20.0,13778.13,2755.63,11022.5,Credit Card,False,4.0
ORD104741,2024-10-15,CUST0035,Rahul Bose,North,Lucknow,Fashion,Denim Jacket,3207.02,3,0.0,9621.06,0.0,9621.06,UPI,False,5.0
ORD104591,2024-10-15,CUST0030,Sneha Kumar,North,Chandigarh,Fashion,Sunglasses,5959.58,1,5.0,5959.58,297.98,5661.6,UPI,False,3.0
ORD101443,2024-10-16,CUST0497,Naveen Patel,West,Ahmedabad,Home & Kitchen,Vacuum Cleaner,14178.46,1,0.0,14178.46,0.0,14178.46,Net Banking,False,3.0
ORD105494,2024-10-16,CUST0076,Aditya Gupta,North,Jaipur,Sports & Fitness,Yoga Mat,4946.59,2,5.0,9893.18,494.66,9398.52,Debit Card,False,5.0
ORD102501,2024-10-16,CUST0453,Manisha Sharma,North,Jaipur,Beauty & Personal Care,Hair Dryer,1673.27,1,0.0,1673.27,0.0,1673.27,Debit Card,False,2.0
ORD101360,2024-10-16,CUST0304,Saanvi Joshi,South,Kochi,Sports & Fitness,Cycling Helmet,746.18,2,0.0,1492.36,0.0,1492.36,Net Banking,False,5.0
ORD104060,2024-10-16,CUST0558,Vivaan Iyer,East,Guwahati,Beauty & Personal Care,Trimmer,1409.02,1,10.0,1409.02,140.9,1268.12,UPI,False,4.0
ORD104076,2024-10-16,CUST0348,Rohan Das,North,Lucknow,Beauty & Personal Care,Perfume,3238.53,1,0.0,3238.53,0.0,3238.53,Credit Card,True,3.0
ORD104195,2024-10-16,CUST0486,Manisha Rao,South,Chennai,Electronics,Bluetooth Speaker,2207.45,1,0.0,2207.45,0.0,2207.45,UPI,False,4.0
ORD104876,2024-10-16,CUST0172,Sai Kapoor,West,Mumbai,Home & Kitchen,Non-Stick Cookware Set,11564.14,1,0.0,11564.14,0.0,11564.14,Debit Card,False,5.0
ORD100773,2024-10-16,CUST0258,Reyansh Malhotra,West,Mumbai,Beauty & Personal Care,Trimmer,1119.61,1,0.0,1119.61,0.0,1119.61,Credit Card,True,5.0
ORD104729,2024-10-16,CUST0289,Aditya Bose,South,Bengaluru,Electronics,Smartphone,4629.81,1,0.0,4629.81,0.0,4629.81,Debit Card,False,5.0
ORD103837,2024-10-16,CUST0050,Suresh Reddy,East,Kolkata,Sports & Fitness,Fitness Band,5925.82,1,5.0,5925.82,296.29,5629.53,Cash on Delivery,False,5.0
ORD102716,2024-10-16,CUST0263,Manisha Joshi,South,Chennai,Sports & Fitness,Dumbbell Set,1498.52,1,5.0,1498.52,74.93,1423.59,Credit Card,False,5.0
ORD104796,2024-10-16,CUST0720,Manish Das,East,Patna,Beauty & Personal Care,Trimmer,1102.02,1,0.0,1102.02,0.0,1102.02,Credit Card,False,5.0
ORD105388,2024-10-16,CUST0492,Swati Menon,North,Jaipur,Beauty & Personal Care,Perfume,325.72,2,5.0,651.44,32.57,618.87,UPI,False,4.0
ORD102314,2024-10-16,CUST0454,Suresh Kapoor,West,Mumbai,Home & Kitchen,Mixer Grinder,8823.66,1,0.0,8823.66,0.0,8823.66,Credit Card,False,5.0
ORD105444,2024-10-16,CUST0118,Ananya Das,South,Chennai,Fashion,Wrist Watch,3967.68,2,5.0,7935.36,396.77,7538.59,Debit Card,False,4.0
ORD103950,2024-10-16,CUST0373,Divya Desai,West,Mumbai,Fashion,Sunglasses,3883.97,1,0.0,3883.97,0.0,3883.97,UPI,False,5.0
ORD100282,2024-10-16,CUST0593,Kiran Das,West,Mumbai,Fashion,Wrist Watch,901.94,2,10.0,1803.88,180.39,1623.49,Debit Card,False,4.0
ORD105793,2024-10-17,CUST0828,Diya Das,East,Guwahati,Fashion,Running Shoes,1288.96,1,15.0,1288.96,193.34,1095.62,Credit Card,False,3.0
ORD104266,2024-10-17,CUST0159,Ishaan Menon,East,Guwahati,Electronics,Bluetooth Speaker,46603.66,1,10.0,46603.66,4660.37,41943.29,UPI,False,4.0
ORD102198,2024-10-17,CUST0606,Swati Kumar,South,Chennai,Home & Kitchen,Air Fryer,1060.43,1,0.0,1060.43,0.0,1060.43,Credit Card,False,5.0
ORD105381,2024-10-17,CUST0124,Saanvi Verma,North,Jaipur,Sports & Fitness,Yoga Mat,3822.33,2,5.0,7644.66,382.23,7262.43,Debit Card,False,4.0
ORD104147,2024-10-17,CUST0647,Ramesh Das,North,Jaipur,Beauty & Personal Care,Perfume,451.25,1,0.0,451.25,0.0,451.25,Debit Card,False,3.0
ORD103297,2024-10-17,CUST0369,Karthik Kapoor,South,Bengaluru,Home & Kitchen,Water Purifier,14768.53,1,0.0,14768.53,0.0,14768.53,UPI,False,4.0
ORD103943,2024-10-17,CUST0707,Isha Menon,West,Pune,Fashion,Backpack,1508.61,2,10.0,3017.22,301.72,2715.5,Credit Card,True,5.0
ORD103378,2024-10-17,CUST0540,Aarav Iyer,West,Surat,Fashion,Denim Jacket,2982.73,1,5.0,2982.73,149.14,2833.59,Net Banking,False,5.0
ORD105820,2024-10-17,CUST0702,Manish Chopra,West,Surat,Electronics,Smartwatch,6347.99,3,5.0,19043.97,952.2,18091.77,Cash on Delivery,False,4.0
ORD102785,2024-10-17,CUST0406,Vikram Rao,North,Lucknow,Fashion,Running Shoes,614.45,1,0.0,614.45,0.0,614.45,UPI,False,5.0
ORD104377,2024-10-17,CUST0324,Aarav Joshi,East,Guwahati,Electronics,Wireless Earbuds,38399.59,1,0.0,38399.59,0.0,38399.59,Debit Card,False,5.0
ORD101457,2024-10-17,CUST0651,Zara Reddy,South,Kochi,Fashion,Sunglasses,3868.47,1,0.0,3868.47,0.0,3868.47,Credit Card,False,4.0
ORD105504,2024-10-17,CUST0155,Karthik Verma,South,Chennai,Beauty & Personal Care,Skincare Kit,899.67,1,5.0,899.67,44.98,854.69,Credit Card,False,3.0
ORD104575,2024-10-18,CUST0650,Rohan Gupta,West,Mumbai,Sports & Fitness,Resistance Bands,474.09,2,0.0,948.18,0.0,948.18,UPI,False,5.0
ORD105459,2024-10-18,CUST0256,Rohan Pillai,East,Patna,Electronics,Wireless Earbuds,47333.9,1,0.0,47333.9,0.0,47333.9,Debit Card,False,5.0
ORD104736,2024-10-18,CUST0657,Aarav Malhotra,North,Lucknow,Fashion,Denim Jacket,2805.71,1,10.0,2805.71,280.57,2525.14,UPI,False,5.0
ORD104580,2024-10-18,CUST0596,Vikram Reddy,East,Patna,Sports & Fitness,Fitness Band,6761.21,1,0.0,6761.21,0.0,6761.21,UPI,True,3.0
ORD102598,2024-10-18,CUST0780,Rahul Mukherjee,North,Delhi,Sports & Fitness,Dumbbell Set,4369.06,1,0.0,4369.06,0.0,4369.06,Credit Card,False,4.0
ORD100760,2024-10-18,CUST0639,Vihaan Chopra,West,Pune,Fashion,Wrist Watch,4314.32,1,5.0,4314.32,215.72,4098.6,UPI,False,4.0
ORD102519,2024-10-18,CUST0565,Karthik Pillai,East,Patna,Fashion,Sunglasses,4226.78,1,0.0,4226.78,0.0,4226.78,UPI,False,5.0
ORD102315,2024-10-18,CUST0504,Swati Kapoor,West,Surat,Fashion,Sunglasses,2235.99,2,15.0,4471.98,670.8,3801.18,Net Banking,False,5.0
ORD102356,2024-10-18,CUST0276,Nisha Sharma,North,Jaipur,Home & Kitchen,Air Fryer,5777.63,1,5.0,5777.63,288.88,5488.75,Cash on Delivery,False,5.0
ORD102023,2024-10-18,CUST0344,Sanjay Kumar,North,Lucknow,Home & Kitchen,Non-Stick Cookware Set,9792.87,1,0.0,9792.87,0.0,9792.87,Credit Card,False,4.0
ORD101891,2024-10-18,CUST0562,Sanjay Patel,South,Chennai,Sports & Fitness,Dumbbell Set,4081.72,1,10.0,4081.72,408.17,3673.55,Cash on Delivery,False,5.0
ORD103410,2024-10-18,CUST0222,Deepak Singh,North,Jaipur,Fashion,Denim Jacket,3886.44,1,5.0,3886.44,194.32,3692.12,Cash on Delivery,False,2.0
ORD104736,2024-10-18,CUST0657,Aarav Malhotra,North,Lucknow,Fashion,Denim Jacket,2805.71,1,10.0,2805.71,280.57,2525.14,UPI,False,5.0
ORD102641,2024-10-18,CUST0808,Krishna Mukherjee,West,Surat,Home & Kitchen,Air Fryer,12677.1,1,5.0,12677.1,633.86,12043.24,UPI,False,5.0
ORD105890,2024-10-18,CUST0013,Manish Kumar,East,Bhubaneswar,Fashion,Wrist Watch,5901.62,1,10.0,5901.62,590.16,5311.46,UPI,False,3.0
ORD100073,2024-10-18,CUST0139,Shreya Reddy,South,Bengaluru,Electronics,Bluetooth Speaker,51565.57,1,20.0,51565.57,10313.11,41252.46,Credit Card,False,3.0
ORD100900,2024-10-19,CUST0020,Ishaan Verma,East,Bhubaneswar,Beauty & Personal Care,Perfume,2503.75,2,0.0,5007.5,0.0,5007.5,Cash on Delivery,False,2.0
ORD103929,2024-10-19,CUST0573,Ishaan Menon,North,Lucknow,Home & Kitchen,Non-Stick Cookware Set,2032.35,1,15.0,2032.35,304.85,1727.5,Cash on Delivery,False,5.0
ORD104554,2024-10-19,CUST0755,Naveen Kapoor,North,Lucknow,Beauty & Personal Care,Face Serum,2861.67,1,10.0,2861.67,286.17,2575.5,Net Banking,False,5.0
ORD105318,2024-10-19,CUST0098,Ishaan Rao,North,Chandigarh,Beauty & Personal Care,Skincare Kit,2629.63,1,10.0,2629.63,262.96,2366.67,Cash on Delivery,False,4.0
ORD100266,2024-10-19,CUST0270,Nisha Kumar,North,Chandigarh,Beauty & Personal Care,Perfume,1483.25,1,5.0,1483.25,74.16,1409.09,UPI,False,3.0
ORD101918,2024-10-19,CUST0409,Vihaan Kapoor,South,Chennai,Fashion,Wrist Watch,1485.85,1,0.0,1485.85,0.0,1485.85,UPI,False,4.0
ORD100012,2024-10-20,CUST0846,Kavya Malhotra,West,Surat,Sports & Fitness,Fitness Band,7826.42,2,0.0,15652.84,0.0,15652.84,UPI,False,4.0
ORD102264,2024-10-20,CUST0289,Aditya Bose,South,Bengaluru,Electronics,Laptop,36323.46,1,15.0,36323.46,5448.52,30874.94,UPI,False,5.0
ORD103945,2024-10-20,CUST0105,Nisha Mukherjee,East,Patna,Beauty & Personal Care,Hair Dryer,1888.16,1,0.0,1888.16,0.0,1888.16,UPI,False,4.0
ORD100217,2024-10-20,CUST0612,Tara Reddy,North,Lucknow,Electronics,Laptop,35782.75,1,15.0,35782.75,5367.41,30415.34,Net Banking,False,4.0
ORD100493,2024-10-20,CUST0235,Sanjay Das,South,Chennai,Electronics,Smartphone,13294.93,3,0.0,39884.79,0.0,39884.79,UPI,False,2.0
ORD101008,2024-10-20,CUST0608,Divya Iyer,South,Hyderabad,Fashion,Backpack,2313.05,1,0.0,2313.05,0.0,2313.05,Debit Card,False,5.0
ORD103477,2024-10-20,CUST0270,Nisha Kumar,North,Chandigarh,Fashion,Sunglasses,4186.6,2,0.0,8373.2,0.0,8373.2,Cash on Delivery,False,5.0
ORD101772,2024-10-20,CUST0700,Aditya Singh,North,Lucknow,Beauty & Personal Care,Trimmer,3073.63,1,0.0,3073.63,0.0,3073.63,Net Banking,True,5.0
ORD102154,2024-10-20,CUST0429,Swati Verma,East,Bhubaneswar,Electronics,Laptop,32548.07,2,0.0,65096.14,0.0,65096.14,Debit Card,False,4.0
ORD102377,2024-10-20,CUST0084,Lakshmi Das,North,Chandigarh,Beauty & Personal Care,Skincare Kit,958.66,1,0.0,958.66,0.0,958.66,Debit Card,False,3.0
ORD102821,2024-10-20,CUST0389,Anil Nair,South,Hyderabad,Beauty & Personal Care,Face Serum,3302.61,1,0.0,3302.61,0.0,3302.61,Credit Card,False,4.0
ORD101284,2024-10-20,CUST0167,Diya Joshi,South,Chennai,Fashion,Sunglasses,1338.17,1,5.0,1338.17,66.91,1271.26,Debit Card,False,3.0
ORD102675,2024-10-20,CUST0263,Manisha Joshi,South,Chennai,Fashion,Running Shoes,4822.57,2,0.0,9645.14,0.0,9645.14,Credit Card,False,5.0
ORD102250,2024-10-20,CUST0795,Shreya Sharma,North,Lucknow,Sports & Fitness,Yoga Mat,6988.81,1,0.0,6988.81,0.0,6988.81,UPI,False,1.0
ORD102993,2024-10-20,CUST0084,Lakshmi Das,North,Chandigarh,Sports & Fitness,Dumbbell Set,5637.28,1,20.0,5637.28,1127.46,4509.82,Debit Card,False,5.0
ORD102678,2024-10-20,CUST0636,Lakshmi Menon,West,Ahmedabad,Beauty & Personal Care,Skincare Kit,260.43,1,15.0,260.43,39.06,221.37,UPI,False,4.0
ORD103037,2024-10-20,CUST0237,Anil Chopra,South,Bengaluru,Beauty & Personal Care,Skincare Kit,987.75,3,0.0,2963.25,0.0,2963.25,Net Banking,False,5.0
ORD102567,2024-10-20,CUST0181,Sanjay Joshi,North,Jaipur,Home & Kitchen,Non-Stick Cookware Set,4478.66,1,0.0,4478.66,0.0,4478.66,Debit Card,False,2.0
ORD104152,2024-10-20,CUST0196,Arjun Pillai,South,Kochi,Beauty & Personal Care,Face Serum,2455.58,1,0.0,2455.58,0.0,2455.58,Credit Card,False,1.0
ORD105452,2024-10-20,CUST0468,Shreya Reddy,West,Mumbai,Beauty & Personal Care,Skincare Kit,2654.99,1,0.0,2654.99,0.0,2654.99,UPI,False,5.0
ORD102350,2024-10-20,CUST0142,Riya Pillai,South,Kochi,Beauty & Personal Care,Perfume,2941.06,1,5.0,2941.06,147.05,2794.01,Debit Card,False,5.0
ORD102662,2024-10-20,CUST0124,Saanvi Verma,North,Jaipur,Home & Kitchen,Water Purifier,14583.56,1,15.0,14583.56,2187.53,12396.03,UPI,False,4.0
ORD100547,2024-10-21,CUST0242,Naveen Malhotra,West,Pune,Home & Kitchen,Vacuum Cleaner,11552.47,1,10.0,11552.47,1155.25,10397.22,Credit Card,False,5.0
ORD104218,2024-10-21,CUST0606,Swati Kumar,South,Chennai,Sports & Fitness,Cycling Helmet,1090.26,1,0.0,1090.26,0.0,1090.26,Net Banking,False,5.0
ORD102305,2024-10-21,CUST0578,Kiran Patel,North,Chandigarh,Electronics,Smartwatch,10223.37,1,0.0,10223.37,0.0,10223.37,Credit Card,True,5.0
ORD105791,2024-10-21,CUST0007,Karthik Verma,North,Jaipur,Electronics,Laptop,51775.66,1,5.0,51775.66,2588.78,49186.88,Net Banking,False,5.0
ORD103528,2024-10-21,CUST0373,Divya Desai,West,Mumbai,Beauty & Personal Care,Skincare Kit,3103.28,1,0.0,3103.28,0.0,3103.28,Credit Card,False,4.0
ORD102870,2024-10-21,CUST0100,Zara Nair,North,Jaipur,Sports & Fitness,Cycling Helmet,3949.19,1,10.0,3949.19,394.92,3554.27,Cash on Delivery,False,2.0
ORD103750,2024-10-21,CUST0373,Divya Desai,West,Mumbai,Home & Kitchen,Vacuum Cleaner,6859.48,2,5.0,13718.96,685.95,13033.01,Net Banking,False,4.0
ORD103339,2024-10-21,CUST0752,Karthik Menon,North,Lucknow,Sports & Fitness,Fitness Band,7967.57,1,0.0,7967.57,0.0,7967.57,UPI,False,3.0
ORD105660,2024-10-21,CUST0166,Priya Malhotra,North,Delhi,Electronics,Smartwatch,46248.97,2,5.0,92497.94,4624.9,87873.04,UPI,False,5.0
ORD105264,2024-10-21,CUST0406,Vikram Rao,North,Lucknow,Fashion,Backpack,5984.76,1,0.0,5984.76,0.0,5984.76,Credit Card,False,3.0
ORD104185,2024-10-21,CUST0631,Nisha Iyer,North,Delhi,Beauty & Personal Care,Perfume,2099.28,1,15.0,2099.28,314.89,1784.39,Cash on Delivery,False,5.0
ORD104271,2024-10-22,CUST0118,Ananya Das,South,Chennai,Home & Kitchen,Mixer Grinder,6765.07,1,0.0,6765.07,0.0,6765.07,Cash on Delivery,False,4.0
ORD100514,2024-10-22,CUST0491,Anil Sharma,North,Jaipur,Fashion,Denim Jacket,5538.1,1,5.0,5538.1,276.9,5261.2,Credit Card,False,5.0
ORD103472,2024-10-22,CUST0821,Saanvi Rao,West,Ahmedabad,Beauty & Personal Care,Perfume,1697.18,1,5.0,1697.18,84.86,1612.32,Cash on Delivery,False,1.0
ORD103870,2024-10-22,CUST0410,Sai Das,North,Chandigarh,Sports & Fitness,Dumbbell Set,306.61,1,5.0,306.61,15.33,291.28,Cash on Delivery,False,5.0
ORD105166,2024-10-22,CUST0562,Sanjay Patel,South,Chennai,Electronics,Smartwatch,37133.79,1,0.0,37133.79,0.0,37133.79,Cash on Delivery,False,5.0
ORD103885,2024-10-22,CUST0290,Suresh Menon,South,Chennai,Home & Kitchen,Air Fryer,1542.4,1,0.0,1542.4,0.0,1542.4,Net Banking,False,5.0
ORD100613,2024-10-22,CUST0240,Tara Pillai,North,Chandigarh,Home & Kitchen,Non-Stick Cookware Set,5380.42,1,15.0,5380.42,807.06,4573.36,UPI,False,5.0
ORD105319,2024-10-22,CUST0244,Tara Kapoor,South,Chennai,Beauty & Personal Care,Face Serum,1166.18,1,25.0,1166.18,291.54,874.64,UPI,False,5.0
ORD103321,2024-10-22,CUST0362,Karthik Rao,West,Surat,Home & Kitchen,Air Fryer,968.28,2,5.0,1936.56,96.83,1839.73,UPI,False,5.0
ORD103523,2024-10-22,CUST0223,Ramesh Kumar,North,Chandigarh,Electronics,Laptop,34762.07,1,25.0,34762.07,8690.52,26071.55,Cash on Delivery,False,4.0
ORD104969,2024-10-22,CUST0306,Anil Verma,South,Kochi,Fashion,Backpack,1214.4,1,0.0,1214.4,0.0,1214.4,UPI,False,4.0
ORD103323,2024-10-22,CUST0205,Tara Sharma,West,Ahmedabad,Beauty & Personal Care,Perfume,1329.98,1,20.0,1329.98,266.0,1063.98,UPI,False,5.0
ORD104698,2024-10-22,CUST0236,Zara Bose,South,Kochi,Fashion,Wrist Watch,1755.56,1,10.0,1755.56,175.56,1580.0,Net Banking,False,2.0
ORD105844,2024-10-22,CUST0095,Sneha Rao,East,Kolkata,Fashion,Backpack,5162.3,1,0.0,5162.3,0.0,5162.3,UPI,False,3.0
ORD100793,2024-10-22,CUST0438,Ishaan Verma,West,Ahmedabad,Home & Kitchen,Air Fryer,924.32,1,0.0,924.32,0.0,924.32,UPI,False,2.0
ORD105658,2024-10-22,CUST0010,Vivaan Sharma,East,Patna,Sports & Fitness,Resistance Bands,6097.15,1,10.0,6097.15,609.72,5487.43,UPI,False,5.0
ORD100503,2024-10-22,CUST0483,Manish Reddy,South,Kochi,Fashion,Sunglasses,856.0,1,5.0,856.0,42.8,813.2,UPI,False,4.0
ORD105420,2024-10-22,CUST0500,Karthik Menon,South,Hyderabad,Electronics,Wireless Earbuds,34694.18,1,5.0,34694.18,1734.71,32959.47,Net Banking,False,2.0
ORD105124,2024-10-22,CUST0504,Swati Kapoor,West,Surat,Beauty & Personal Care,Hair Dryer,550.58,1,0.0,550.58,0.0,550.58,Credit Card,False,5.0
ORD101322,2024-10-22,CUST0738,Ramesh Pillai,North,Chandigarh,Fashion,Wrist Watch,665.15,1,0.0,665.15,0.0,665.15,Credit Card,False,3.0
ORD102188,2024-10-23,CUST0238,Tara Das,North,Jaipur,Home & Kitchen,Water Purifier,1577.83,2,10.0,3155.66,315.57,2840.09,UPI,False,5.0
ORD104471,2024-10-23,CUST0720,Manish Das,East,Patna,Electronics,Bluetooth Speaker,11806.35,1,0.0,11806.35,0.0,11806.35,UPI,False,4.0
ORD100153,2024-10-23,CUST0487,Krishna Kapoor,West,Mumbai,Electronics,Wireless Earbuds,48664.25,1,10.0,48664.25,4866.42,43797.83,Net Banking,False,5.0
ORD100589,2024-10-23,CUST0043,Divya Iyer,West,Ahmedabad,Electronics,Bluetooth Speaker,41961.98,1,0.0,41961.98,0.0,41961.98,Credit Card,False,3.0
ORD104161,2024-10-23,CUST0838,Nisha Kumar,East,Bhubaneswar,Fashion,Running Shoes,2249.43,1,15.0,2249.43,337.41,1912.02,Debit Card,False,5.0
ORD104858,2024-10-23,CUST0728,Pooja Verma,North,Lucknow,Home & Kitchen,Mixer Grinder,13603.51,1,0.0,13603.51,0.0,13603.51,Net Banking,False,3.0
ORD104348,2024-10-23,CUST0482,Deepak Menon,East,Patna,Beauty & Personal Care,Trimmer,1793.06,2,25.0,3586.12,896.53,2689.59,UPI,False,3.0
ORD100920,2024-10-23,CUST0588,Vivaan Menon,South,Bengaluru,Home & Kitchen,Air Fryer,9626.81,1,5.0,9626.81,481.34,9145.47,UPI,False,3.0
ORD100207,2024-10-23,CUST0802,Swati Menon,South,Hyderabad,Fashion,Backpack,2689.99,1,0.0,2689.99,0.0,2689.99,Credit Card,False,5.0
ORD103912,2024-10-24,CUST0298,Kiran Das,North,Lucknow,Home & Kitchen,Mixer Grinder,11780.2,1,0.0,11780.2,0.0,11780.2,Net Banking,False,5.0
ORD103313,2024-10-24,CUST0124,Saanvi Verma,North,Jaipur,Electronics,Laptop,19119.94,2,5.0,38239.88,1911.99,36327.89,Net Banking,False,2.0
ORD104927,2024-10-24,CUST0174,Krishna Pillai,East,Patna,Electronics,Smartphone,44910.09,1,0.0,44910.09,0.0,44910.09,Debit Card,False,5.0
ORD104872,2024-10-24,CUST0356,Vihaan Singh,West,Pune,Fashion,Running Shoes,3170.62,1,15.0,3170.62,475.59,2695.03,UPI,False,4.0
ORD104516,2024-10-25,CUST0413,Ananya Singh,East,Bhubaneswar,Home & Kitchen,Non-Stick Cookware Set,2306.0,1,0.0,2306.0,0.0,2306.0,Credit Card,False,2.0
ORD100170,2024-10-25,CUST0649,Priya Pillai,South,Kochi,Electronics,Bluetooth Speaker,34892.75,1,0.0,34892.75,0.0,34892.75,UPI,False,3.0
ORD102443,2024-10-25,CUST0271,Deepak Joshi,East,Guwahati,Electronics,Laptop,45513.45,1,0.0,45513.45,0.0,45513.45,Credit Card,False,4.0
ORD100531,2024-10-25,CUST0473,Manisha Chopra,South,Hyderabad,Sports & Fitness,Cycling Helmet,2271.54,1,20.0,2271.54,454.31,1817.23,UPI,False,5.0
ORD102748,2024-10-25,CUST0157,Vivaan Das,North,Lucknow,Beauty & Personal Care,Hair Dryer,3496.22,1,0.0,3496.22,0.0,3496.22,Credit Card,False,3.0
ORD102360,2024-10-25,CUST0437,Kavya Menon,South,Kochi,Home & Kitchen,Vacuum Cleaner,14484.96,2,0.0,28969.92,0.0,28969.92,Net Banking,False,2.0
ORD100762,2024-10-25,CUST0394,Krishna Singh,South,Chennai,Sports & Fitness,Yoga Mat,5339.34,1,0.0,5339.34,0.0,5339.34,Cash on Delivery,False,5.0
ORD103575,2024-10-25,CUST0514,Manish Das,East,Patna,Sports & Fitness,Resistance Bands,5800.8,1,20.0,5800.8,1160.16,4640.64,UPI,False,4.0
ORD100569,2024-10-25,CUST0709,Kiran Rao,East,Bhubaneswar,Home & Kitchen,Air Fryer,4764.16,1,0.0,4764.16,0.0,4764.16,UPI,False,3.0
ORD103133,2024-10-25,CUST0846,Kavya Malhotra,West,Surat,Fashion,Denim Jacket,2893.95,1,0.0,2893.95,0.0,2893.95,Net Banking,False,5.0
ORD103563,2024-10-25,CUST0347,Rohan Das,South,Chennai,Sports & Fitness,Resistance Bands,5264.95,1,15.0,5264.95,789.74,4475.21,Debit Card,False,4.0
ORD104489,2024-10-25,CUST0780,Rahul Mukherjee,North,Delhi,Fashion,Backpack,2277.21,1,5.0,2277.21,113.86,2163.35,Credit Card,False,4.0
ORD102286,2024-10-25,CUST0727,Rohan Patel,South,Bengaluru,Beauty & Personal Care,Skincare Kit,3338.09,1,15.0,3338.09,500.71,2837.38,Credit Card,False,5.0
ORD100108,2024-10-25,CUST0670,Sneha Patel,North,Lucknow,Home & Kitchen,Air Fryer,8164.21,1,5.0,8164.21,408.21,7756.0,UPI,False,5.0
ORD104291,2024-10-26,CUST0284,Lakshmi Nair,West,Pune,Fashion,Sunglasses,1241.98,2,0.0,2483.96,0.0,2483.96,UPI,False,4.0
ORD104764,2024-10-26,CUST0593,Kiran Das,West,Mumbai,Fashion,Backpack,2365.37,1,0.0,2365.37,0.0,2365.37,Credit Card,False,4.0
ORD102878,2024-10-26,CUST0649,Priya Pillai,South,Kochi,Fashion,Wrist Watch,1656.17,2,5.0,3312.34,165.62,3146.72,UPI,False,5.0
ORD103758,2024-10-26,CUST0003,Krishna Gupta,South,Bengaluru,Home & Kitchen,Mixer Grinder,2882.39,1,0.0,2882.39,0.0,2882.39,Credit Card,False,5.0
ORD101889,2024-10-26,CUST0555,Vivaan Sharma,North,Delhi,Home & Kitchen,Water Purifier,2094.53,1,0.0,2094.53,0.0,2094.53,Debit Card,False,3.0
ORD103082,2024-10-26,CUST0720,Manish Das,East,Patna,Fashion,Backpack,1737.36,1,0.0,1737.36,0.0,1737.36,UPI,False,4.0
ORD105849,2024-10-26,CUST0075,Isha Patel,North,Jaipur,Fashion,Backpack,4238.88,1,5.0,4238.88,211.94,4026.94,Credit Card,False,5.0
ORD100931,2024-10-26,CUST0231,Kiran Mukherjee,East,Bhubaneswar,Electronics,Smartwatch,51507.67,1,0.0,51507.67,0.0,51507.67,Net Banking,False,4.0
ORD100028,2024-10-26,CUST0102,Tara Desai,East,Patna,Fashion,Backpack,5311.91,1,0.0,5311.91,0.0,5311.91,Debit Card,False,2.0
ORD101874,2024-10-27,CUST0537,Sneha Sharma,West,Surat,Fashion,Backpack,4015.58,3,20.0,12046.74,2409.35,9637.39,UPI,False,4.0
ORD101923,2024-10-27,CUST0492,Swati Menon,North,Jaipur,Fashion,Backpack,838.18,1,20.0,838.18,167.64,670.54,UPI,False,4.0
ORD101992,2024-10-27,CUST0084,Lakshmi Das,North,Chandigarh,Fashion,Wrist Watch,4802.71,1,0.0,4802.71,0.0,4802.71,UPI,False,5.0
ORD100639,2024-10-27,CUST0437,Kavya Menon,South,Kochi,Sports & Fitness,Fitness Band,3567.6,1,0.0,3567.6,0.0,3567.6,Credit Card,False,1.0
ORD104634,2024-10-27,CUST0563,Sneha Pillai,West,Mumbai,Fashion,Running Shoes,1168.66,1,0.0,1168.66,0.0,1168.66,UPI,False,2.0
ORD104191,2024-10-27,CUST0630,Neha Desai,North,Chandigarh,Sports & Fitness,Dumbbell Set,4862.35,1,0.0,4862.35,0.0,4862.35,Net Banking,False,2.0
ORD105687,2024-10-27,CUST0385,Nisha Das,East,Guwahati,Home & Kitchen,Mixer Grinder,2672.4,1,0.0,2672.4,0.0,2672.4,Net Banking,False,2.0
ORD101557,2024-10-27,CUST0647,Ramesh Das,North,Jaipur,Fashion,Denim Jacket,3600.49,2,5.0,7200.98,360.05,6840.93,UPI,False,4.0
ORD100711,2024-10-27,CUST0153,Vikram Mukherjee,West,Mumbai,Fashion,Denim Jacket,3421.24,1,0.0,3421.24,0.0,3421.24,Net Banking,False,5.0
ORD103873,2024-10-27,CUST0552,Shreya Joshi,South,Hyderabad,Sports & Fitness,Resistance Bands,2167.44,1,0.0,2167.44,0.0,2167.44,UPI,False,4.0
ORD103530,2024-10-27,CUST0077,Sai Singh,East,Kolkata,Electronics,Smartwatch,8296.76,1,20.0,8296.76,1659.35,6637.41,UPI,False,4.0
ORD103692,2024-10-27,CUST0080,Vikram Kapoor,North,Lucknow,Electronics,Smartwatch,37679.65,1,0.0,37679.65,0.0,37679.65,Cash on Delivery,False,2.0
ORD101034,2024-10-27,CUST0589,Aarav Joshi,South,Chennai,Beauty & Personal Care,Trimmer,2934.03,1,0.0,2934.03,0.0,2934.03,Net Banking,False,5.0
ORD100782,2024-10-27,CUST0813,Karthik Iyer,East,Kolkata,Beauty & Personal Care,Trimmer,1957.1,1,25.0,1957.1,489.28,1467.82,Credit Card,False,5.0
ORD103973,2024-10-27,CUST0240,Tara Pillai,North,Chandigarh,Home & Kitchen,Air Fryer,1892.71,1,10.0,1892.71,189.27,1703.44,UPI,False,2.0
ORD102649,2024-10-28,CUST0656,Lakshmi Bose,West,Mumbai,Home & Kitchen,Vacuum Cleaner,12625.92,1,0.0,12625.92,0.0,12625.92,UPI,True,4.0
ORD100755,2024-10-28,CUST0702,Manish Chopra,West,Surat,Electronics,Bluetooth Speaker,38506.31,1,0.0,38506.31,0.0,38506.31,Net Banking,False,2.0
ORD104391,2024-10-28,CUST0831,Naveen Pillai,North,Lucknow,Fashion,Running Shoes,1818.84,1,0.0,1818.84,0.0,1818.84,Net Banking,False,3.0
ORD101058,2024-10-28,CUST0495,Vihaan Reddy,North,Chandigarh,Home & Kitchen,Mixer Grinder,11231.64,1,0.0,11231.64,0.0,11231.64,Credit Card,False,4.0
ORD101964,2024-10-28,CUST0003,Krishna Gupta,South,Bengaluru,Electronics,Smartphone,24417.38,1,5.0,24417.38,1220.87,23196.51,Debit Card,False,4.0
ORD100175,2024-10-28,CUST0406,Vikram Rao,North,Lucknow,Home & Kitchen,Vacuum Cleaner,2494.05,1,10.0,2494.05,249.4,2244.65,Net Banking,False,5.0
ORD100768,2024-10-28,CUST0272,Nisha Iyer,East,Patna,Electronics,Smartphone,43217.58,1,20.0,43217.58,8643.52,34574.06,Debit Card,False,3.0
ORD104462,2024-10-28,CUST0550,Saanvi Gupta,North,Chandigarh,Beauty & Personal Care,Face Serum,2521.91,1,0.0,2521.91,0.0,2521.91,UPI,False,2.0
ORD104054,2024-10-28,CUST0417,Tara Desai,East,Kolkata,Fashion,Backpack,5911.16,1,0.0,5911.16,0.0,5911.16,UPI,False,5.0
ORD104074,2024-10-28,CUST0027,Vivaan Rao,South,Kochi,Sports & Fitness,Cycling Helmet,7294.1,2,10.0,14588.2,1458.82,13129.38,UPI,False,3.0
ORD103786,2024-10-28,CUST0254,Ananya Mukherjee,West,Mumbai,Electronics,Bluetooth Speaker,16250.51,1,5.0,16250.51,812.53,15437.98,Credit Card,False,5.0
ORD100961,2024-10-29,CUST0328,Naveen Singh,North,Jaipur,Home & Kitchen,Vacuum Cleaner,4997.17,3,0.0,14991.51,0.0,14991.51,Debit Card,False,5.0
ORD103401,2024-10-29,CUST0510,Anil Menon,East,Guwahati,Beauty & Personal Care,Hair Dryer,2340.35,2,10.0,4680.7,468.07,4212.63,Debit Card,False,3.0
ORD105361,2024-10-29,CUST0674,Ishaan Iyer,South,Bengaluru,Home & Kitchen,Non-Stick Cookware Set,5325.51,1,10.0,5325.51,532.55,4792.96,Cash on Delivery,False,2.0
ORD104526,2024-10-29,CUST0089,Aarav Joshi,South,Chennai,Electronics,Wireless Earbuds,44932.51,1,0.0,44932.51,0.0,44932.51,Credit Card,False,4.0
ORD101603,2024-10-29,CUST0450,Swati Singh,East,Kolkata,Fashion,Backpack,5120.42,3,10.0,15361.26,1536.13,13825.13,Cash on Delivery,False,1.0
ORD100968,2024-10-29,CUST0206,Arjun Chopra,South,Kochi,Home & Kitchen,Vacuum Cleaner,4156.58,1,5.0,4156.58,207.83,3948.75,UPI,False,2.0
ORD103406,2024-10-29,CUST0684,Ananya Patel,North,Lucknow,Fashion,Sunglasses,2994.14,1,5.0,2994.14,149.71,2844.43,Cash on Delivery,False,3.0
ORD102753,2024-10-29,CUST0484,Zara Menon,West,Surat,Beauty & Personal Care,Perfume,1949.77,2,0.0,3899.54,0.0,3899.54,UPI,False,3.0
ORD101446,2024-10-29,CUST0588,Vivaan Menon,South,Bengaluru,Home & Kitchen,Non-Stick Cookware Set,12710.15,1,15.0,12710.15,1906.52,10803.63,Credit Card,False,3.0
ORD103642,2024-10-29,CUST0018,Nisha Mukherjee,West,Surat,Sports & Fitness,Dumbbell Set,1687.23,1,20.0,1687.23,337.45,1349.78,UPI,True,5.0
ORD105181,2024-10-29,CUST0437,Kavya Menon,South,Kochi,Electronics,Smartphone,23396.03,1,5.0,23396.03,1169.8,22226.23,UPI,False,2.0
ORD103288,2024-10-29,CUST0813,Karthik Iyer,East,Kolkata,Sports & Fitness,Cycling Helmet,1463.74,3,15.0,4391.22,658.68,3732.54,Credit Card,False,5.0
ORD101419,2024-10-29,CUST0707,Isha Menon,West,Pune,Beauty & Personal Care,Face Serum,2045.33,2,25.0,4090.66,1022.66,3068.0,Debit Card,False,3.0
ORD102151,2024-10-29,CUST0772,Meera Malhotra,South,Bengaluru,Home & Kitchen,Water Purifier,3372.43,1,0.0,3372.43,0.0,3372.43,Debit Card,False,2.0
ORD104901,2024-10-29,CUST0162,Anil Chopra,South,Bengaluru,Fashion,Running Shoes,1528.22,1,10.0,1528.22,152.82,1375.4,Debit Card,False,5.0
ORD105454,2024-10-29,CUST0018,Nisha Mukherjee,West,Surat,Electronics,Smartphone,18296.05,1,0.0,18296.05,0.0,18296.05,Cash on Delivery,False,3.0
ORD101708,2024-10-29,CUST0400,Sai Bose,East,Bhubaneswar,Home & Kitchen,Water Purifier,1373.66,1,0.0,1373.66,0.0,1373.66,Net Banking,False,5.0
ORD100101,2024-10-29,CUST0384,Naveen Kumar,North,Jaipur,Electronics,Smartphone,52041.92,1,0.0,52041.92,0.0,52041.92,UPI,False,4.0
ORD103350,2024-10-30,CUST0849,Kavya Gupta,South,Hyderabad,Home & Kitchen,Air Fryer,4832.2,1,5.0,4832.2,241.61,4590.59,Cash on Delivery,False,5.0
ORD100933,2024-10-30,CUST0759,Aditya Sharma,East,Patna,Sports & Fitness,Dumbbell Set,2951.66,1,15.0,2951.66,442.75,2508.91,Debit Card,False,5.0
ORD102800,2024-10-30,CUST0263,Manisha Joshi,South,Chennai,Beauty & Personal Care,Hair Dryer,2448.13,1,15.0,2448.13,367.22,2080.91,Credit Card,False,5.0
ORD104754,2024-10-30,CUST0732,Zara Nair,South,Chennai,Beauty & Personal Care,Hair Dryer,3388.56,1,15.0,3388.56,508.28,2880.28,Net Banking,False,2.0
ORD103433,2024-10-30,CUST0374,Meera Kapoor,East,Kolkata,Beauty & Personal Care,Face Serum,2329.85,2,5.0,4659.7,232.98,4426.72,Debit Card,False,5.0
ORD101131,2024-10-30,CUST0181,Sanjay Joshi,North,Jaipur,Electronics,Bluetooth Speaker,38773.61,1,10.0,38773.61,3877.36,34896.25,UPI,False,5.0
ORD103422,2024-10-30,CUST0015,Meera Kapoor,West,Surat,Electronics,Smartphone,52998.59,1,0.0,52998.59,0.0,52998.59,Cash on Delivery,False,3.0
ORD100180,2024-10-30,CUST0707,Isha Menon,West,Pune,Home & Kitchen,Air Fryer,12355.03,2,20.0,24710.06,4942.01,19768.05,Cash on Delivery,False,5.0
ORD101290,2024-10-30,CUST0043,Divya Iyer,West,Ahmedabad,Electronics,Wireless Earbuds,1633.23,2,20.0,3266.46,653.29,2613.17,Debit Card,False,2.0
ORD105380,2024-10-30,CUST0061,Isha Joshi,East,Guwahati,Beauty & Personal Care,Perfume,967.62,1,5.0,967.62,48.38,919.24,Net Banking,False,4.0
ORD105940,2024-10-30,CUST0720,Manish Das,East,Patna,Beauty & Personal Care,Hair Dryer,3277.01,1,10.0,3277.01,327.7,2949.31,Net Banking,False,5.0
ORD100771,2024-10-30,CUST0202,Arjun Nair,North,Lucknow,Home & Kitchen,Non-Stick Cookware Set,13577.62,1,10.0,13577.62,1357.76,12219.86,Debit Card,False,5.0
ORD104392,2024-10-30,CUST0145,Lakshmi Das,North,Lucknow,Home & Kitchen,Air Fryer,2619.02,1,0.0,2619.02,0.0,2619.02,Net Banking,False,5.0
ORD101436,2024-10-30,CUST0476,Vikram Desai,West,Mumbai,Beauty & Personal Care,Hair Dryer,2782.94,1,20.0,2782.94,556.59,2226.35,Debit Card,False,5.0
ORD101916,2024-10-30,CUST0734,Diya Das,North,Delhi,Beauty & Personal Care,Trimmer,679.96,2,10.0,1359.92,135.99,1223.93,Debit Card,False,5.0
ORD101919,2024-10-30,CUST0062,Pooja Gupta,South,Kochi,Sports & Fitness,Yoga Mat,6437.39,1,20.0,6437.39,1287.48,5149.91,Credit Card,False,5.0
ORD100545,2024-10-30,CUST0349,Zara Reddy,South,Kochi,Beauty & Personal Care,Trimmer,3246.8,1,5.0,3246.8,162.34,3084.46,Credit Card,False,3.0
ORD104478,2024-10-30,CUST0588,Vivaan Menon,South,Bengaluru,Beauty & Personal Care,Perfume,555.45,1,15.0,555.45,83.32,472.13,Net Banking,False,1.0
ORD102254,2024-10-30,CUST0111,Vivaan Sharma,West,Ahmedabad,Fashion,Running Shoes,3801.92,2,0.0,7603.84,0.0,7603.84,Credit Card,False,4.0
ORD102724,2024-10-31,CUST0174,Krishna Pillai,East,Patna,Beauty & Personal Care,Perfume,730.51,2,0.0,1461.02,0.0,1461.02,Debit Card,False,2.0
ORD105164,2024-10-31,CUST0719,Pooja Chopra,East,Patna,Home & Kitchen,Water Purifier,3638.04,1,0.0,3638.04,0.0,3638.04,UPI,False,2.0
ORD104437,2024-10-31,CUST0157,Vivaan Das,North,Lucknow,Electronics,Smartwatch,37884.91,1,5.0,37884.91,1894.25,35990.66,Credit Card,False,1.0
ORD102000,2024-10-31,CUST0410,Sai Das,North,Chandigarh,Home & Kitchen,Vacuum Cleaner,13897.25,1,15.0,13897.25,2084.59,11812.66,Credit Card,False,5.0
ORD103624,2024-10-31,CUST0591,Deepak Menon,West,Mumbai,Home & Kitchen,Non-Stick Cookware Set,2566.88,1,25.0,2566.88,641.72,1925.16,Credit Card,False,5.0
ORD101673,2024-10-31,CUST0121,Zara Iyer,East,Guwahati,Beauty & Personal Care,Trimmer,2236.95,1,5.0,2236.95,111.85,2125.1,Credit Card,False,
ORD105973,2024-10-31,CUST0841,Rahul Kapoor,West,Surat,Electronics,Bluetooth Speaker,22595.93,1,0.0,22595.93,0.0,22595.93,Cash on Delivery,False,1.0
ORD104798,2024-10-31,CUST0556,Arjun Desai,North,Chandigarh,Beauty & Personal Care,Perfume,2154.02,1,0.0,2154.02,0.0,2154.02,UPI,False,5.0
ORD102289,2024-10-31,CUST0370,Sanjay Menon,West,Surat,Sports & Fitness,Resistance Bands,4441.44,2,10.0,8882.88,888.29,7994.59,UPI,False,2.0
ORD103633,2024-10-31,CUST0118,Ananya Das,South,Chennai,Home & Kitchen,Non-Stick Cookware Set,10607.44,1,0.0,10607.44,0.0,10607.44,UPI,False,4.0
ORD100458,2024-10-31,CUST0496,Lakshmi Singh,East,Guwahati,Electronics,Smartwatch,54866.24,1,0.0,54866.24,0.0,54866.24,Net Banking,False,3.0
ORD102874,2024-10-31,CUST0258,Reyansh Malhotra,West,Mumbai,Home & Kitchen,Non-Stick Cookware Set,7748.35,1,5.0,7748.35,387.42,7360.93,UPI,False,1.0
ORD104687,2024-10-31,CUST0294,Diya Singh,North,Jaipur,Fashion,Denim Jacket,5759.26,1,0.0,5759.26,0.0,5759.26,Credit Card,False,5.0
ORD101130,2024-11-01,CUST0099,Priya Iyer,South,Hyderabad,Home & Kitchen,Water Purifier,2060.03,2,15.0,4120.06,618.01,3502.05,Credit Card,False,3.0
ORD103343,2024-11-01,CUST0407,Vivaan Desai,North,Delhi,Fashion,Sunglasses,814.14,2,0.0,1628.28,0.0,1628.28,Debit Card,False,2.0
ORD100165,2024-11-01,CUST0200,Sanjay Reddy,East,Patna,Electronics,Wireless Earbuds,31924.81,1,0.0,31924.81,0.0,31924.81,Credit Card,False,5.0
ORD105828,2024-11-01,CUST0143,Naveen Malhotra,South,Hyderabad,Home & Kitchen,Vacuum Cleaner,11761.75,1,5.0,11761.75,588.09,11173.66,Debit Card,False,1.0
ORD105570,2024-11-01,CUST0050,Suresh Reddy,East,Kolkata,Beauty & Personal Care,Skincare Kit,3375.87,2,0.0,6751.74,0.0,6751.74,Debit Card,True,3.0
ORD103862,2024-11-01,CUST0018,Nisha Mukherjee,West,Surat,Sports & Fitness,Cycling Helmet,5132.45,1,10.0,5132.45,513.24,4619.21,Credit Card,False,3.0
ORD102603,2024-11-01,CUST0827,Shreya Gupta,North,Chandigarh,Sports & Fitness,Cycling Helmet,1111.97,2,0.0,2223.94,0.0,2223.94,UPI,False,5.0
ORD101184,2024-11-01,CUST0187,Sneha Bose,West,Ahmedabad,Sports & Fitness,Cycling Helmet,6761.63,1,5.0,6761.63,338.08,6423.55,UPI,False,2.0
ORD103272,2024-11-01,CUST0615,Vikram Joshi,West,Ahmedabad,Beauty & Personal Care,Trimmer,3479.13,1,0.0,3479.13,0.0,3479.13,Credit Card,False,3.0
ORD104431,2024-11-02,CUST0707,Isha Menon,West,Pune,Beauty & Personal Care,Perfume,729.54,1,15.0,729.54,109.43,620.11,UPI,False,1.0
ORD105638,2024-11-02,CUST0410,Sai Das,North,Chandigarh,Electronics,Bluetooth Speaker,1350.21,1,10.0,1350.21,135.02,1215.19,Cash on Delivery,False,5.0
ORD103896,2024-11-02,CUST0685,Aditya Patel,North,Lucknow,Fashion,Sunglasses,4649.42,2,10.0,9298.84,929.88,8368.96,Debit Card,False,5.0
ORD104883,2024-11-02,CUST0655,Vihaan Mukherjee,South,Kochi,Home & Kitchen,Air Fryer,4414.06,1,0.0,4414.06,0.0,4414.06,Debit Card,False,5.0
ORD101906,2024-11-02,CUST0781,Sanjay Mukherjee,West,Surat,Sports & Fitness,Yoga Mat,6292.45,1,0.0,6292.45,0.0,6292.45,UPI,False,5.0
ORD102302,2024-11-02,CUST0271,Deepak Joshi,East,Guwahati,Electronics,Wireless Earbuds,54402.15,1,10.0,54402.15,5440.22,48961.93,Credit Card,False,5.0
ORD102513,2024-11-02,CUST0705,Priya Singh,West,Surat,Electronics,Laptop,1380.9,1,10.0,1380.9,138.09,1242.81,UPI,False,4.0
ORD103033,2024-11-02,CUST0702,Manish Chopra,West,Surat,Beauty & Personal Care,Skincare Kit,1092.63,1,15.0,1092.63,163.89,928.74,Credit Card,False,4.0
ORD104272,2024-11-02,CUST0629,Suresh Mukherjee,North,Delhi,Beauty & Personal Care,Hair Dryer,3445.57,1,0.0,3445.57,0.0,3445.57,UPI,False,2.0
ORD105987,2024-11-02,CUST0441,Swati Singh,North,Lucknow,Home & Kitchen,Vacuum Cleaner,5314.63,1,0.0,5314.63,0.0,5314.63,UPI,False,3.0
ORD103582,2024-11-02,CUST0026,Swati Nair,South,Chennai,Electronics,Bluetooth Speaker,46185.07,1,10.0,46185.07,4618.51,41566.56,UPI,False,4.0
ORD104308,2024-11-02,CUST0438,Ishaan Verma,West,Ahmedabad,Sports & Fitness,Resistance Bands,339.25,1,0.0,339.25,0.0,339.25,UPI,False,4.0
ORD104841,2024-11-02,CUST0821,Saanvi Rao,West,Ahmedabad,Electronics,Laptop,26330.61,1,25.0,26330.61,6582.65,19747.96,Cash on Delivery,False,5.0
ORD105859,2024-11-02,CUST0624,Priya Gupta,West,Ahmedabad,Sports & Fitness,Yoga Mat,2176.29,1,10.0,2176.29,217.63,1958.66,Net Banking,False,4.0
ORD101800,2024-11-03,CUST0619,Krishna Mukherjee,South,Bengaluru,Fashion,Denim Jacket,5960.12,1,0.0,5960.12,0.0,5960.12,UPI,False,4.0
ORD101195,2024-11-03,CUST0288,Neha Sharma,East,Guwahati,Fashion,Running Shoes,1717.67,1,0.0,1717.67,0.0,1717.67,UPI,False,4.0
ORD104422,2024-11-03,CUST0263,Manisha Joshi,South,Chennai,Electronics,Smartphone,5498.66,1,10.0,5498.66,549.87,4948.79,UPI,False,4.0
ORD104189,2024-11-03,CUST0221,Divya Das,North,Lucknow,Home & Kitchen,Mixer Grinder,8042.83,2,10.0,16085.66,1608.57,14477.09,Cash on Delivery,False,4.0
ORD102735,2024-11-03,CUST0361,Saanvi Kumar,West,Surat,Beauty & Personal Care,Skincare Kit,2277.22,1,0.0,2277.22,0.0,2277.22,UPI,False,5.0
ORD100513,2024-11-03,CUST0306,Anil Verma,South,Kochi,Beauty & Personal Care,Trimmer,2106.93,1,15.0,2106.93,316.04,1790.89,Debit Card,False,5.0
ORD101407,2024-11-03,CUST0718,Nisha Verma,East,Kolkata,Beauty & Personal Care,Trimmer,3442.12,2,10.0,6884.24,688.42,6195.82,Cash on Delivery,False,3.0
ORD104633,2024-11-03,CUST0112,Diya Reddy,East,Bhubaneswar,Fashion,Backpack,3956.75,1,0.0,3956.75,0.0,3956.75,Credit Card,False,1.0
ORD104465,2024-11-03,CUST0391,Saanvi Kapoor,East,Kolkata,Electronics,Wireless Earbuds,27393.84,1,0.0,27393.84,0.0,27393.84,Credit Card,False,5.0
ORD100243,2024-11-03,CUST0495,Vihaan Reddy,North,Chandigarh,Fashion,Backpack,4674.52,1,0.0,4674.52,0.0,4674.52,Net Banking,False,5.0
ORD101876,2024-11-03,CUST0638,Nisha Kapoor,East,Kolkata,Home & Kitchen,Non-Stick Cookware Set,14042.64,1,0.0,14042.64,0.0,14042.64,Debit Card,False,2.0
ORD105383,2024-11-04,CUST0137,Rahul Sharma,East,Guwahati,Home & Kitchen,Non-Stick Cookware Set,11986.78,3,0.0,35960.34,0.0,35960.34,Debit Card,False,5.0
ORD104078,2024-11-04,CUST0386,Nisha Pillai,North,Lucknow,Fashion,Sunglasses,5886.19,1,0.0,5886.19,0.0,5886.19,Debit Card,False,5.0
ORD102088,2024-11-04,CUST0675,Zara Das,North,Delhi,Electronics,Bluetooth Speaker,39959.69,1,10.0,39959.69,3995.97,35963.72,UPI,False,4.0
ORD102133,2024-11-04,CUST0516,Sai Sharma,East,Patna,Home & Kitchen,Mixer Grinder,6895.78,1,5.0,6895.78,344.79,6550.99,Credit Card,False,5.0
ORD104941,2024-11-04,CUST0089,Aarav Joshi,South,Chennai,Fashion,Backpack,5104.66,1,10.0,5104.66,510.47,4594.19,Net Banking,False,4.0
ORD101365,2024-11-04,CUST0556,Arjun Desai,North,Chandigarh,Fashion,Backpack,874.32,1,0.0,874.32,0.0,874.32,Cash on Delivery,False,5.0
ORD105433,2024-11-04,CUST0081,Pooja Patel,North,Lucknow,Sports & Fitness,Resistance Bands,6995.33,1,0.0,6995.33,0.0,6995.33,UPI,False,5.0
ORD100896,2024-11-04,CUST0311,Ananya Das,West,Mumbai,Fashion,Denim Jacket,3887.84,1,15.0,3887.84,583.18,3304.66,Cash on Delivery,False,5.0
ORD101281,2024-11-04,CUST0039,Aarav Gupta,East,Bhubaneswar,Electronics,Wireless Earbuds,12607.93,1,5.0,12607.93,630.4,11977.53,Debit Card,False,1.0
ORD101211,2024-11-04,CUST0555,Vivaan Sharma,North,Delhi,Fashion,Sunglasses,1953.1,1,15.0,1953.1,292.96,1660.14,UPI,False,5.0
ORD102309,2024-11-05,CUST0409,Vihaan Kapoor,South,Chennai,Fashion,Wrist Watch,5796.91,1,20.0,5796.91,1159.38,4637.53,Debit Card,False,4.0
ORD105950,2024-11-05,CUST0386,Nisha Pillai,North,Lucknow,Fashion,Wrist Watch,1168.55,1,15.0,1168.55,175.28,993.27,Cash on Delivery,False,5.0
ORD102551,2024-11-05,CUST0209,Vivaan Das,North,Lucknow,Beauty & Personal Care,Trimmer,2639.98,1,0.0,2639.98,0.0,2639.98,Net Banking,False,4.0
ORD102963,2024-11-05,CUST0035,Rahul Bose,North,Lucknow,Home & Kitchen,Mixer Grinder,4696.04,1,15.0,4696.04,704.41,3991.63,Credit Card,False,4.0
ORD105379,2024-11-05,CUST0384,Naveen Kumar,North,Jaipur,Beauty & Personal Care,Skincare Kit,1524.57,1,10.0,1524.57,152.46,1372.11,UPI,False,4.0
ORD102566,2024-11-05,CUST0041,Krishna Menon,North,Lucknow,Electronics,Laptop,32251.18,1,0.0,32251.18,0.0,32251.18,UPI,False,4.0
ORD104530,2024-11-05,CUST0062,Pooja Gupta,South,Kochi,Home & Kitchen,Vacuum Cleaner,1345.09,2,15.0,2690.18,403.53,2286.65,UPI,False,2.0
ORD103340,2024-11-05,CUST0547,Priya Nair,South,Kochi,Fashion,Running Shoes,1481.38,1,15.0,1481.38,222.21,1259.17,Credit Card,False,5.0
ORD105502,2024-11-05,CUST0019,Vihaan Malhotra,North,Lucknow,Sports & Fitness,Dumbbell Set,3309.61,1,20.0,3309.61,661.92,2647.69,Credit Card,False,5.0
ORD104555,2024-11-05,CUST0518,Karthik Mukherjee,South,Hyderabad,Sports & Fitness,Fitness Band,1535.51,1,0.0,1535.51,0.0,1535.51,UPI,False,1.0
ORD101620,2024-11-05,CUST0473,Manisha Chopra,South,Hyderabad,Sports & Fitness,Resistance Bands,3490.21,1,0.0,3490.21,0.0,3490.21,Net Banking,False,4.0
ORD100816,2024-11-05,CUST0025,Riya Nair,East,Guwahati,Sports & Fitness,Resistance Bands,6999.37,1,0.0,6999.37,0.0,6999.37,Debit Card,False,5.0
ORD103958,2024-11-05,CUST0389,Anil Nair,South,Hyderabad,Beauty & Personal Care,Hair Dryer,1279.44,1,10.0,1279.44,127.94,1151.5,UPI,False,5.0
ORD105224,2024-11-05,CUST0350,Sneha Rao,West,Ahmedabad,Home & Kitchen,Air Fryer,6013.77,1,0.0,6013.77,0.0,6013.77,Debit Card,False,4.0
ORD105783,2024-11-05,CUST0166,Priya Malhotra,North,Delhi,Sports & Fitness,Fitness Band,2726.87,2,0.0,5453.74,0.0,5453.74,Net Banking,False,4.0
ORD102633,2024-11-06,CUST0787,Karthik Joshi,North,Chandigarh,Home & Kitchen,Mixer Grinder,11261.63,1,15.0,11261.63,1689.24,9572.39,Debit Card,False,5.0
ORD100827,2024-11-06,CUST0006,Swati Iyer,North,Lucknow,Beauty & Personal Care,Perfume,1391.42,1,25.0,1391.42,347.86,1043.56,Net Banking,False,5.0
ORD104481,2024-11-06,CUST0097,Priya Sharma,South,Chennai,Fashion,Running Shoes,4411.39,1,0.0,4411.39,0.0,4411.39,UPI,False,3.0
ORD100435,2024-11-06,CUST0240,Tara Pillai,North,Chandigarh,Electronics,Smartwatch,13176.08,1,5.0,13176.08,658.8,12517.28,UPI,False,5.0
ORD105057,2024-11-06,CUST0052,Swati Iyer,West,Mumbai,Electronics,Smartwatch,2223.8,1,5.0,2223.8,111.19,2112.61,UPI,False,5.0
ORD103704,2024-11-06,CUST0215,Aditya Sharma,East,Patna,Home & Kitchen,Non-Stick Cookware Set,5093.35,1,0.0,5093.35,0.0,5093.35,Net Banking,False,5.0
ORD104546,2024-11-06,CUST0008,Vikram Pillai,West,Mumbai,Electronics,Smartphone,36210.96,2,0.0,72421.92,0.0,72421.92,Debit Card,False,3.0
ORD102157,2024-11-06,CUST0221,Divya Das,North,Lucknow,Beauty & Personal Care,Trimmer,2693.89,1,5.0,2693.89,134.69,2559.2,Cash on Delivery,False,4.0
ORD105655,2024-11-06,CUST0850,Anil Desai,West,Mumbai,Sports & Fitness,Cycling Helmet,2183.62,1,10.0,2183.62,218.36,1965.26,Credit Card,False,5.0
ORD101444,2024-11-06,CUST0849,Kavya Gupta,South,Hyderabad,Beauty & Personal Care,Trimmer,307.05,1,5.0,307.05,15.35,291.7,UPI,False,4.0
ORD102193,2024-11-06,CUST0639,Vihaan Chopra,West,Pune,Beauty & Personal Care,Perfume,1090.53,2,0.0,2181.06,0.0,2181.06,Net Banking,False,4.0
ORD101572,2024-11-07,CUST0202,Arjun Nair,North,Lucknow,Electronics,Smartwatch,41551.19,1,5.0,41551.19,2077.56,39473.63,Net Banking,False,1.0
ORD102334,2024-11-07,CUST0624,Priya Gupta,West,Ahmedabad,Fashion,Sunglasses,2099.8,1,15.0,2099.8,314.97,1784.83,UPI,True,3.0
ORD103231,2024-11-07,CUST0039,Aarav Gupta,East,Bhubaneswar,Sports & Fitness,Resistance Bands,366.23,1,0.0,366.23,0.0,366.23,UPI,False,5.0
ORD103327,2024-11-07,CUST0305,Arjun Kapoor,West,Mumbai,Electronics,Wireless Earbuds,19156.17,1,20.0,19156.17,3831.23,15324.94,Cash on Delivery,False,5.0
ORD101161,2024-11-07,CUST0468,Shreya Reddy,West,Mumbai,Fashion,Sunglasses,861.26,2,5.0,1722.52,86.13,1636.39,Net Banking,False,4.0
ORD100293,2024-11-07,CUST0813,Karthik Iyer,East,Kolkata,Sports & Fitness,Resistance Bands,3782.89,1,0.0,3782.89,0.0,3782.89,Credit Card,False,5.0
ORD100063,2024-11-07,CUST0842,Shreya Iyer,North,Lucknow,Fashion,Backpack,1587.65,1,0.0,1587.65,0.0,1587.65,UPI,False,5.0
ORD101088,2024-11-07,CUST0473,Manisha Chopra,South,Hyderabad,Sports & Fitness,Resistance Bands,2343.0,1,5.0,2343.0,117.15,2225.85,Debit Card,False,5.0
ORD104725,2024-11-07,CUST0327,Swati Verma,South,Chennai,Beauty & Personal Care,Perfume,1080.64,2,0.0,2161.28,0.0,2161.28,UPI,False,5.0
ORD103684,2024-11-07,CUST0293,Krishna Rao,West,Surat,Fashion,Running Shoes,4191.19,1,0.0,4191.19,0.0,4191.19,UPI,False,4.0
ORD104668,2024-11-07,CUST0780,Rahul Mukherjee,North,Delhi,Home & Kitchen,Water Purifier,6901.46,1,10.0,6901.46,690.15,6211.31,Cash on Delivery,True,3.0
ORD103653,2024-11-07,CUST0192,Diya Bose,West,Mumbai,Sports & Fitness,Resistance Bands,2874.51,1,10.0,2874.51,287.45,2587.06,UPI,False,4.0
ORD104331,2024-11-07,CUST0424,Aditya Sharma,East,Guwahati,Fashion,Backpack,2623.99,1,20.0,2623.99,524.8,2099.19,Cash on Delivery,False,2.0
ORD104248,2024-11-07,CUST0153,Vikram Mukherjee,West,Mumbai,Fashion,Denim Jacket,2433.94,1,0.0,2433.94,0.0,2433.94,UPI,False,5.0
ORD103816,2024-11-07,CUST0003,Krishna Gupta,South,Bengaluru,Home & Kitchen,Vacuum Cleaner,2923.58,1,25.0,2923.58,730.9,2192.68,Credit Card,False,4.0
ORD104690,2024-11-08,CUST0381,Saanvi Rao,North,Lucknow,Beauty & Personal Care,Hair Dryer,798.03,1,20.0,798.03,159.61,638.42,Net Banking,False,5.0
ORD105837,2024-11-08,CUST0650,Rohan Gupta,West,Mumbai,Electronics,Bluetooth Speaker,7520.23,1,10.0,7520.23,752.02,6768.21,Debit Card,False,4.0
ORD104217,2024-11-08,CUST0617,Suresh Reddy,South,Chennai,Electronics,Bluetooth Speaker,6775.76,1,0.0,6775.76,0.0,6775.76,Net Banking,False,4.0
ORD100048,2024-11-08,CUST0155,Karthik Verma,South,Chennai,Electronics,Bluetooth Speaker,35265.01,1,0.0,35265.01,0.0,35265.01,UPI,False,5.0
ORD105657,2024-11-08,CUST0337,Sneha Rao,North,Jaipur,Sports & Fitness,Resistance Bands,4616.54,1,5.0,4616.54,230.83,4385.71,Credit Card,False,4.0
ORD102710,2024-11-08,CUST0448,Anil Chopra,South,Chennai,Home & Kitchen,Mixer Grinder,5961.66,1,10.0,5961.66,596.17,5365.49,Net Banking,False,2.0
ORD102459,2024-11-08,CUST0584,Manish Singh,South,Kochi,Fashion,Backpack,5736.54,1,0.0,5736.54,0.0,5736.54,Cash on Delivery,False,5.0
ORD100198,2024-11-08,CUST0003,Krishna Gupta,South,Bengaluru,Home & Kitchen,Mixer Grinder,1959.52,1,5.0,1959.52,97.98,1861.54,Debit Card,False,4.0
ORD101110,2024-11-08,CUST0700,Aditya Singh,North,Lucknow,Fashion,Running Shoes,4399.88,1,0.0,4399.88,0.0,4399.88,Debit Card,False,5.0
ORD100622,2024-11-08,CUST0829,Sanjay Desai,North,Delhi,Electronics,Bluetooth Speaker,2970.42,1,5.0,2970.42,148.52,2821.9,Net Banking,False,5.0
ORD105240,2024-11-08,CUST0030,Sneha Kumar,North,Chandigarh,Home & Kitchen,Vacuum Cleaner,5039.56,2,25.0,10079.12,2519.78,7559.34,Credit Card,False,1.0
ORD100077,2024-11-09,CUST0293,Krishna Rao,West,Surat,Home & Kitchen,Water Purifier,12920.85,1,15.0,12920.85,1938.13,10982.72,Debit Card,False,5.0
ORD104898,2024-11-09,CUST0340,Manish Joshi,North,Jaipur,Fashion,Denim Jacket,3435.74,1,0.0,3435.74,0.0,3435.74,UPI,False,5.0
ORD103245,2024-11-09,CUST0037,Vikram Chopra,West,Surat,Beauty & Personal Care,Skincare Kit,2813.28,1,0.0,2813.28,0.0,2813.28,UPI,False,5.0
ORD101957,2024-11-09,CUST0564,Divya Desai,South,Bengaluru,Fashion,Running Shoes,3631.58,1,10.0,3631.58,363.16,3268.42,UPI,False,3.0
ORD102768,2024-11-09,CUST0844,Kiran Bose,West,Surat,Fashion,Running Shoes,1034.27,2,5.0,2068.54,103.43,1965.11,Net Banking,False,5.0
ORD104829,2024-11-09,CUST0537,Sneha Sharma,West,Surat,Sports & Fitness,Cycling Helmet,6586.6,2,5.0,13173.2,658.66,12514.54,Cash on Delivery,False,5.0
ORD104940,2024-11-09,CUST0816,Suresh Pillai,North,Chandigarh,Beauty & Personal Care,Trimmer,1819.75,1,5.0,1819.75,90.99,1728.76,UPI,False,4.0
ORD100309,2024-11-09,CUST0063,Pooja Nair,West,Pune,Electronics,Smartwatch,2517.04,1,0.0,2517.04,0.0,2517.04,UPI,False,5.0
ORD104354,2024-11-09,CUST0462,Krishna Kumar,West,Ahmedabad,Electronics,Laptop,33581.03,1,0.0,33581.03,0.0,33581.03,Net Banking,False,4.0
ORD104947,2024-11-09,CUST0036,Saanvi Kapoor,North,Lucknow,Fashion,Running Shoes,1528.69,1,0.0,1528.69,0.0,1528.69,UPI,False,3.0
ORD104448,2024-11-09,CUST0322,Riya Malhotra,East,Guwahati,Beauty & Personal Care,Perfume,1793.77,1,15.0,1793.77,269.07,1524.7,UPI,False,5.0
ORD105838,2024-11-09,CUST0192,Diya Bose,West,Mumbai,Beauty & Personal Care,Face Serum,1094.91,2,5.0,2189.82,109.49,2080.33,UPI,False,5.0
ORD104043,2024-11-09,CUST0775,Ishaan Rao,West,Ahmedabad,Fashion,Sunglasses,1234.17,1,10.0,1234.17,123.42,1110.75,UPI,False,3.0
ORD103241,2024-11-09,CUST0639,Vihaan Chopra,West,Pune,Home & Kitchen,Vacuum Cleaner,10390.41,1,0.0,10390.41,0.0,10390.41,Net Banking,False,4.0
ORD101958,2024-11-09,CUST0693,Arjun Bose,West,Surat,Fashion,Sunglasses,3457.95,1,10.0,3457.95,345.8,3112.15,Debit Card,False,4.0
ORD103560,2024-11-09,CUST0204,Neha Kumar,North,Delhi,Beauty & Personal Care,Face Serum,1058.32,2,10.0,2116.64,211.66,1904.98,UPI,False,5.0
ORD101480,2024-11-09,CUST0231,Kiran Mukherjee,East,Bhubaneswar,Electronics,Bluetooth Speaker,17451.52,1,20.0,17451.52,3490.3,13961.22,Net Banking,False,5.0
ORD104251,2024-11-09,CUST0844,Kiran Bose,West,Surat,Electronics,Laptop,33894.01,1,0.0,33894.01,0.0,33894.01,UPI,True,3.0
ORD104600,2024-11-09,CUST0007,Karthik Verma,North,Jaipur,Fashion,Wrist Watch,960.37,1,0.0,960.37,0.0,960.37,UPI,False,4.0
ORD104232,2024-11-09,CUST0008,Vikram Pillai,West,Mumbai,Home & Kitchen,Water Purifier,9873.6,1,0.0,9873.6,0.0,9873.6,UPI,False,5.0
ORD102275,2024-11-09,CUST0609,Lakshmi Pillai,North,Chandigarh,Sports & Fitness,Yoga Mat,7353.85,1,0.0,7353.85,0.0,7353.85,UPI,False,3.0
ORD100977,2024-11-09,CUST0569,Riya Malhotra,East,Guwahati,Beauty & Personal Care,Trimmer,1041.9,1,5.0,1041.9,52.1,989.8,Debit Card,False,5.0
ORD105387,2024-11-10,CUST0068,Isha Gupta,South,Bengaluru,Electronics,Smartwatch,44635.9,1,0.0,44635.9,0.0,44635.9,UPI,False,3.0
ORD101655,2024-11-10,CUST0128,Kavya Bose,North,Lucknow,Sports & Fitness,Dumbbell Set,6155.21,1,0.0,6155.21,0.0,6155.21,Credit Card,False,2.0
ORD102886,2024-11-10,CUST0452,Kavya Joshi,North,Chandigarh,Home & Kitchen,Mixer Grinder,2745.79,2,10.0,5491.58,549.16,4942.42,Debit Card,False,4.0
ORD103925,2024-11-10,CUST0413,Ananya Singh,East,Bhubaneswar,Beauty & Personal Care,Hair Dryer,1223.3,1,15.0,1223.3,183.5,1039.8,Cash on Delivery,False,2.0
ORD105605,2024-11-10,CUST0690,Ananya Verma,East,Guwahati,Electronics,Laptop,49676.58,2,5.0,99353.16,4967.66,94385.5,Credit Card,False,4.0
ORD104424,2024-11-10,CUST0461,Aditya Gupta,North,Delhi,Fashion,Backpack,3354.66,1,0.0,3354.66,0.0,3354.66,Net Banking,False,4.0
ORD103830,2024-11-10,CUST0374,Meera Kapoor,East,Kolkata,Sports & Fitness,Cycling Helmet,677.18,1,0.0,677.18,0.0,677.18,Net Banking,False,3.0
ORD101373,2024-11-10,CUST0748,Nisha Kapoor,South,Chennai,Electronics,Laptop,30574.42,1,0.0,30574.42,0.0,30574.42,Net Banking,False,5.0
ORD104621,2024-11-10,CUST0522,Zara Singh,West,Ahmedabad,Fashion,Backpack,5654.74,2,20.0,11309.48,2261.9,9047.58,Net Banking,False,5.0
ORD101231,2024-11-10,CUST0477,Meera Singh,South,Hyderabad,Fashion,Wrist Watch,3545.31,1,15.0,3545.31,531.8,3013.51,Credit Card,False,5.0
ORD104056,2024-11-10,CUST0060,Deepak Kumar,East,Guwahati,Beauty & Personal Care,Perfume,2512.24,1,15.0,2512.24,376.84,2135.4,Cash on Delivery,False,4.0
ORD104228,2024-11-10,CUST0646,Nisha Malhotra,West,Mumbai,Electronics,Laptop,16071.24,1,0.0,16071.24,0.0,16071.24,Credit Card,False,5.0
ORD101138,2024-11-10,CUST0289,Aditya Bose,South,Bengaluru,Sports & Fitness,Resistance Bands,707.84,1,10.0,707.84,70.78,637.06,Debit Card,False,4.0
ORD103145,2024-11-11,CUST0267,Anil Chopra,East,Bhubaneswar,Home & Kitchen,Vacuum Cleaner,3033.24,1,0.0,3033.24,0.0,3033.24,Net Banking,False,4.0
ORD105726,2024-11-11,CUST0221,Divya Das,North,Lucknow,Beauty & Personal Care,Skincare Kit,1532.92,1,10.0,1532.92,153.29,1379.63,Cash on Delivery,False,3.0
ORD102605,2024-11-11,CUST0413,Ananya Singh,East,Bhubaneswar,Home & Kitchen,Vacuum Cleaner,7944.86,1,10.0,7944.86,794.49,7150.37,UPI,False,4.0
ORD102379,2024-11-11,CUST0501,Suresh Sharma,North,Delhi,Fashion,Denim Jacket,827.86,1,0.0,827.86,0.0,827.86,Credit Card,False,4.0
ORD103509,2024-11-11,CUST0205,Tara Sharma,West,Ahmedabad,Beauty & Personal Care,Trimmer,3360.45,1,5.0,3360.45,168.02,3192.43,Credit Card,False,1.0
ORD102251,2024-11-11,CUST0222,Deepak Singh,North,Jaipur,Fashion,Wrist Watch,2283.31,2,0.0,4566.62,0.0,4566.62,UPI,False,4.0
ORD103128,2024-11-11,CUST0028,Vihaan Mukherjee,West,Ahmedabad,Sports & Fitness,Fitness Band,393.48,1,0.0,393.48,0.0,393.48,Cash on Delivery,False,2.0
ORD100425,2024-11-11,CUST0283,Rahul Menon,East,Kolkata,Electronics,Smartphone,27296.87,2,15.0,54593.74,8189.06,46404.68,Debit Card,False,4.0
ORD105948,2024-11-11,CUST0034,Kavya Singh,North,Lucknow,Beauty & Personal Care,Trimmer,3077.64,1,20.0,3077.64,615.53,2462.11,UPI,False,5.0
ORD100042,2024-11-11,CUST0262,Arjun Reddy,East,Patna,Home & Kitchen,Vacuum Cleaner,7355.05,1,15.0,7355.05,1103.26,6251.79,Cash on Delivery,False,5.0
ORD104720,2024-11-11,CUST0287,Kavya Kapoor,South,Hyderabad,Sports & Fitness,Resistance Bands,2074.79,1,25.0,2074.79,518.7,1556.09,Net Banking,False,5.0
ORD100937,2024-11-11,CUST0555,Vivaan Sharma,North,Delhi,Beauty & Personal Care,Hair Dryer,1197.06,2,0.0,2394.12,0.0,2394.12,Credit Card,True,5.0
ORD101531,2024-11-11,CUST0643,Sneha Chopra,West,Mumbai,Home & Kitchen,Vacuum Cleaner,6672.35,1,25.0,6672.35,1668.09,5004.26,Cash on Delivery,False,4.0
ORD101489,2024-11-11,CUST0405,Lakshmi Nair,South,Kochi,Electronics,Wireless Earbuds,15262.71,1,15.0,15262.71,2289.41,12973.3,Net Banking,False,3.0
ORD100575,2024-11-11,CUST0617,Suresh Reddy,South,Chennai,Home & Kitchen,Air Fryer,3342.38,1,15.0,3342.38,501.36,2841.02,UPI,False,5.0
ORD105486,2024-11-12,CUST0160,Nisha Kumar,East,Bhubaneswar,Beauty & Personal Care,Perfume,2777.31,1,20.0,2777.31,555.46,2221.85,Net Banking,False,5.0
ORD104429,2024-11-12,CUST0811,Zara Bose,South,Chennai,Fashion,Backpack,4326.14,1,0.0,4326.14,0.0,4326.14,UPI,False,3.0
ORD104027,2024-11-12,CUST0025,Riya Nair,East,Guwahati,Sports & Fitness,Yoga Mat,2459.66,1,5.0,2459.66,122.98,2336.68,Credit Card,False,5.0
ORD100149,2024-11-12,CUST0085,Riya Das,North,Jaipur,Home & Kitchen,Air Fryer,4139.0,1,0.0,4139.0,0.0,4139.0,UPI,False,5.0
ORD102797,2024-11-12,CUST0470,Vihaan Verma,South,Kochi,Home & Kitchen,Water Purifier,11765.86,2,10.0,23531.72,2353.17,21178.55,Debit Card,False,
ORD103253,2024-11-12,CUST0480,Vivaan Joshi,East,Guwahati,Sports & Fitness,Cycling Helmet,5260.29,1,0.0,5260.29,0.0,5260.29,UPI,False,3.0
ORD102796,2024-11-12,CUST0637,Swati Pillai,North,Jaipur,Fashion,Wrist Watch,895.74,1,10.0,895.74,89.57,806.17,UPI,False,3.0
ORD101210,2024-11-12,CUST0727,Rohan Patel,South,Bengaluru,Sports & Fitness,Resistance Bands,486.54,2,0.0,973.08,0.0,973.08,Net Banking,False,5.0
ORD105101,2024-11-12,CUST0504,Swati Kapoor,West,Surat,Fashion,Wrist Watch,3083.47,1,5.0,3083.47,154.17,2929.3,Cash on Delivery,False,5.0
ORD102573,2024-11-12,CUST0161,Deepak Iyer,West,Pune,Sports & Fitness,Yoga Mat,507.87,1,10.0,507.87,50.79,457.08,Net Banking,False,5.0
ORD104203,2024-11-12,CUST0575,Sneha Reddy,South,Bengaluru,Electronics,Laptop,24336.8,1,5.0,24336.8,1216.84,23119.96,Credit Card,False,4.0
ORD105518,2024-11-12,CUST0656,Lakshmi Bose,West,Mumbai,Sports & Fitness,Resistance Bands,2783.78,1,0.0,2783.78,0.0,2783.78,UPI,False,3.0
ORD102570,2024-11-12,CUST0362,Karthik Rao,West,Surat,Home & Kitchen,Mixer Grinder,10748.69,1,0.0,10748.69,0.0,10748.69,Net Banking,False,3.0
ORD100370,2024-11-12,CUST0734,Diya Das,North,Delhi,Home & Kitchen,Non-Stick Cookware Set,10704.0,1,15.0,10704.0,1605.6,9098.4,UPI,False,5.0
ORD104648,2024-11-12,CUST0145,Lakshmi Das,North,Lucknow,Electronics,Bluetooth Speaker,14803.46,1,0.0,14803.46,0.0,14803.46,Credit Card,False,4.0
ORD101484,2024-11-13,CUST0680,Manisha Chopra,East,Guwahati,Beauty & Personal Care,Hair Dryer,3003.78,1,5.0,3003.78,150.19,2853.59,Cash on Delivery,False,5.0
ORD103371,2024-11-13,CUST0621,Meera Patel,South,Bengaluru,Fashion,Running Shoes,708.4,2,0.0,1416.8,0.0,1416.8,Credit Card,False,3.0
ORD104298,2024-11-13,CUST0486,Manisha Rao,South,Chennai,Sports & Fitness,Cycling Helmet,4367.3,1,0.0,4367.3,0.0,4367.3,Net Banking,False,4.0
ORD104800,2024-11-13,CUST0258,Reyansh Malhotra,West,Mumbai,Fashion,Backpack,4587.68,1,0.0,4587.68,0.0,4587.68,Debit Card,False,5.0
ORD104246,2024-11-13,CUST0838,Nisha Kumar,East,Bhubaneswar,Electronics,Bluetooth Speaker,47141.71,2,0.0,94283.42,0.0,94283.42,Debit Card,False,5.0
ORD100299,2024-11-13,CUST0751,Kavya Desai,North,Delhi,Fashion,Denim Jacket,1212.18,1,5.0,1212.18,60.61,1151.57,UPI,False,2.0
ORD101732,2024-11-13,CUST0384,Naveen Kumar,North,Jaipur,Fashion,Backpack,3887.68,1,0.0,3887.68,0.0,3887.68,Debit Card,False,4.0
ORD104722,2024-11-13,CUST0237,Anil Chopra,South,Bengaluru,Fashion,Sunglasses,666.67,1,10.0,666.67,66.67,600.0,Cash on Delivery,False,4.0
ORD104631,2024-11-13,CUST0157,Vivaan Das,North,Lucknow,Sports & Fitness,Cycling Helmet,3074.47,2,10.0,6148.94,614.89,5534.05,Credit Card,False,4.0
ORD101234,2024-11-13,CUST0749,Ramesh Menon,South,Hyderabad,Fashion,Running Shoes,5954.96,1,25.0,5954.96,1488.74,4466.22,UPI,False,4.0
ORD103711,2024-11-13,CUST0434,Vikram Rao,West,Mumbai,Electronics,Laptop,11389.26,1,10.0,11389.26,1138.93,10250.33,UPI,False,2.0
ORD102217,2024-11-13,CUST0670,Sneha Patel,North,Lucknow,Electronics,Wireless Earbuds,49125.33,1,10.0,49125.33,4912.53,44212.8,UPI,False,4.0
ORD105826,2024-11-13,CUST0351,Vivaan Chopra,North,Delhi,Sports & Fitness,Yoga Mat,6505.13,1,0.0,6505.13,0.0,6505.13,UPI,False,1.0
ORD105052,2024-11-13,CUST0021,Zara Kapoor,East,Bhubaneswar,Electronics,Smartwatch,5341.54,1,0.0,5341.54,0.0,5341.54,UPI,True,2.0
ORD101819,2024-11-13,CUST0019,Vihaan Malhotra,North,Lucknow,Home & Kitchen,Air Fryer,1449.16,1,0.0,1449.16,0.0,1449.16,Net Banking,False,5.0
ORD101484,2024-11-13,CUST0680,Manisha Chopra,East,Guwahati,Beauty & Personal Care,Hair Dryer,3003.78,1,5.0,3003.78,150.19,2853.59,Cash on Delivery,False,5.0
ORD103194,2024-11-14,CUST0644,Isha Mukherjee,West,Mumbai,Sports & Fitness,Cycling Helmet,7228.8,1,20.0,7228.8,1445.76,5783.04,UPI,False,5.0
ORD103666,2024-11-14,CUST0452,Kavya Joshi,North,Chandigarh,Electronics,Smartwatch,49245.3,1,0.0,49245.3,0.0,49245.3,Debit Card,False,3.0
ORD103476,2024-11-14,CUST0333,Suresh Kapoor,West,Mumbai,Sports & Fitness,Cycling Helmet,1497.89,1,0.0,1497.89,0.0,1497.89,Cash on Delivery,False,5.0
ORD100998,2024-11-14,CUST0078,Manish Patel,East,Kolkata,Electronics,Smartphone,29386.45,1,25.0,29386.45,7346.61,22039.84,UPI,False,5.0
ORD103687,2024-11-14,CUST0096,Karthik Menon,South,Kochi,Sports & Fitness,Cycling Helmet,7864.24,2,10.0,15728.48,1572.85,14155.63,Credit Card,False,4.0
ORD102685,2024-11-14,CUST0275,Naveen Singh,East,Guwahati,Sports & Fitness,Fitness Band,2210.93,1,10.0,2210.93,221.09,1989.84,UPI,False,3.0
ORD102031,2024-11-14,CUST0813,Karthik Iyer,East,Kolkata,Sports & Fitness,Fitness Band,5933.58,2,20.0,11867.16,2373.43,9493.73,UPI,False,4.0
ORD103215,2024-11-14,CUST0227,Anil Nair,West,Ahmedabad,Beauty & Personal Care,Face Serum,1010.03,2,10.0,2020.06,202.01,1818.05,Cash on Delivery,True,2.0
ORD101986,2024-11-14,CUST0238,Tara Das,North,Jaipur,Beauty & Personal Care,Hair Dryer,1295.37,1,0.0,1295.37,0.0,1295.37,Credit Card,True,3.0
ORD105402,2024-11-15,CUST0751,Kavya Desai,North,Delhi,Sports & Fitness,Yoga Mat,703.61,1,0.0,703.61,0.0,703.61,Credit Card,False,4.0
ORD105226,2024-11-15,CUST0179,Divya Singh,West,Pune,Home & Kitchen,Mixer Grinder,4323.65,1,10.0,4323.65,432.36,3891.29,Credit Card,False,3.0
ORD101063,2024-11-15,CUST0263,Manisha Joshi,South,Chennai,Home & Kitchen,Vacuum Cleaner,13445.12,1,10.0,13445.12,1344.51,12100.61,Debit Card,False,4.0
ORD102571,2024-11-15,CUST0015,Meera Kapoor,West,Surat,Home & Kitchen,Non-Stick Cookware Set,8035.83,1,15.0,8035.83,1205.37,6830.46,Debit Card,False,4.0
ORD100866,2024-11-15,CUST0630,Neha Desai,North,Chandigarh,Home & Kitchen,Air Fryer,1081.29,1,0.0,1081.29,0.0,1081.29,UPI,False,3.0
ORD104733,2024-11-15,CUST0600,Riya Chopra,East,Kolkata,Sports & Fitness,Cycling Helmet,6516.72,2,0.0,13033.44,0.0,13033.44,Debit Card,False,3.0
ORD100604,2024-11-15,CUST0054,Lakshmi Kapoor,North,Jaipur,Home & Kitchen,Mixer Grinder,10428.01,2,0.0,20856.02,0.0,20856.02,Debit Card,False,5.0
ORD101862,2024-11-15,CUST0451,Nisha Singh,West,Surat,Fashion,Backpack,1489.36,1,5.0,1489.36,74.47,1414.89,UPI,True,3.0
ORD101899,2024-11-15,CUST0498,Ramesh Malhotra,South,Bengaluru,Beauty & Personal Care,Skincare Kit,1208.05,1,0.0,1208.05,0.0,1208.05,UPI,False,4.0
ORD100406,2024-11-15,CUST0239,Kiran Pillai,East,Patna,Sports & Fitness,Cycling Helmet,5546.11,1,5.0,5546.11,277.31,5268.8,UPI,False,4.0
ORD103779,2024-11-15,CUST0463,Meera Kapoor,South,Kochi,Electronics,Smartwatch,45348.8,1,0.0,45348.8,0.0,45348.8,UPI,False,3.0
ORD104426,2024-11-15,CUST0413,Ananya Singh,East,Bhubaneswar,Beauty & Personal Care,Face Serum,3196.07,2,20.0,6392.14,1278.43,5113.71,UPI,False,5.0
ORD104082,2024-11-15,CUST0479,Vihaan Pillai,North,Delhi,Beauty & Personal Care,Trimmer,2055.9,1,15.0,2055.9,308.38,1747.52,Cash on Delivery,False,2.0
ORD105727,2024-11-15,CUST0039,Aarav Gupta,East,Bhubaneswar,Beauty & Personal Care,Skincare Kit,446.54,1,0.0,446.54,0.0,446.54,Cash on Delivery,False,5.0
ORD101861,2024-11-15,CUST0284,Lakshmi Nair,West,Pune,Home & Kitchen,Vacuum Cleaner,11538.76,2,25.0,23077.52,5769.38,17308.14,UPI,False,3.0
ORD101818,2024-11-15,CUST0617,Suresh Reddy,South,Chennai,Electronics,Smartwatch,14227.99,1,15.0,14227.99,2134.2,12093.79,UPI,False,4.0
ORD100976,2024-11-15,CUST0781,Sanjay Mukherjee,West,Surat,Fashion,Backpack,2572.41,1,0.0,2572.41,0.0,2572.41,UPI,False,5.0
ORD101860,2024-11-15,CUST0372,Aarav Singh,West,Surat,Sports & Fitness,Resistance Bands,6666.97,2,0.0,13333.94,0.0,13333.94,Net Banking,False,5.0
ORD104294,2024-11-15,CUST0631,Nisha Iyer,North,Delhi,Fashion,Wrist Watch,5293.63,2,0.0,10587.26,0.0,10587.26,Debit Card,False,3.0
ORD100172,2024-11-15,CUST0705,Priya Singh,West,Surat,Beauty & Personal Care,Face Serum,2138.15,1,0.0,2138.15,0.0,2138.15,Debit Card,False,3.0
ORD100637,2024-11-15,CUST0196,Arjun Pillai,South,Kochi,Beauty & Personal Care,Perfume,2087.23,1,0.0,2087.23,0.0,2087.23,UPI,False,5.0
ORD100445,2024-11-16,CUST0258,Reyansh Malhotra,West,Mumbai,Sports & Fitness,Resistance Bands,4836.33,1,0.0,4836.33,0.0,4836.33,UPI,False,5.0
ORD100453,2024-11-16,CUST0370,Sanjay Menon,West,Surat,Electronics,Bluetooth Speaker,30942.89,1,20.0,30942.89,6188.58,24754.31,UPI,True,5.0
ORD100595,2024-11-16,CUST0609,Lakshmi Pillai,North,Chandigarh,Sports & Fitness,Fitness Band,2170.22,1,10.0,2170.22,217.02,1953.2,UPI,False,5.0
ORD103318,2024-11-16,CUST0680,Manisha Chopra,East,Guwahati,Sports & Fitness,Yoga Mat,3858.45,1,5.0,3858.45,192.92,3665.53,Net Banking,False,5.0
ORD105933,2024-11-16,CUST0405,Lakshmi Nair,South,Kochi,Fashion,Sunglasses,4251.05,1,0.0,4251.05,0.0,4251.05,Credit Card,False,4.0
ORD101648,2024-11-16,CUST0173,Lakshmi Sharma,South,Kochi,Fashion,Wrist Watch,698.16,1,15.0,698.16,104.72,593.44,Credit Card,False,4.0
ORD100938,2024-11-16,CUST0838,Nisha Kumar,East,Bhubaneswar,Sports & Fitness,Dumbbell Set,664.83,2,15.0,1329.66,199.45,1130.21,UPI,False,3.0
ORD102453,2024-11-16,CUST0430,Zara Sharma,West,Ahmedabad,Sports & Fitness,Dumbbell Set,6583.93,1,0.0,6583.93,0.0,6583.93,Net Banking,False,5.0
ORD100549,2024-11-17,CUST0283,Rahul Menon,East,Kolkata,Home & Kitchen,Air Fryer,6838.8,2,5.0,13677.6,683.88,12993.72,Credit Card,False,4.0
ORD105880,2024-11-17,CUST0283,Rahul Menon,East,Kolkata,Sports & Fitness,Dumbbell Set,2298.49,2,10.0,4596.98,459.7,4137.28,Credit Card,False,5.0
ORD104101,2024-11-17,CUST0141,Divya Das,South,Chennai,Home & Kitchen,Mixer Grinder,13597.84,2,5.0,27195.68,1359.78,25835.9,Cash on Delivery,False,4.0
ORD105773,2024-11-17,CUST0526,Tara Das,South,Bengaluru,Beauty & Personal Care,Perfume,1263.65,1,5.0,1263.65,63.18,1200.47,Net Banking,True,3.0
ORD101681,2024-11-17,CUST0039,Aarav Gupta,East,Bhubaneswar,Sports & Fitness,Dumbbell Set,3175.07,1,15.0,3175.07,476.26,2698.81,Debit Card,False,5.0
ORD105110,2024-11-17,CUST0499,Swati Patel,South,Hyderabad,Electronics,Bluetooth Speaker,14348.48,1,5.0,14348.48,717.42,13631.06,Net Banking,False,2.0
ORD105172,2024-11-17,CUST0374,Meera Kapoor,East,Kolkata,Fashion,Running Shoes,2151.66,1,0.0,2151.66,0.0,2151.66,Debit Card,True,4.0
ORD100306,2024-11-17,CUST0130,Reyansh Iyer,South,Bengaluru,Fashion,Denim Jacket,599.43,1,5.0,599.43,29.97,569.46,Debit Card,False,5.0
ORD101257,2024-11-17,CUST0826,Divya Kapoor,West,Ahmedabad,Fashion,Backpack,5896.52,2,0.0,11793.04,0.0,11793.04,UPI,False,2.0
ORD105270,2024-11-18,CUST0417,Tara Desai,East,Kolkata,Home & Kitchen,Mixer Grinder,7904.91,1,0.0,7904.91,0.0,7904.91,Debit Card,False,3.0
ORD101361,2024-11-18,CUST0027,Vivaan Rao,South,Kochi,Sports & Fitness,Resistance Bands,6203.66,1,0.0,6203.66,0.0,6203.66,UPI,True,3.0
ORD102715,2024-11-18,CUST0367,Manish Patel,North,Delhi,Beauty & Personal Care,Perfume,2338.37,1,0.0,2338.37,0.0,2338.37,Cash on Delivery,False,
ORD105046,2024-11-18,CUST0813,Karthik Iyer,East,Kolkata,Home & Kitchen,Air Fryer,903.81,2,0.0,1807.62,0.0,1807.62,Net Banking,False,4.0
ORD103261,2024-11-18,CUST0375,Karthik Malhotra,South,Bengaluru,Fashion,Running Shoes,5949.43,2,5.0,11898.86,594.94,11303.92,Credit Card,False,3.0
ORD100560,2024-11-18,CUST0343,Vikram Kapoor,East,Patna,Beauty & Personal Care,Skincare Kit,2555.3,2,10.0,5110.6,511.06,4599.54,UPI,True,5.0
ORD101382,2024-11-18,CUST0422,Ananya Nair,North,Lucknow,Sports & Fitness,Yoga Mat,1331.94,1,10.0,1331.94,133.19,1198.75,Debit Card,False,5.0
ORD102127,2024-11-18,CUST0754,Riya Pillai,North,Jaipur,Home & Kitchen,Non-Stick Cookware Set,13587.01,1,25.0,13587.01,3396.75,10190.26,Cash on Delivery,False,3.0
ORD102790,2024-11-18,CUST0650,Rohan Gupta,West,Mumbai,Home & Kitchen,Water Purifier,3888.77,1,0.0,3888.77,0.0,3888.77,Credit Card,False,4.0
ORD102594,2024-11-18,CUST0821,Saanvi Rao,West,Ahmedabad,Electronics,Wireless Earbuds,29099.06,1,0.0,29099.06,0.0,29099.06,UPI,False,4.0
ORD103770,2024-11-18,CUST0492,Swati Menon,North,Jaipur,Fashion,Denim Jacket,2076.64,1,25.0,2076.64,519.16,1557.48,Debit Card,False,2.0
ORD101969,2024-11-19,CUST0700,Aditya Singh,North,Lucknow,Home & Kitchen,Air Fryer,7072.39,1,0.0,7072.39,0.0,7072.39,UPI,False,2.0
ORD101266,2024-11-19,CUST0173,Lakshmi Sharma,South,Kochi,Sports & Fitness,Fitness Band,2237.73,2,5.0,4475.46,223.77,4251.69,UPI,False,3.0
ORD102935,2024-11-19,CUST0727,Rohan Patel,South,Bengaluru,Fashion,Backpack,1007.73,2,10.0,2015.46,201.55,1813.91,Cash on Delivery,False,4.0
ORD105447,2024-11-19,CUST0391,Saanvi Kapoor,East,Kolkata,Electronics,Smartwatch,12280.61,1,0.0,12280.61,0.0,12280.61,UPI,False,5.0
ORD105618,2024-11-19,CUST0486,Manisha Rao,South,Chennai,Electronics,Smartwatch,38556.9,1,10.0,38556.9,3855.69,34701.21,UPI,False,3.0
ORD102142,2024-11-19,CUST0770,Vikram Iyer,South,Hyderabad,Home & Kitchen,Mixer Grinder,2662.86,3,0.0,7988.58,0.0,7988.58,Net Banking,False,3.0
ORD102858,2024-11-19,CUST0844,Kiran Bose,West,Surat,Sports & Fitness,Dumbbell Set,7575.75,1,5.0,7575.75,378.79,7196.96,Cash on Delivery,True,4.0
ORD104492,2024-11-19,CUST0162,Anil Chopra,South,Bengaluru,Sports & Fitness,Yoga Mat,4881.1,1,0.0,4881.1,0.0,4881.1,UPI,False,5.0
ORD105364,2024-11-19,CUST0441,Swati Singh,North,Lucknow,Sports & Fitness,Resistance Bands,3765.36,1,0.0,3765.36,0.0,3765.36,Net Banking,False,5.0
ORD100775,2024-11-19,CUST0683,Lakshmi Verma,East,Bhubaneswar,Sports & Fitness,Yoga Mat,2344.14,1,20.0,2344.14,468.83,1875.31,Cash on Delivery,True,5.0
ORD103108,2024-11-19,CUST0547,Priya Nair,South,Kochi,Sports & Fitness,Resistance Bands,2049.21,1,15.0,2049.21,307.38,1741.83,Debit Card,False,4.0
ORD100927,2024-11-19,CUST0349,Zara Reddy,South,Kochi,Sports & Fitness,Cycling Helmet,5235.48,1,0.0,5235.48,0.0,5235.48,Credit Card,True,3.0
ORD100304,2024-11-19,CUST0496,Lakshmi Singh,East,Guwahati,Sports & Fitness,Resistance Bands,4509.02,1,0.0,4509.02,0.0,4509.02,Cash on Delivery,False,4.0
ORD105179,2024-11-19,CUST0419,Diya Kapoor,South,Hyderabad,Sports & Fitness,Resistance Bands,7035.59,1,0.0,7035.59,0.0,7035.59,UPI,False,3.0
ORD100912,2024-11-19,CUST0751,Kavya Desai,North,Delhi,Fashion,Denim Jacket,4094.42,2,0.0,8188.84,0.0,8188.84,UPI,False,4.0
ORD105683,2024-11-20,CUST0486,Manisha Rao,South,Chennai,Sports & Fitness,Resistance Bands,3949.58,1,15.0,3949.58,592.44,3357.14,Debit Card,False,2.0
ORD100808,2024-11-20,CUST0018,Nisha Mukherjee,West,Surat,Sports & Fitness,Fitness Band,2638.13,2,5.0,5276.26,263.81,5012.45,UPI,False,4.0
ORD105569,2024-11-20,CUST0675,Zara Das,North,Delhi,Beauty & Personal Care,Perfume,1545.73,1,0.0,1545.73,0.0,1545.73,Cash on Delivery,False,4.0
ORD103895,2024-11-20,CUST0349,Zara Reddy,South,Kochi,Fashion,Denim Jacket,1300.2,1,0.0,1300.2,0.0,1300.2,Credit Card,False,5.0
ORD100543,2024-11-20,CUST0713,Sanjay Gupta,West,Ahmedabad,Sports & Fitness,Yoga Mat,1567.96,1,0.0,1567.96,0.0,1567.96,Net Banking,False,4.0
ORD100366,2024-11-20,CUST0780,Rahul Mukherjee,North,Delhi,Fashion,Wrist Watch,1171.47,1,10.0,1171.47,117.15,1054.32,Credit Card,False,4.0
ORD104653,2024-11-20,CUST0635,Sneha Iyer,South,Chennai,Home & Kitchen,Air Fryer,4764.88,3,0.0,14294.64,0.0,14294.64,UPI,False,3.0
ORD102770,2024-11-20,CUST0594,Nisha Singh,South,Kochi,Beauty & Personal Care,Skincare Kit,2835.09,1,5.0,2835.09,141.75,2693.34,Cash on Delivery,False,2.0
ORD100587,2024-11-20,CUST0485,Rohan Singh,West,Ahmedabad,Sports & Fitness,Resistance Bands,2536.71,1,20.0,2536.71,507.34,2029.37,UPI,False,4.0
ORD104378,2024-11-20,CUST0708,Anil Kumar,South,Chennai,Home & Kitchen,Air Fryer,6289.09,3,10.0,18867.27,1886.73,16980.54,UPI,False,5.0
ORD100917,2024-11-20,CUST0720,Manish Das,East,Patna,Fashion,Backpack,5306.85,2,0.0,10613.7,0.0,10613.7,Credit Card,False,1.0
ORD100653,2024-11-20,CUST0018,Nisha Mukherjee,West,Surat,Beauty & Personal Care,Face Serum,1151.47,1,0.0,1151.47,0.0,1151.47,Net Banking,False,4.0
ORD105777,2024-11-21,CUST0787,Karthik Joshi,North,Chandigarh,Electronics,Smartphone,23600.64,1,0.0,23600.64,0.0,23600.64,Net Banking,False,5.0
ORD103689,2024-11-21,CUST0291,Diya Kumar,North,Lucknow,Home & Kitchen,Non-Stick Cookware Set,13068.63,1,0.0,13068.63,0.0,13068.63,UPI,False,4.0
ORD103733,2024-11-21,CUST0384,Naveen Kumar,North,Jaipur,Beauty & Personal Care,Hair Dryer,1369.05,1,25.0,1369.05,342.26,1026.79,UPI,False,5.0
ORD100419,2024-11-21,CUST0455,Shreya Das,South,Kochi,Sports & Fitness,Yoga Mat,4395.71,1,0.0,4395.71,0.0,4395.71,Net Banking,False,2.0
ORD105944,2024-11-21,CUST0707,Isha Menon,West,Pune,Home & Kitchen,Vacuum Cleaner,13820.72,1,0.0,13820.72,0.0,13820.72,UPI,False,4.0
ORD103516,2024-11-21,CUST0787,Karthik Joshi,North,Chandigarh,Electronics,Laptop,18967.08,1,0.0,18967.08,0.0,18967.08,Debit Card,False,4.0
ORD102374,2024-11-21,CUST0834,Kiran Verma,East,Bhubaneswar,Sports & Fitness,Resistance Bands,6776.85,3,25.0,20330.55,5082.64,15247.91,Net Banking,False,5.0
ORD105785,2024-11-21,CUST0446,Arjun Joshi,North,Lucknow,Sports & Fitness,Dumbbell Set,3667.5,1,0.0,3667.5,0.0,3667.5,Net Banking,False,5.0
ORD105809,2024-11-21,CUST0062,Pooja Gupta,South,Kochi,Sports & Fitness,Dumbbell Set,2974.01,1,15.0,2974.01,446.1,2527.91,Cash on Delivery,False,5.0
ORD104476,2024-11-21,CUST0461,Aditya Gupta,North,Delhi,Fashion,Running Shoes,5549.67,1,20.0,5549.67,1109.93,4439.74,UPI,False,5.0
ORD103266,2024-11-21,CUST0271,Deepak Joshi,East,Guwahati,Beauty & Personal Care,Perfume,2116.52,1,0.0,2116.52,0.0,2116.52,Debit Card,False,3.0
ORD100907,2024-11-21,CUST0612,Tara Reddy,North,Lucknow,Home & Kitchen,Air Fryer,12386.63,1,25.0,12386.63,3096.66,9289.97,Debit Card,False,5.0
ORD100532,2024-11-21,CUST0244,Tara Kapoor,South,Chennai,Sports & Fitness,Dumbbell Set,3606.52,1,0.0,3606.52,0.0,3606.52,Net Banking,False,2.0
ORD105218,2024-11-21,CUST0375,Karthik Malhotra,South,Bengaluru,Electronics,Smartphone,54080.02,1,0.0,54080.02,0.0,54080.02,UPI,False,5.0
ORD101248,2024-11-21,CUST0481,Kiran Nair,South,Chennai,Beauty & Personal Care,Hair Dryer,3073.04,2,0.0,6146.08,0.0,6146.08,Credit Card,False,4.0
ORD103785,2024-11-22,CUST0409,Vihaan Kapoor,South,Chennai,Sports & Fitness,Dumbbell Set,6630.11,2,5.0,13260.22,663.01,12597.21,UPI,False,4.0
ORD100143,2024-11-22,CUST0283,Rahul Menon,East,Kolkata,Fashion,Denim Jacket,1292.61,3,20.0,3877.83,775.57,3102.26,UPI,False,5.0
ORD103028,2024-11-22,CUST0365,Sneha Das,South,Hyderabad,Electronics,Wireless Earbuds,21813.78,1,20.0,21813.78,4362.76,17451.02,Debit Card,False,4.0
ORD105507,2024-11-22,CUST0464,Ramesh Sharma,West,Surat,Electronics,Bluetooth Speaker,19768.88,1,15.0,19768.88,2965.33,16803.55,UPI,False,1.0
ORD103382,2024-11-22,CUST0107,Ananya Mukherjee,South,Bengaluru,Electronics,Wireless Earbuds,45906.53,1,0.0,45906.53,0.0,45906.53,Cash on Delivery,False,2.0
ORD104140,2024-11-22,CUST0461,Aditya Gupta,North,Delhi,Fashion,Sunglasses,5162.53,2,5.0,10325.06,516.25,9808.81,Cash on Delivery,False,5.0
ORD101962,2024-11-22,CUST0833,Pooja Patel,North,Jaipur,Sports & Fitness,Dumbbell Set,1577.85,1,10.0,1577.85,157.78,1420.07,UPI,False,4.0
ORD103462,2024-11-22,CUST0076,Aditya Gupta,North,Jaipur,Home & Kitchen,Water Purifier,3702.26,1,0.0,3702.26,0.0,3702.26,Credit Card,False,5.0
ORD100176,2024-11-22,CUST0202,Arjun Nair,North,Lucknow,Home & Kitchen,Mixer Grinder,2066.61,2,0.0,4133.22,0.0,4133.22,Credit Card,False,3.0
ORD104237,2024-11-22,CUST0438,Ishaan Verma,West,Ahmedabad,Sports & Fitness,Resistance Bands,2282.34,3,0.0,6847.02,0.0,6847.02,Credit Card,False,5.0
ORD102750,2024-11-23,CUST0182,Riya Joshi,North,Delhi,Electronics,Smartphone,36708.54,1,0.0,36708.54,0.0,36708.54,Net Banking,False,4.0
ORD104777,2024-11-23,CUST0158,Swati Sharma,North,Lucknow,Fashion,Running Shoes,4330.29,1,0.0,4330.29,0.0,4330.29,Net Banking,False,5.0
ORD102733,2024-11-23,CUST0789,Riya Pillai,North,Lucknow,Beauty & Personal Care,Perfume,857.94,2,5.0,1715.88,85.79,1630.09,Credit Card,False,2.0
ORD105513,2024-11-23,CUST0394,Krishna Singh,South,Chennai,Fashion,Sunglasses,2546.39,1,10.0,2546.39,254.64,2291.75,Net Banking,False,4.0
ORD102168,2024-11-23,CUST0833,Pooja Patel,North,Jaipur,Home & Kitchen,Vacuum Cleaner,1918.32,1,0.0,1918.32,0.0,1918.32,UPI,False,5.0
ORD104763,2024-11-23,CUST0730,Sanjay Reddy,East,Kolkata,Home & Kitchen,Vacuum Cleaner,5738.45,2,20.0,11476.9,2295.38,9181.52,Debit Card,False,3.0
ORD102811,2024-11-23,CUST0209,Vivaan Das,North,Lucknow,Home & Kitchen,Vacuum Cleaner,8526.85,1,0.0,8526.85,0.0,8526.85,Debit Card,False,2.0
ORD105410,2024-11-23,CUST0148,Rahul Sharma,East,Patna,Sports & Fitness,Dumbbell Set,7073.54,1,5.0,7073.54,353.68,6719.86,UPI,False,5.0
ORD101908,2024-11-23,CUST0437,Kavya Menon,South,Kochi,Electronics,Bluetooth Speaker,42119.48,2,0.0,84238.96,0.0,84238.96,UPI,False,4.0
ORD105745,2024-11-23,CUST0829,Sanjay Desai,North,Delhi,Electronics,Wireless Earbuds,32062.47,1,5.0,32062.47,1603.12,30459.35,UPI,False,4.0
ORD103292,2024-11-23,CUST0591,Deepak Menon,West,Mumbai,Electronics,Bluetooth Speaker,50772.07,1,5.0,50772.07,2538.6,48233.47,UPI,False,5.0
ORD100144,2024-11-23,CUST0781,Sanjay Mukherjee,West,Surat,Beauty & Personal Care,Skincare Kit,2196.79,1,0.0,2196.79,0.0,2196.79,Cash on Delivery,False,3.0
ORD103948,2024-11-24,CUST0113,Lakshmi Patel,West,Pune,Home & Kitchen,Mixer Grinder,4301.3,1,5.0,4301.3,215.06,4086.24,Debit Card,False,4.0
ORD103439,2024-11-24,CUST0721,Riya Singh,West,Surat,Electronics,Bluetooth Speaker,52323.25,1,20.0,52323.25,10464.65,41858.6,Cash on Delivery,False,5.0
ORD100556,2024-11-24,CUST0348,Rohan Das,North,Lucknow,Sports & Fitness,Yoga Mat,3634.69,1,0.0,3634.69,0.0,3634.69,Debit Card,False,5.0
ORD104771,2024-11-24,CUST0416,Deepak Nair,South,Chennai,Beauty & Personal Care,Skincare Kit,2220.21,1,10.0,2220.21,222.02,1998.19,Credit Card,False,5.0
ORD102912,2024-11-24,CUST0379,Reyansh Iyer,West,Mumbai,Electronics,Bluetooth Speaker,8957.55,1,0.0,8957.55,0.0,8957.55,Net Banking,False,5.0
ORD101133,2024-11-24,CUST0334,Lakshmi Malhotra,South,Kochi,Sports & Fitness,Resistance Bands,7777.51,1,0.0,7777.51,0.0,7777.51,Credit Card,False,4.0
ORD100803,2024-11-24,CUST0480,Vivaan Joshi,East,Guwahati,Home & Kitchen,Non-Stick Cookware Set,14754.55,2,10.0,29509.1,2950.91,26558.19,Credit Card,False,3.0
ORD103347,2024-11-24,CUST0391,Saanvi Kapoor,East,Kolkata,Sports & Fitness,Fitness Band,3373.35,1,0.0,3373.35,0.0,3373.35,UPI,False,2.0
ORD104333,2024-11-24,CUST0492,Swati Menon,North,Jaipur,Fashion,Denim Jacket,3281.67,1,5.0,3281.67,164.08,3117.59,UPI,False,5.0
ORD105023,2024-11-24,CUST0631,Nisha Iyer,North,Delhi,Sports & Fitness,Dumbbell Set,6020.06,1,15.0,6020.06,903.01,5117.05,UPI,False,5.0
ORD101488,2024-11-24,CUST0062,Pooja Gupta,South,Kochi,Fashion,Backpack,984.44,1,0.0,984.44,0.0,984.44,Net Banking,False,5.0
ORD102682,2024-11-25,CUST0010,Vivaan Sharma,East,Patna,Electronics,Wireless Earbuds,54010.92,1,0.0,54010.92,0.0,54010.92,UPI,False,5.0
ORD102423,2024-11-25,CUST0114,Divya Joshi,South,Chennai,Home & Kitchen,Mixer Grinder,5131.56,1,20.0,5131.56,1026.31,4105.25,UPI,True,5.0
ORD103089,2024-11-25,CUST0752,Karthik Menon,North,Lucknow,Electronics,Laptop,44615.95,1,5.0,44615.95,2230.8,42385.15,UPI,False,3.0
ORD101472,2024-11-25,CUST0434,Vikram Rao,West,Mumbai,Electronics,Smartwatch,42226.6,1,15.0,42226.6,6333.99,35892.61,UPI,False,3.0
ORD100025,2024-11-25,CUST0610,Sanjay Rao,South,Kochi,Home & Kitchen,Non-Stick Cookware Set,8214.34,1,0.0,8214.34,0.0,8214.34,UPI,False,5.0
ORD101357,2024-11-25,CUST0124,Saanvi Verma,North,Jaipur,Sports & Fitness,Resistance Bands,3049.17,2,15.0,6098.34,914.75,5183.59,UPI,False,4.0
ORD105578,2024-11-25,CUST0842,Shreya Iyer,North,Lucknow,Beauty & Personal Care,Hair Dryer,260.75,1,0.0,260.75,0.0,260.75,Net Banking,False,1.0
ORD105798,2024-11-25,CUST0700,Aditya Singh,North,Lucknow,Beauty & Personal Care,Trimmer,345.28,1,5.0,345.28,17.26,328.02,UPI,False,5.0
ORD100578,2024-11-25,CUST0105,Nisha Mukherjee,East,Patna,Beauty & Personal Care,Perfume,643.51,2,0.0,1287.02,0.0,1287.02,Credit Card,False,4.0
ORD101311,2024-11-25,CUST0492,Swati Menon,North,Jaipur,Home & Kitchen,Water Purifier,1845.63,1,0.0,1845.63,0.0,1845.63,Debit Card,False,3.0
ORD100731,2024-11-26,CUST0552,Shreya Joshi,South,Hyderabad,Home & Kitchen,Non-Stick Cookware Set,14234.91,1,10.0,14234.91,1423.49,12811.42,Credit Card,False,4.0
ORD100759,2024-11-26,CUST0055,Kavya Iyer,North,Jaipur,Beauty & Personal Care,Face Serum,1930.09,1,10.0,1930.09,193.01,1737.08,UPI,False,5.0
ORD100345,2024-11-26,CUST0518,Karthik Mukherjee,South,Hyderabad,Fashion,Wrist Watch,2521.77,1,0.0,2521.77,0.0,2521.77,Net Banking,False,5.0
ORD105552,2024-11-26,CUST0362,Karthik Rao,West,Surat,Beauty & Personal Care,Hair Dryer,1330.62,1,0.0,1330.62,0.0,1330.62,UPI,True,5.0
ORD105643,2024-11-26,CUST0758,Tara Reddy,North,Chandigarh,Electronics,Smartphone,50931.39,1,0.0,50931.39,0.0,50931.39,Credit Card,False,5.0
ORD102976,2024-11-26,CUST0438,Ishaan Verma,West,Ahmedabad,Beauty & Personal Care,Trimmer,3287.64,2,0.0,6575.28,0.0,6575.28,Debit Card,False,4.0
ORD105279,2024-11-26,CUST0337,Sneha Rao,North,Jaipur,Sports & Fitness,Yoga Mat,2824.31,1,0.0,2824.31,0.0,2824.31,Debit Card,False,5.0
ORD105597,2024-11-26,CUST0532,Sanjay Rao,West,Mumbai,Fashion,Sunglasses,3443.13,1,10.0,3443.13,344.31,3098.82,UPI,False,1.0
ORD101714,2024-11-26,CUST0179,Divya Singh,West,Pune,Beauty & Personal Care,Face Serum,714.74,1,5.0,714.74,35.74,679.0,UPI,False,3.0
ORD100879,2024-11-26,CUST0179,Divya Singh,West,Pune,Beauty & Personal Care,Hair Dryer,1660.75,1,0.0,1660.75,0.0,1660.75,Net Banking,False,3.0
ORD103968,2024-11-26,CUST0555,Vivaan Sharma,North,Delhi,Home & Kitchen,Water Purifier,13099.02,2,0.0,26198.04,0.0,26198.04,Net Banking,False,5.0
ORD101316,2024-11-26,CUST0155,Karthik Verma,South,Chennai,Fashion,Sunglasses,862.87,1,0.0,862.87,0.0,862.87,Net Banking,False,4.0
ORD101702,2024-11-26,CUST0381,Saanvi Rao,North,Lucknow,Fashion,Running Shoes,2722.98,1,0.0,2722.98,0.0,2722.98,Net Banking,False,4.0
ORD101660,2024-11-26,CUST0371,Riya Nair,East,Bhubaneswar,Sports & Fitness,Cycling Helmet,749.17,1,20.0,749.17,149.83,599.34,UPI,False,4.0
ORD101172,2024-11-26,CUST0630,Neha Desai,North,Chandigarh,Beauty & Personal Care,Face Serum,1268.58,2,0.0,2537.16,0.0,2537.16,Credit Card,False,4.0
ORD102791,2024-11-26,CUST0752,Karthik Menon,North,Lucknow,Beauty & Personal Care,Face Serum,1066.79,2,15.0,2133.58,320.04,1813.54,Net Banking,False,1.0
ORD101390,2024-11-26,CUST0517,Ramesh Menon,West,Pune,Beauty & Personal Care,Skincare Kit,1729.72,1,15.0,1729.72,259.46,1470.26,Credit Card,False,4.0
ORD105782,2024-11-26,CUST0515,Vikram Gupta,West,Ahmedabad,Sports & Fitness,Yoga Mat,5353.54,1,0.0,5353.54,0.0,5353.54,UPI,False,5.0
ORD100011,2024-11-26,CUST0289,Aditya Bose,South,Bengaluru,Home & Kitchen,Vacuum Cleaner,8479.32,1,0.0,8479.32,0.0,8479.32,Debit Card,False,3.0
ORD104253,2024-11-26,CUST0311,Ananya Das,West,Mumbai,Home & Kitchen,Non-Stick Cookware Set,1470.88,1,10.0,1470.88,147.09,1323.79,Net Banking,False,2.0
ORD100082,2024-11-26,CUST0431,Lakshmi Patel,South,Bengaluru,Electronics,Laptop,10608.76,1,0.0,10608.76,0.0,10608.76,Credit Card,False,4.0
ORD105598,2024-11-27,CUST0690,Ananya Verma,East,Guwahati,Beauty & Personal Care,Perfume,814.9,2,15.0,1629.8,244.47,1385.33,UPI,False,5.0
ORD101789,2024-11-27,CUST0283,Rahul Menon,East,Kolkata,Electronics,Laptop,44927.2,1,25.0,44927.2,11231.8,33695.4,Net Banking,False,2.0
ORD101262,2024-11-27,CUST0175,Arjun Gupta,North,Lucknow,Beauty & Personal Care,Hair Dryer,2573.22,1,10.0,2573.22,257.32,2315.9,Debit Card,False,5.0
ORD101628,2024-11-27,CUST0751,Kavya Desai,North,Delhi,Home & Kitchen,Water Purifier,9329.28,1,0.0,9329.28,0.0,9329.28,UPI,False,4.0
ORD101485,2024-11-27,CUST0741,Ramesh Menon,South,Hyderabad,Sports & Fitness,Yoga Mat,6238.52,2,0.0,12477.04,0.0,12477.04,Credit Card,False,5.0
ORD104839,2024-11-27,CUST0219,Diya Malhotra,West,Ahmedabad,Electronics,Smartphone,51039.25,3,15.0,153117.75,22967.66,130150.09,Net Banking,False,5.0
ORD102614,2024-11-27,CUST0114,Divya Joshi,South,Chennai,Electronics,Smartphone,40591.0,1,25.0,40591.0,10147.75,30443.25,UPI,False,4.0
ORD103906,2024-11-27,CUST0085,Riya Das,North,Jaipur,Sports & Fitness,Yoga Mat,7266.29,1,5.0,7266.29,363.31,6902.98,UPI,False,1.0
ORD100523,2024-11-27,CUST0033,Meera Singh,South,Hyderabad,Fashion,Wrist Watch,4820.27,1,0.0,4820.27,0.0,4820.27,Debit Card,False,5.0
ORD102515,2024-11-27,CUST0064,Sanjay Reddy,East,Kolkata,Fashion,Denim Jacket,2733.19,1,0.0,2733.19,0.0,2733.19,UPI,False,2.0
ORD103052,2024-11-27,CUST0302,Ramesh Chopra,West,Mumbai,Beauty & Personal Care,Hair Dryer,2405.16,1,5.0,2405.16,120.26,2284.9,Cash on Delivery,False,5.0
ORD100618,2024-11-27,CUST0605,Aarav Menon,West,Surat,Sports & Fitness,Yoga Mat,2097.14,2,5.0,4194.28,209.71,3984.57,Credit Card,False,3.0
ORD102163,2024-11-27,CUST0195,Sanjay Malhotra,South,Chennai,Home & Kitchen,Non-Stick Cookware Set,12746.34,2,20.0,25492.68,5098.54,20394.14,Debit Card,False,5.0
ORD102903,2024-11-27,CUST0382,Divya Joshi,East,Guwahati,Beauty & Personal Care,Trimmer,2538.47,1,10.0,2538.47,253.85,2284.62,Debit Card,False,5.0
ORD102508,2024-11-27,CUST0485,Rohan Singh,West,Ahmedabad,Beauty & Personal Care,Hair Dryer,583.36,3,0.0,1750.08,0.0,1750.08,Cash on Delivery,False,5.0
ORD100202,2024-11-28,CUST0697,Isha Das,East,Patna,Beauty & Personal Care,Skincare Kit,1344.76,1,15.0,1344.76,201.71,1143.05,UPI,False,2.0
ORD100851,2024-11-28,CUST0020,Ishaan Verma,East,Bhubaneswar,Sports & Fitness,Fitness Band,867.42,2,0.0,1734.84,0.0,1734.84,Net Banking,False,5.0
ORD102767,2024-11-28,CUST0612,Tara Reddy,North,Lucknow,Electronics,Smartwatch,17978.24,2,0.0,35956.48,0.0,35956.48,Net Banking,False,3.0
ORD103301,2024-11-28,CUST0527,Ramesh Bose,North,Jaipur,Electronics,Smartphone,35672.03,1,0.0,35672.03,0.0,35672.03,UPI,False,5.0
ORD103099,2024-11-28,CUST0061,Isha Joshi,East,Guwahati,Fashion,Wrist Watch,5403.15,1,0.0,5403.15,0.0,5403.15,UPI,False,1.0
ORD105439,2024-11-28,CUST0474,Neha Kapoor,South,Bengaluru,Fashion,Running Shoes,755.95,1,0.0,755.95,0.0,755.95,Credit Card,False,5.0
ORD103570,2024-11-28,CUST0718,Nisha Verma,East,Kolkata,Fashion,Sunglasses,3891.36,1,0.0,3891.36,0.0,3891.36,UPI,False,5.0
ORD100504,2024-11-28,CUST0639,Vihaan Chopra,West,Pune,Home & Kitchen,Water Purifier,2026.5,2,0.0,4053.0,0.0,4053.0,Credit Card,False,4.0
ORD103621,2024-11-28,CUST0829,Sanjay Desai,North,Delhi,Beauty & Personal Care,Perfume,1303.7,1,0.0,1303.7,0.0,1303.7,Credit Card,False,4.0
ORD100679,2024-11-28,CUST0025,Riya Nair,East,Guwahati,Sports & Fitness,Yoga Mat,4723.14,2,10.0,9446.28,944.63,8501.65,Credit Card,False,1.0
ORD101697,2024-11-28,CUST0451,Nisha Singh,West,Surat,Electronics,Smartwatch,46491.93,2,5.0,92983.86,4649.19,88334.67,Debit Card,False,5.0
ORD100988,2024-11-28,CUST0417,Tara Desai,East,Kolkata,Beauty & Personal Care,Perfume,3036.89,2,0.0,6073.78,0.0,6073.78,UPI,False,5.0
ORD103146,2024-11-28,CUST0374,Meera Kapoor,East,Kolkata,Electronics,Laptop,28490.41,1,15.0,28490.41,4273.56,24216.85,UPI,False,4.0
ORD103186,2024-11-29,CUST0406,Vikram Rao,North,Lucknow,Electronics,Wireless Earbuds,46111.78,1,25.0,46111.78,11527.94,34583.84,UPI,False,3.0
ORD100797,2024-11-29,CUST0270,Nisha Kumar,North,Chandigarh,Sports & Fitness,Resistance Bands,6623.82,1,10.0,6623.82,662.38,5961.44,Credit Card,False,3.0
ORD104864,2024-11-29,CUST0563,Sneha Pillai,West,Mumbai,Home & Kitchen,Mixer Grinder,2781.27,1,5.0,2781.27,139.06,2642.21,Debit Card,False,5.0
ORD104494,2024-11-29,CUST0437,Kavya Menon,South,Kochi,Home & Kitchen,Non-Stick Cookware Set,2287.61,1,5.0,2287.61,114.38,2173.23,UPI,True,5.0
ORD103348,2024-11-29,CUST0473,Manisha Chopra,South,Hyderabad,Home & Kitchen,Mixer Grinder,9654.14,2,15.0,19308.28,2896.24,16412.04,UPI,False,5.0
ORD103987,2024-11-29,CUST0487,Krishna Kapoor,West,Mumbai,Electronics,Wireless Earbuds,4007.82,1,0.0,4007.82,0.0,4007.82,Cash on Delivery,False,4.0
ORD105265,2024-11-29,CUST0097,Priya Sharma,South,Chennai,Beauty & Personal Care,Face Serum,2144.86,1,5.0,2144.86,107.24,2037.62,Net Banking,False,4.0
ORD100062,2024-11-29,CUST0155,Karthik Verma,South,Chennai,Sports & Fitness,Yoga Mat,5485.33,1,15.0,5485.33,822.8,4662.53,UPI,False,5.0
ORD102762,2024-11-29,CUST0275,Naveen Singh,East,Guwahati,Sports & Fitness,Fitness Band,2727.51,1,0.0,2727.51,0.0,2727.51,UPI,False,4.0
ORD103360,2024-11-29,CUST0085,Riya Das,North,Jaipur,Fashion,Wrist Watch,733.95,1,0.0,733.95,0.0,733.95,Debit Card,False,2.0
ORD101854,2024-11-29,CUST0602,Deepak Verma,East,Guwahati,Beauty & Personal Care,Trimmer,1145.95,3,0.0,3437.85,0.0,3437.85,UPI,False,4.0
ORD104125,2024-11-29,CUST0738,Ramesh Pillai,North,Chandigarh,Beauty & Personal Care,Trimmer,1850.44,1,5.0,1850.44,92.52,1757.92,Credit Card,False,5.0
ORD100338,2024-11-29,CUST0612,Tara Reddy,North,Lucknow,Electronics,Wireless Earbuds,22844.25,1,0.0,22844.25,0.0,22844.25,Cash on Delivery,False,4.0
ORD103524,2024-11-29,CUST0306,Anil Verma,South,Kochi,Sports & Fitness,Fitness Band,4332.55,1,5.0,4332.55,216.63,4115.92,Cash on Delivery,False,5.0
ORD101817,2024-11-30,CUST0687,Diya Kumar,South,Chennai,Beauty & Personal Care,Hair Dryer,3310.8,3,15.0,9932.4,1489.86,8442.54,Credit Card,False,5.0
ORD101270,2024-11-30,CUST0485,Rohan Singh,West,Ahmedabad,Electronics,Laptop,13424.47,1,15.0,13424.47,2013.67,11410.8,Credit Card,False,4.0
ORD103659,2024-11-30,CUST0287,Kavya Kapoor,South,Hyderabad,Fashion,Denim Jacket,4013.36,1,0.0,4013.36,0.0,4013.36,Credit Card,False,5.0
ORD104576,2024-11-30,CUST0063,Pooja Nair,West,Pune,Sports & Fitness,Cycling Helmet,3859.89,2,0.0,7719.78,0.0,7719.78,Net Banking,False,5.0
ORD100199,2024-11-30,CUST0231,Kiran Mukherjee,East,Bhubaneswar,Fashion,Running Shoes,926.35,1,25.0,926.35,231.59,694.76,UPI,False,1.0
ORD105527,2024-11-30,CUST0452,Kavya Joshi,North,Chandigarh,Fashion,Denim Jacket,616.73,1,0.0,616.73,0.0,616.73,UPI,False,2.0
ORD102096,2024-11-30,CUST0443,Lakshmi Malhotra,East,Bhubaneswar,Home & Kitchen,Water Purifier,3815.95,1,0.0,3815.95,0.0,3815.95,UPI,False,5.0
ORD105258,2024-11-30,CUST0696,Isha Reddy,West,Surat,Sports & Fitness,Resistance Bands,1568.56,1,0.0,1568.56,0.0,1568.56,Net Banking,False,5.0
ORD103700,2024-12-01,CUST0483,Manish Reddy,South,Kochi,Fashion,Backpack,2014.67,1,0.0,2014.67,0.0,2014.67,Net Banking,True,3.0
ORD105881,2024-12-01,CUST0533,Vihaan Sharma,East,Bhubaneswar,Sports & Fitness,Yoga Mat,6047.19,2,20.0,12094.38,2418.88,9675.5,UPI,False,4.0
ORD103721,2024-12-01,CUST0806,Neha Patel,West,Mumbai,Fashion,Denim Jacket,793.53,1,15.0,793.53,119.03,674.5,UPI,False,5.0
ORD100216,2024-12-01,CUST0012,Anil Das,North,Delhi,Sports & Fitness,Cycling Helmet,6521.12,1,0.0,6521.12,0.0,6521.12,UPI,False,3.0
ORD102720,2024-12-01,CUST0271,Deepak Joshi,East,Guwahati,Beauty & Personal Care,Trimmer,3302.92,2,0.0,6605.84,0.0,6605.84,Credit Card,False,5.0
ORD103173,2024-12-01,CUST0763,Saanvi Kapoor,East,Patna,Sports & Fitness,Dumbbell Set,5010.7,1,15.0,5010.7,751.6,4259.1,Debit Card,False,3.0
ORD101431,2024-12-01,CUST0306,Anil Verma,South,Kochi,Beauty & Personal Care,Perfume,1259.96,1,0.0,1259.96,0.0,1259.96,Debit Card,False,4.0
ORD104654,2024-12-01,CUST0637,Swati Pillai,North,Jaipur,Fashion,Denim Jacket,4728.12,1,10.0,4728.12,472.81,4255.31,Credit Card,False,3.0
ORD100194,2024-12-01,CUST0247,Anil Desai,North,Chandigarh,Fashion,Running Shoes,2087.79,1,0.0,2087.79,0.0,2087.79,Credit Card,False,4.0
ORD104860,2024-12-01,CUST0751,Kavya Desai,North,Delhi,Sports & Fitness,Resistance Bands,2222.64,3,0.0,6667.92,0.0,6667.92,Credit Card,False,5.0
ORD104235,2024-12-01,CUST0670,Sneha Patel,North,Lucknow,Beauty & Personal Care,Hair Dryer,2113.78,1,0.0,2113.78,0.0,2113.78,Net Banking,False,3.0
ORD101003,2024-12-02,CUST0480,Vivaan Joshi,East,Guwahati,Beauty & Personal Care,Face Serum,2516.51,1,0.0,2516.51,0.0,2516.51,UPI,False,5.0
ORD103487,2024-12-02,CUST0362,Karthik Rao,West,Surat,Electronics,Wireless Earbuds,52672.18,1,0.0,52672.18,0.0,52672.18,UPI,False,3.0
ORD100667,2024-12-02,CUST0511,Manisha Verma,West,Ahmedabad,Fashion,Sunglasses,1849.01,1,0.0,1849.01,0.0,1849.01,Credit Card,False,4.0
ORD102109,2024-12-02,CUST0770,Vikram Iyer,South,Hyderabad,Home & Kitchen,Non-Stick Cookware Set,2590.03,1,10.0,2590.03,259.0,2331.03,UPI,False,4.0
ORD105007,2024-12-02,CUST0700,Aditya Singh,North,Lucknow,Beauty & Personal Care,Perfume,2265.23,2,5.0,4530.46,226.52,4303.94,Credit Card,False,4.0
ORD104093,2024-12-02,CUST0304,Saanvi Joshi,South,Kochi,Fashion,Running Shoes,617.63,2,0.0,1235.26,0.0,1235.26,Cash on Delivery,False,4.0
ORD102427,2024-12-02,CUST0001,Nisha Desai,South,Chennai,Electronics,Bluetooth Speaker,2765.77,1,20.0,2765.77,553.15,2212.62,Debit Card,False,5.0
ORD102010,2024-12-02,CUST0785,Manisha Patel,North,Lucknow,Sports & Fitness,Fitness Band,6771.25,1,0.0,6771.25,0.0,6771.25,Net Banking,False,5.0
ORD103351,2024-12-02,CUST0064,Sanjay Reddy,East,Kolkata,Beauty & Personal Care,Hair Dryer,2523.13,1,0.0,2523.13,0.0,2523.13,UPI,False,5.0
ORD104831,2024-12-02,CUST0787,Karthik Joshi,North,Chandigarh,Beauty & Personal Care,Trimmer,2942.97,2,5.0,5885.94,294.3,5591.64,Credit Card,False,5.0
ORD103062,2024-12-02,CUST0792,Shreya Kumar,West,Ahmedabad,Sports & Fitness,Cycling Helmet,7480.51,1,5.0,7480.51,374.03,7106.48,Credit Card,False,5.0
ORD101735,2024-12-02,CUST0789,Riya Pillai,North,Lucknow,Fashion,Wrist Watch,5373.91,2,0.0,10747.82,0.0,10747.82,Debit Card,True,4.0
ORD105823,2024-12-03,CUST0337,Sneha Rao,North,Jaipur,Sports & Fitness,Resistance Bands,2541.87,2,0.0,5083.74,0.0,5083.74,UPI,False,1.0
ORD104571,2024-12-03,CUST0304,Saanvi Joshi,South,Kochi,Fashion,Denim Jacket,3900.68,1,10.0,3900.68,390.07,3510.61,Credit Card,False,1.0
ORD102122,2024-12-03,CUST0425,Sai Mukherjee,East,Guwahati,Fashion,Running Shoes,3794.54,1,0.0,3794.54,0.0,3794.54,Net Banking,False,4.0
ORD103491,2024-12-03,CUST0681,Anil Patel,East,Bhubaneswar,Electronics,Wireless Earbuds,26098.06,1,10.0,26098.06,2609.81,23488.25,Net Banking,False,
ORD103190,2024-12-03,CUST0790,Pooja Kapoor,West,Mumbai,Home & Kitchen,Air Fryer,1040.31,2,0.0,2080.62,0.0,2080.62,Debit Card,False,5.0
ORD102056,2024-12-03,CUST0713,Sanjay Gupta,West,Ahmedabad,Sports & Fitness,Fitness Band,5270.82,1,20.0,5270.82,1054.16,4216.66,UPI,False,4.0
ORD104773,2024-12-03,CUST0496,Lakshmi Singh,East,Guwahati,Electronics,Bluetooth Speaker,51567.92,1,5.0,51567.92,2578.4,48989.52,Net Banking,False,5.0
ORD101009,2024-12-03,CUST0759,Aditya Sharma,East,Patna,Fashion,Denim Jacket,3632.33,1,0.0,3632.33,0.0,3632.33,UPI,False,3.0
ORD102311,2024-12-03,CUST0118,Ananya Das,South,Chennai,Beauty & Personal Care,Hair Dryer,1426.58,1,25.0,1426.58,356.64,1069.94,UPI,False,4.0
ORD101614,2024-12-03,CUST0220,Vivaan Joshi,North,Chandigarh,Beauty & Personal Care,Trimmer,3263.63,1,0.0,3263.63,0.0,3263.63,Credit Card,False,4.0
ORD101061,2024-12-04,CUST0677,Saanvi Das,West,Surat,Fashion,Sunglasses,1700.2,1,5.0,1700.2,85.01,1615.19,Net Banking,False,5.0
ORD104838,2024-12-04,CUST0157,Vivaan Das,North,Lucknow,Beauty & Personal Care,Trimmer,2045.92,1,10.0,2045.92,204.59,1841.33,UPI,False,3.0
ORD100802,2024-12-04,CUST0321,Rohan Joshi,North,Chandigarh,Sports & Fitness,Dumbbell Set,1363.24,1,0.0,1363.24,0.0,1363.24,UPI,False,1.0
ORD104519,2024-12-04,CUST0244,Tara Kapoor,South,Chennai,Fashion,Running Shoes,1141.6,1,0.0,1141.6,0.0,1141.6,UPI,False,5.0
ORD105503,2024-12-04,CUST0267,Anil Chopra,East,Bhubaneswar,Home & Kitchen,Non-Stick Cookware Set,7300.36,1,0.0,7300.36,0.0,7300.36,UPI,False,2.0
ORD105739,2024-12-04,CUST0788,Vikram Patel,North,Delhi,Home & Kitchen,Vacuum Cleaner,1503.52,1,25.0,1503.52,375.88,1127.64,Credit Card,False,2.0
ORD103917,2024-12-04,CUST0561,Lakshmi Rao,East,Kolkata,Home & Kitchen,Non-Stick Cookware Set,7481.11,1,0.0,7481.11,0.0,7481.11,Credit Card,False,2.0
ORD101743,2024-12-04,CUST0085,Riya Das,North,Jaipur,Electronics,Smartwatch,18351.35,1,0.0,18351.35,0.0,18351.35,Credit Card,False,5.0
ORD104789,2024-12-05,CUST0677,Saanvi Das,West,Surat,Beauty & Personal Care,Skincare Kit,862.68,1,10.0,862.68,86.27,776.41,UPI,False,2.0
ORD100499,2024-12-05,CUST0823,Karthik Reddy,East,Bhubaneswar,Fashion,Wrist Watch,1830.4,1,25.0,1830.4,457.6,1372.8,Net Banking,False,4.0
ORD105096,2024-12-05,CUST0505,Rahul Kapoor,North,Jaipur,Home & Kitchen,Non-Stick Cookware Set,6018.24,1,5.0,6018.24,300.91,5717.33,Credit Card,False,5.0
ORD104071,2024-12-05,CUST0735,Rohan Sharma,South,Bengaluru,Home & Kitchen,Air Fryer,10089.2,1,0.0,10089.2,0.0,10089.2,Credit Card,False,2.0
ORD101843,2024-12-05,CUST0601,Sneha Patel,South,Hyderabad,Sports & Fitness,Cycling Helmet,7348.5,1,20.0,7348.5,1469.7,5878.8,Cash on Delivery,False,2.0
ORD104469,2024-12-05,CUST0629,Suresh Mukherjee,North,Delhi,Beauty & Personal Care,Trimmer,1810.58,1,0.0,1810.58,0.0,1810.58,Debit Card,False,5.0
ORD101245,2024-12-05,CUST0410,Sai Das,North,Chandigarh,Home & Kitchen,Non-Stick Cookware Set,4929.11,1,5.0,4929.11,246.46,4682.65,Net Banking,False,5.0
ORD102580,2024-12-05,CUST0707,Isha Menon,West,Pune,Home & Kitchen,Vacuum Cleaner,13514.23,1,5.0,13514.23,675.71,12838.52,Net Banking,False,4.0
ORD102039,2024-12-06,CUST0002,Ramesh Kapoor,East,Patna,Beauty & Personal Care,Hair Dryer,3224.83,1,0.0,3224.83,0.0,3224.83,Net Banking,False,5.0
ORD101883,2024-12-06,CUST0443,Lakshmi Malhotra,East,Bhubaneswar,Home & Kitchen,Vacuum Cleaner,4334.8,1,15.0,4334.8,650.22,3684.58,UPI,False,4.0
ORD105216,2024-12-06,CUST0559,Suresh Pillai,West,Surat,Fashion,Running Shoes,622.62,1,5.0,622.62,31.13,591.49,Credit Card,False,4.0
ORD101637,2024-12-06,CUST0037,Vikram Chopra,West,Surat,Beauty & Personal Care,Hair Dryer,2639.56,1,5.0,2639.56,131.98,2507.58,Credit Card,False,3.0
ORD101822,2024-12-06,CUST0100,Zara Nair,North,Jaipur,Home & Kitchen,Vacuum Cleaner,8502.12,1,0.0,8502.12,0.0,8502.12,Cash on Delivery,False,3.0
ORD101560,2024-12-06,CUST0789,Riya Pillai,North,Lucknow,Electronics,Wireless Earbuds,33046.25,1,0.0,33046.25,0.0,33046.25,Net Banking,False,5.0
ORD104778,2024-12-06,CUST0606,Swati Kumar,South,Chennai,Beauty & Personal Care,Trimmer,529.65,1,0.0,529.65,0.0,529.65,UPI,False,4.0
ORD101392,2024-12-06,CUST0345,Riya Reddy,East,Bhubaneswar,Fashion,Running Shoes,2105.83,1,20.0,2105.83,421.17,1684.66,Cash on Delivery,False,5.0
ORD102537,2024-12-07,CUST0284,Lakshmi Nair,West,Pune,Electronics,Wireless Earbuds,48159.23,1,0.0,48159.23,0.0,48159.23,UPI,False,4.0
ORD101160,2024-12-07,CUST0061,Isha Joshi,East,Guwahati,Beauty & Personal Care,Hair Dryer,2099.67,1,10.0,2099.67,209.97,1889.7,UPI,False,2.0
ORD100038,2024-12-07,CUST0491,Anil Sharma,North,Jaipur,Home & Kitchen,Non-Stick Cookware Set,5740.54,1,5.0,5740.54,287.03,5453.51,Net Banking,False,5.0
ORD102861,2024-12-08,CUST0225,Reyansh Nair,North,Lucknow,Fashion,Sunglasses,4389.64,1,25.0,4389.64,1097.41,3292.23,Credit Card,False,4.0
ORD104976,2024-12-08,CUST0410,Sai Das,North,Chandigarh,Beauty & Personal Care,Face Serum,1693.83,1,0.0,1693.83,0.0,1693.83,Net Banking,False,5.0
ORD102407,2024-12-08,CUST0591,Deepak Menon,West,Mumbai,Fashion,Wrist Watch,1218.31,1,0.0,1218.31,0.0,1218.31,UPI,False,4.0
ORD101155,2024-12-08,CUST0351,Vivaan Chopra,North,Delhi,Sports & Fitness,Resistance Bands,5707.78,2,0.0,11415.56,0.0,11415.56,UPI,False,5.0
ORD103561,2024-12-08,CUST0805,Ishaan Gupta,West,Pune,Fashion,Backpack,2888.56,1,5.0,2888.56,144.43,2744.13,UPI,False,2.0
ORD102569,2024-12-08,CUST0059,Meera Kapoor,West,Pune,Fashion,Sunglasses,3908.9,1,0.0,3908.9,0.0,3908.9,UPI,False,5.0
ORD100909,2024-12-08,CUST0070,Sai Pillai,North,Jaipur,Beauty & Personal Care,Skincare Kit,2375.32,1,5.0,2375.32,118.77,2256.55,UPI,False,5.0
ORD101589,2024-12-09,CUST0003,Krishna Gupta,South,Bengaluru,Home & Kitchen,Mixer Grinder,3579.47,1,5.0,3579.47,178.97,3400.5,Net Banking,False,4.0
ORD104411,2024-12-09,CUST0650,Rohan Gupta,West,Mumbai,Electronics,Smartwatch,11643.84,1,25.0,11643.84,2910.96,8732.88,Debit Card,True,5.0
ORD100616,2024-12-09,CUST0348,Rohan Das,North,Lucknow,Sports & Fitness,Fitness Band,5028.04,2,10.0,10056.08,1005.61,9050.47,Credit Card,False,5.0
ORD102931,2024-12-09,CUST0231,Kiran Mukherjee,East,Bhubaneswar,Fashion,Wrist Watch,1404.61,1,5.0,1404.61,70.23,1334.38,Credit Card,False,1.0
ORD103502,2024-12-09,CUST0735,Rohan Sharma,South,Bengaluru,Beauty & Personal Care,Face Serum,2437.71,1,15.0,2437.71,365.66,2072.05,Credit Card,False,4.0
ORD101821,2024-12-09,CUST0054,Lakshmi Kapoor,North,Jaipur,Home & Kitchen,Air Fryer,6161.39,1,5.0,6161.39,308.07,5853.32,UPI,False,5.0
ORD103844,2024-12-09,CUST0399,Shreya Rao,West,Pune,Beauty & Personal Care,Perfume,2020.9,1,0.0,2020.9,0.0,2020.9,Credit Card,False,4.0
ORD105086,2024-12-10,CUST0772,Meera Malhotra,South,Bengaluru,Sports & Fitness,Resistance Bands,4944.35,1,0.0,4944.35,0.0,4944.35,Credit Card,False,4.0
ORD100378,2024-12-10,CUST0012,Anil Das,North,Delhi,Beauty & Personal Care,Face Serum,3352.57,2,20.0,6705.14,1341.03,5364.11,Credit Card,False,4.0
ORD101087,2024-12-10,CUST0567,Rohan Malhotra,East,Guwahati,Electronics,Smartwatch,7907.32,1,0.0,7907.32,0.0,7907.32,Debit Card,False,1.0
ORD101773,2024-12-10,CUST0238,Tara Das,North,Jaipur,Sports & Fitness,Resistance Bands,3041.52,1,25.0,3041.52,760.38,2281.14,Debit Card,False,3.0
ORD100337,2024-12-10,CUST0567,Rohan Malhotra,East,Guwahati,Beauty & Personal Care,Skincare Kit,787.45,3,0.0,2362.35,0.0,2362.35,Cash on Delivery,False,4.0
ORD103195,2024-12-10,CUST0386,Nisha Pillai,North,Lucknow,Fashion,Backpack,2889.56,3,25.0,8668.68,2167.17,6501.51,Credit Card,False,5.0
ORD104249,2024-12-10,CUST0118,Ananya Das,South,Chennai,Home & Kitchen,Vacuum Cleaner,4634.37,1,15.0,4634.37,695.16,3939.21,UPI,False,4.0
ORD104349,2024-12-10,CUST0701,Sneha Singh,East,Patna,Electronics,Bluetooth Speaker,51480.19,1,0.0,51480.19,0.0,51480.19,Credit Card,False,5.0
ORD103314,2024-12-10,CUST0553,Tara Nair,East,Bhubaneswar,Electronics,Bluetooth Speaker,19154.96,1,5.0,19154.96,957.75,18197.21,UPI,False,5.0
ORD101970,2024-12-10,CUST0277,Aditya Chopra,West,Mumbai,Electronics,Smartwatch,21458.95,1,10.0,21458.95,2145.9,19313.05,UPI,False,3.0
ORD103716,2024-12-10,CUST0781,Sanjay Mukherjee,West,Surat,Home & Kitchen,Air Fryer,1095.39,1,10.0,1095.39,109.54,985.85,Credit Card,False,4.0
ORD105771,2024-12-10,CUST0485,Rohan Singh,West,Ahmedabad,Electronics,Smartwatch,29796.67,1,10.0,29796.67,2979.67,26817.0,UPI,False,5.0
ORD103461,2024-12-10,CUST0094,Manisha Reddy,East,Guwahati,Home & Kitchen,Vacuum Cleaner,11936.21,1,0.0,11936.21,0.0,11936.21,Credit Card,False,3.0
ORD104365,2024-12-10,CUST0781,Sanjay Mukherjee,West,Surat,Beauty & Personal Care,Face Serum,1698.85,2,0.0,3397.7,0.0,3397.7,Net Banking,True,2.0
ORD100835,2024-12-11,CUST0687,Diya Kumar,South,Chennai,Sports & Fitness,Fitness Band,3248.85,1,5.0,3248.85,162.44,3086.41,UPI,False,4.0
ORD104582,2024-12-11,CUST0656,Lakshmi Bose,West,Mumbai,Fashion,Wrist Watch,4049.3,1,10.0,4049.3,404.93,3644.37,Net Banking,False,4.0
ORD105093,2024-12-11,CUST0461,Aditya Gupta,North,Delhi,Sports & Fitness,Yoga Mat,1976.76,2,5.0,3953.52,197.68,3755.84,UPI,False,5.0
ORD102287,2024-12-11,CUST0438,Ishaan Verma,West,Ahmedabad,Electronics,Smartwatch,7537.12,1,0.0,7537.12,0.0,7537.12,UPI,False,5.0
ORD100320,2024-12-11,CUST0358,Pooja Iyer,North,Lucknow,Home & Kitchen,Non-Stick Cookware Set,10299.25,1,0.0,10299.25,0.0,10299.25,Debit Card,True,5.0
ORD101540,2024-12-11,CUST0413,Ananya Singh,East,Bhubaneswar,Fashion,Running Shoes,4759.83,2,0.0,9519.66,0.0,9519.66,UPI,False,4.0
ORD103063,2024-12-11,CUST0043,Divya Iyer,West,Ahmedabad,Home & Kitchen,Mixer Grinder,7539.53,1,0.0,7539.53,0.0,7539.53,UPI,False,4.0
ORD100374,2024-12-11,CUST0442,Ananya Patel,West,Mumbai,Home & Kitchen,Air Fryer,14777.13,1,25.0,14777.13,3694.28,11082.85,Credit Card,False,5.0
ORD104718,2024-12-11,CUST0310,Pooja Kapoor,North,Jaipur,Home & Kitchen,Water Purifier,12648.91,1,0.0,12648.91,0.0,12648.91,UPI,False,5.0
ORD100259,2024-12-11,CUST0569,Riya Malhotra,East,Guwahati,Sports & Fitness,Yoga Mat,5620.33,1,15.0,5620.33,843.05,4777.28,Credit Card,False,5.0
ORD100647,2024-12-11,CUST0763,Saanvi Kapoor,East,Patna,Sports & Fitness,Dumbbell Set,6679.45,3,0.0,20038.35,0.0,20038.35,UPI,False,1.0
ORD101842,2024-12-11,CUST0027,Vivaan Rao,South,Kochi,Electronics,Wireless Earbuds,5836.42,1,0.0,5836.42,0.0,5836.42,Credit Card,False,3.0
ORD103409,2024-12-12,CUST0544,Krishna Verma,West,Mumbai,Sports & Fitness,Fitness Band,3939.46,1,5.0,3939.46,196.97,3742.49,Cash on Delivery,False,4.0
ORD101509,2024-12-12,CUST0175,Arjun Gupta,North,Lucknow,Fashion,Sunglasses,4565.04,2,0.0,9130.08,0.0,9130.08,Credit Card,False,2.0
ORD103508,2024-12-12,CUST0546,Pooja Malhotra,East,Kolkata,Fashion,Backpack,4781.0,1,20.0,4781.0,956.2,3824.8,Net Banking,False,1.0
ORD105501,2024-12-12,CUST0563,Sneha Pillai,West,Mumbai,Sports & Fitness,Cycling Helmet,3716.41,1,10.0,3716.41,371.64,3344.77,Credit Card,False,5.0
ORD102862,2024-12-13,CUST0763,Saanvi Kapoor,East,Patna,Beauty & Personal Care,Skincare Kit,933.17,1,0.0,933.17,0.0,933.17,Credit Card,False,5.0
ORD105942,2024-12-13,CUST0713,Sanjay Gupta,West,Ahmedabad,Fashion,Sunglasses,4422.88,1,0.0,4422.88,0.0,4422.88,Credit Card,False,4.0
ORD105533,2024-12-14,CUST0727,Rohan Patel,South,Bengaluru,Fashion,Backpack,5807.37,1,0.0,5807.37,0.0,5807.37,Credit Card,False,3.0
ORD104561,2024-12-14,CUST0462,Krishna Kumar,West,Ahmedabad,Electronics,Smartphone,45587.74,2,0.0,91175.48,0.0,91175.48,UPI,False,5.0
ORD103053,2024-12-14,CUST0244,Tara Kapoor,South,Chennai,Beauty & Personal Care,Skincare Kit,603.2,1,0.0,603.2,0.0,603.2,UPI,False,5.0
ORD103972,2024-12-14,CUST0050,Suresh Reddy,East,Kolkata,Electronics,Smartphone,54663.58,1,20.0,54663.58,10932.72,43730.86,Credit Card,False,4.0
ORD104537,2024-12-14,CUST0362,Karthik Rao,West,Surat,Electronics,Smartphone,36752.61,1,0.0,36752.61,0.0,36752.61,UPI,False,4.0
ORD101849,2024-12-14,CUST0406,Vikram Rao,North,Lucknow,Electronics,Smartwatch,8052.57,1,15.0,8052.57,1207.89,6844.68,Credit Card,False,4.0
ORD104531,2024-12-14,CUST0053,Aarav Iyer,North,Delhi,Sports & Fitness,Fitness Band,3143.65,2,0.0,6287.3,0.0,6287.3,Net Banking,True,2.0
ORD103698,2024-12-14,CUST0481,Kiran Nair,South,Chennai,Sports & Fitness,Fitness Band,908.77,1,25.0,908.77,227.19,681.58,Credit Card,False,
ORD102321,2024-12-14,CUST0379,Reyansh Iyer,West,Mumbai,Sports & Fitness,Fitness Band,3786.11,1,5.0,3786.11,189.31,3596.8,Credit Card,False,4.0
ORD104944,2024-12-15,CUST0609,Lakshmi Pillai,North,Chandigarh,Electronics,Smartphone,30100.65,1,25.0,30100.65,7525.16,22575.49,Cash on Delivery,False,1.0
ORD103989,2024-12-15,CUST0266,Riya Gupta,West,Ahmedabad,Home & Kitchen,Air Fryer,3473.81,3,20.0,10421.43,2084.29,8337.14,Debit Card,False,2.0
ORD103614,2024-12-15,CUST0181,Sanjay Joshi,North,Jaipur,Electronics,Smartphone,15702.02,2,5.0,31404.04,1570.2,29833.84,UPI,False,5.0
ORD104865,2024-12-15,CUST0348,Rohan Das,North,Lucknow,Beauty & Personal Care,Trimmer,1794.93,1,0.0,1794.93,0.0,1794.93,Net Banking,False,5.0
ORD102595,2024-12-15,CUST0488,Deepak Malhotra,South,Bengaluru,Beauty & Personal Care,Face Serum,1686.83,1,0.0,1686.83,0.0,1686.83,Credit Card,False,5.0
ORD104998,2024-12-15,CUST0056,Aarav Reddy,West,Mumbai,Home & Kitchen,Water Purifier,12429.27,1,0.0,12429.27,0.0,12429.27,Debit Card,False,4.0
ORD101878,2024-12-15,CUST0838,Nisha Kumar,East,Bhubaneswar,Electronics,Wireless Earbuds,48152.22,1,15.0,48152.22,7222.83,40929.39,Credit Card,False,4.0
ORD102400,2024-12-15,CUST0014,Naveen Bose,North,Chandigarh,Fashion,Running Shoes,4047.02,1,5.0,4047.02,202.35,3844.67,Credit Card,False,5.0
ORD105519,2024-12-16,CUST0001,Nisha Desai,South,Chennai,Beauty & Personal Care,Skincare Kit,778.41,1,5.0,778.41,38.92,739.49,UPI,False,2.0
ORD104946,2024-12-16,CUST0083,Vivaan Iyer,North,Lucknow,Electronics,Bluetooth Speaker,25812.03,1,10.0,25812.03,2581.2,23230.83,Debit Card,False,4.0
ORD105692,2024-12-16,CUST0751,Kavya Desai,North,Delhi,Electronics,Smartphone,32580.24,1,0.0,32580.24,0.0,32580.24,Credit Card,False,5.0
ORD105546,2024-12-16,CUST0496,Lakshmi Singh,East,Guwahati,Electronics,Smartwatch,52587.22,1,0.0,52587.22,0.0,52587.22,Credit Card,False,5.0
ORD101030,2024-12-16,CUST0763,Saanvi Kapoor,East,Patna,Fashion,Backpack,1897.09,1,10.0,1897.09,189.71,1707.38,UPI,False,5.0
ORD100127,2024-12-16,CUST0416,Deepak Nair,South,Chennai,Electronics,Smartphone,24384.64,1,0.0,24384.64,0.0,24384.64,Credit Card,False,4.0
ORD103876,2024-12-16,CUST0734,Diya Das,North,Delhi,Fashion,Denim Jacket,2827.96,1,10.0,2827.96,282.8,2545.16,Credit Card,False,5.0
ORD102106,2024-12-17,CUST0239,Kiran Pillai,East,Patna,Home & Kitchen,Non-Stick Cookware Set,7902.99,1,20.0,7902.99,1580.6,6322.39,Credit Card,False,2.0
ORD104844,2024-12-17,CUST0152,Swati Malhotra,East,Patna,Home & Kitchen,Water Purifier,1178.91,1,0.0,1178.91,0.0,1178.91,Cash on Delivery,False,3.0
ORD103444,2024-12-17,CUST0734,Diya Das,North,Delhi,Electronics,Laptop,19279.28,1,5.0,19279.28,963.96,18315.32,Net Banking,False,3.0
ORD105173,2024-12-17,CUST0387,Anil Das,East,Patna,Electronics,Smartwatch,9094.56,1,0.0,9094.56,0.0,9094.56,Net Banking,False,2.0
ORD104613,2024-12-17,CUST0731,Ramesh Nair,South,Bengaluru,Beauty & Personal Care,Hair Dryer,1814.53,2,15.0,3629.06,544.36,3084.7,UPI,False,2.0
ORD105341,2024-12-17,CUST0384,Naveen Kumar,North,Jaipur,Home & Kitchen,Mixer Grinder,9342.39,1,0.0,9342.39,0.0,9342.39,Net Banking,False,5.0
ORD103799,2024-12-17,CUST0279,Anil Sharma,North,Chandigarh,Home & Kitchen,Non-Stick Cookware Set,9023.56,1,0.0,9023.56,0.0,9023.56,Credit Card,False,4.0
ORD100239,2024-12-17,CUST0562,Sanjay Patel,South,Chennai,Electronics,Wireless Earbuds,33965.76,1,0.0,33965.76,0.0,33965.76,Debit Card,False,5.0
ORD105228,2024-12-18,CUST0264,Krishna Bose,South,Kochi,Home & Kitchen,Non-Stick Cookware Set,10858.13,1,0.0,10858.13,0.0,10858.13,Cash on Delivery,False,3.0
ORD105913,2024-12-18,CUST0808,Krishna Mukherjee,West,Surat,Electronics,Laptop,17067.74,1,0.0,17067.74,0.0,17067.74,UPI,False,2.0
ORD105654,2024-12-18,CUST0764,Priya Singh,North,Jaipur,Home & Kitchen,Water Purifier,6906.22,1,0.0,6906.22,0.0,6906.22,Debit Card,False,5.0
ORD103604,2024-12-18,CUST0841,Rahul Kapoor,West,Surat,Sports & Fitness,Fitness Band,4916.79,1,0.0,4916.79,0.0,4916.79,UPI,False,5.0
ORD103285,2024-12-19,CUST0547,Priya Nair,South,Kochi,Sports & Fitness,Cycling Helmet,527.9,3,0.0,1583.7,0.0,1583.7,UPI,False,5.0
ORD103354,2024-12-19,CUST0734,Diya Das,North,Delhi,Sports & Fitness,Cycling Helmet,2203.45,1,0.0,2203.45,0.0,2203.45,UPI,False,2.0
ORD105807,2024-12-19,CUST0698,Swati Chopra,West,Pune,Electronics,Laptop,31641.83,1,5.0,31641.83,1582.09,30059.74,UPI,False,2.0
ORD101082,2024-12-19,CUST0627,Reyansh Patel,North,Lucknow,Electronics,Smartphone,22362.25,1,0.0,22362.25,0.0,22362.25,Debit Card,False,3.0
ORD105040,2024-12-19,CUST0307,Rohan Mukherjee,South,Kochi,Fashion,Denim Jacket,3886.58,1,10.0,3886.58,388.66,3497.92,Debit Card,False,5.0
ORD103916,2024-12-19,CUST0161,Deepak Iyer,West,Pune,Beauty & Personal Care,Face Serum,1572.8,1,10.0,1572.8,157.28,1415.52,UPI,False,4.0
ORD102882,2024-12-19,CUST0734,Diya Das,North,Delhi,Home & Kitchen,Air Fryer,1483.55,1,0.0,1483.55,0.0,1483.55,Credit Card,False,5.0
ORD103673,2024-12-19,CUST0166,Priya Malhotra,North,Delhi,Fashion,Running Shoes,3144.5,2,15.0,6289.0,943.35,5345.65,Net Banking,False,4.0
ORD102409,2024-12-19,CUST0019,Vihaan Malhotra,North,Lucknow,Home & Kitchen,Air Fryer,9026.09,1,5.0,9026.09,451.3,8574.79,UPI,False,4.0
ORD104433,2024-12-19,CUST0491,Anil Sharma,North,Jaipur,Home & Kitchen,Non-Stick Cookware Set,13388.48,1,0.0,13388.48,0.0,13388.48,Debit Card,False,3.0
ORD105917,2024-12-19,CUST0238,Tara Das,North,Jaipur,Fashion,Running Shoes,3951.48,1,0.0,3951.48,0.0,3951.48,UPI,False,3.0
ORD103730,2024-12-19,CUST0231,Kiran Mukherjee,East,Bhubaneswar,Electronics,Wireless Earbuds,46453.97,1,5.0,46453.97,2322.7,44131.27,UPI,False,2.0
ORD103363,2024-12-20,CUST0094,Manisha Reddy,East,Guwahati,Fashion,Sunglasses,5490.83,1,0.0,5490.83,0.0,5490.83,Net Banking,False,5.0
ORD103559,2024-12-20,CUST0463,Meera Kapoor,South,Kochi,Electronics,Smartwatch,8523.71,1,0.0,8523.71,0.0,8523.71,Net Banking,False,4.0
ORD104886,2024-12-20,CUST0197,Priya Bose,South,Hyderabad,Beauty & Personal Care,Skincare Kit,859.12,1,5.0,859.12,42.96,816.16,Credit Card,False,4.0
ORD105932,2024-12-21,CUST0621,Meera Patel,South,Bengaluru,Sports & Fitness,Dumbbell Set,7275.57,1,0.0,7275.57,0.0,7275.57,Cash on Delivery,False,4.0
ORD105292,2024-12-21,CUST0087,Naveen Reddy,South,Chennai,Fashion,Denim Jacket,2053.66,1,20.0,2053.66,410.73,1642.93,Credit Card,False,5.0
ORD101078,2024-12-21,CUST0838,Nisha Kumar,East,Bhubaneswar,Home & Kitchen,Water Purifier,8258.11,1,0.0,8258.11,0.0,8258.11,Credit Card,False,5.0
ORD100688,2024-12-21,CUST0161,Deepak Iyer,West,Pune,Fashion,Sunglasses,2722.5,1,0.0,2722.5,0.0,2722.5,Cash on Delivery,False,5.0
ORD102780,2024-12-21,CUST0709,Kiran Rao,East,Bhubaneswar,Beauty & Personal Care,Perfume,2874.97,2,0.0,5749.94,0.0,5749.94,Cash on Delivery,False,5.0
ORD103897,2024-12-21,CUST0472,Rohan Sharma,South,Bengaluru,Electronics,Wireless Earbuds,47797.88,1,0.0,47797.88,0.0,47797.88,UPI,False,5.0
ORD103589,2024-12-21,CUST0697,Isha Das,East,Patna,Electronics,Bluetooth Speaker,53381.21,1,10.0,53381.21,5338.12,48043.09,Cash on Delivery,False,3.0
ORD105524,2024-12-22,CUST0161,Deepak Iyer,West,Pune,Electronics,Smartphone,5367.8,1,10.0,5367.8,536.78,4831.02,Net Banking,False,4.0
ORD102349,2024-12-22,CUST0239,Kiran Pillai,East,Patna,Fashion,Backpack,1199.31,1,0.0,1199.31,0.0,1199.31,UPI,False,4.0
ORD101452,2024-12-22,CUST0790,Pooja Kapoor,West,Mumbai,Fashion,Sunglasses,3785.9,1,5.0,3785.9,189.3,3596.6,Net Banking,False,5.0
ORD102824,2024-12-22,CUST0285,Divya Joshi,North,Jaipur,Electronics,Bluetooth Speaker,14742.35,1,0.0,14742.35,0.0,14742.35,Credit Card,False,5.0
ORD103368,2024-12-22,CUST0617,Suresh Reddy,South,Chennai,Electronics,Bluetooth Speaker,53139.7,2,10.0,106279.4,10627.94,95651.46,UPI,False,4.0
ORD103747,2024-12-23,CUST0820,Krishna Joshi,East,Bhubaneswar,Home & Kitchen,Water Purifier,9369.74,1,15.0,9369.74,1405.46,7964.28,Credit Card,False,5.0
ORD100185,2024-12-23,CUST0533,Vihaan Sharma,East,Bhubaneswar,Beauty & Personal Care,Skincare Kit,3135.19,1,20.0,3135.19,627.04,2508.15,UPI,False,3.0
ORD101725,2024-12-23,CUST0025,Riya Nair,East,Guwahati,Home & Kitchen,Water Purifier,14894.79,1,0.0,14894.79,0.0,14894.79,Net Banking,False,3.0
ORD102521,2024-12-23,CUST0192,Diya Bose,West,Mumbai,Home & Kitchen,Vacuum Cleaner,12650.59,1,15.0,12650.59,1897.59,10753.0,Cash on Delivery,False,5.0
ORD100908,2024-12-23,CUST0780,Rahul Mukherjee,North,Delhi,Beauty & Personal Care,Hair Dryer,2556.94,1,5.0,2556.94,127.85,2429.09,Debit Card,False,2.0
ORD103663,2024-12-23,CUST0098,Ishaan Rao,North,Chandigarh,Electronics,Wireless Earbuds,37359.03,2,0.0,74718.06,0.0,74718.06,UPI,False,4.0
ORD105672,2024-12-23,CUST0059,Meera Kapoor,West,Pune,Sports & Fitness,Dumbbell Set,6895.41,1,25.0,6895.41,1723.85,5171.56,UPI,False,4.0
ORD102521,2024-12-23,CUST0192,Diya Bose,West,Mumbai,Home & Kitchen,Vacuum Cleaner,12650.59,1,15.0,12650.59,1897.59,10753.0,Cash on Delivery,False,5.0
ORD106000,2024-12-23,CUST0289,Aditya Bose,South,Bengaluru,Sports & Fitness,Fitness Band,4874.44,1,0.0,4874.44,0.0,4874.44,UPI,False,4.0
ORD105256,2024-12-23,CUST0175,Arjun Gupta,North,Lucknow,Beauty & Personal Care,Trimmer,2803.53,1,0.0,2803.53,0.0,2803.53,UPI,False,3.0
ORD100845,2024-12-24,CUST0663,Sai Gupta,East,Guwahati,Electronics,Smartphone,34463.94,1,0.0,34463.94,0.0,34463.94,UPI,False,5.0
ORD102317,2024-12-24,CUST0684,Ananya Patel,North,Lucknow,Beauty & Personal Care,Perfume,3351.38,1,15.0,3351.38,502.71,2848.67,Cash on Delivery,False,5.0
ORD105585,2024-12-24,CUST0724,Divya Bose,East,Patna,Home & Kitchen,Vacuum Cleaner,2336.97,2,25.0,4673.94,1168.48,3505.46,UPI,False,4.0
ORD105619,2024-12-24,CUST0497,Naveen Patel,West,Ahmedabad,Beauty & Personal Care,Skincare Kit,2027.31,1,10.0,2027.31,202.73,1824.58,Credit Card,False,5.0
ORD104766,2024-12-24,CUST0728,Pooja Verma,North,Lucknow,Beauty & Personal Care,Face Serum,339.27,1,0.0,339.27,0.0,339.27,Net Banking,False,4.0
ORD104751,2024-12-24,CUST0672,Arjun Reddy,South,Hyderabad,Beauty & Personal Care,Skincare Kit,2880.41,1,20.0,2880.41,576.08,2304.33,UPI,False,4.0
ORD105085,2024-12-24,CUST0799,Vivaan Rao,North,Jaipur,Beauty & Personal Care,Skincare Kit,2863.19,1,0.0,2863.19,0.0,2863.19,Cash on Delivery,False,5.0
ORD103691,2024-12-24,CUST0592,Swati Menon,East,Bhubaneswar,Fashion,Running Shoes,2673.76,1,0.0,2673.76,0.0,2673.76,UPI,False,2.0
ORD102419,2024-12-24,CUST0285,Divya Joshi,North,Jaipur,Home & Kitchen,Non-Stick Cookware Set,3209.0,2,10.0,6418.0,641.8,5776.2,Net Banking,True,1.0
ORD102249,2024-12-24,CUST0621,Meera Patel,South,Bengaluru,Sports & Fitness,Dumbbell Set,3726.9,1,10.0,3726.9,372.69,3354.21,UPI,True,4.0
ORD100013,2024-12-24,CUST0588,Vivaan Menon,South,Bengaluru,Fashion,Sunglasses,1146.63,2,15.0,2293.26,343.99,1949.27,Net Banking,True,5.0
ORD101073,2024-12-25,CUST0057,Deepak Malhotra,West,Surat,Sports & Fitness,Fitness Band,7398.47,1,0.0,7398.47,0.0,7398.47,Credit Card,False,5.0
ORD100308,2024-12-25,CUST0120,Manisha Singh,West,Pune,Beauty & Personal Care,Skincare Kit,2876.51,1,5.0,2876.51,143.83,2732.68,Credit Card,False,5.0
ORD101273,2024-12-25,CUST0728,Pooja Verma,North,Lucknow,Beauty & Personal Care,Skincare Kit,2192.47,1,0.0,2192.47,0.0,2192.47,Credit Card,False,5.0
ORD103281,2024-12-25,CUST0258,Reyansh Malhotra,West,Mumbai,Fashion,Sunglasses,2167.35,2,15.0,4334.7,650.21,3684.49,Credit Card,False,1.0
ORD104098,2024-12-25,CUST0772,Meera Malhotra,South,Bengaluru,Home & Kitchen,Air Fryer,6611.29,1,10.0,6611.29,661.13,5950.16,Debit Card,False,5.0
ORD101239,2024-12-25,CUST0259,Isha Singh,East,Patna,Sports & Fitness,Resistance Bands,3507.32,1,0.0,3507.32,0.0,3507.32,UPI,False,5.0
ORD104364,2024-12-25,CUST0503,Kiran Sharma,West,Mumbai,Electronics,Laptop,11046.11,1,0.0,11046.11,0.0,11046.11,Credit Card,False,5.0
ORD104012,2024-12-25,CUST0729,Naveen Kapoor,South,Bengaluru,Electronics,Laptop,48779.16,1,5.0,48779.16,2438.96,46340.2,Credit Card,False,5.0
ORD101629,2024-12-26,CUST0041,Krishna Menon,North,Lucknow,Sports & Fitness,Resistance Bands,6744.99,1,25.0,6744.99,1686.25,5058.74,Credit Card,False,4.0
ORD104928,2024-12-26,CUST0029,Deepak Pillai,South,Bengaluru,Home & Kitchen,Water Purifier,9972.51,1,0.0,9972.51,0.0,9972.51,Credit Card,False,5.0
ORD100932,2024-12-26,CUST0222,Deepak Singh,North,Jaipur,Home & Kitchen,Air Fryer,8919.06,1,0.0,8919.06,0.0,8919.06,UPI,False,3.0
ORD101519,2024-12-26,CUST0847,Vivaan Reddy,South,Hyderabad,Home & Kitchen,Air Fryer,7289.07,1,10.0,7289.07,728.91,6560.16,UPI,False,5.0
ORD100305,2024-12-27,CUST0351,Vivaan Chopra,North,Delhi,Fashion,Backpack,1675.56,1,0.0,1675.56,0.0,1675.56,Credit Card,False,5.0
ORD102041,2024-12-27,CUST0397,Deepak Verma,East,Patna,Electronics,Bluetooth Speaker,3281.16,1,0.0,3281.16,0.0,3281.16,Debit Card,False,4.0
ORD100460,2024-12-27,CUST0759,Aditya Sharma,East,Patna,Beauty & Personal Care,Hair Dryer,2672.89,1,5.0,2672.89,133.64,2539.25,Credit Card,False,5.0
ORD103651,2024-12-27,CUST0288,Neha Sharma,East,Guwahati,Fashion,Denim Jacket,4388.13,2,10.0,8776.26,877.63,7898.63,Credit Card,False,4.0
ORD103705,2024-12-27,CUST0391,Saanvi Kapoor,East,Kolkata,Sports & Fitness,Dumbbell Set,1984.99,1,0.0,1984.99,0.0,1984.99,UPI,False,5.0
ORD100377,2024-12-28,CUST0519,Rahul Das,North,Lucknow,Beauty & Personal Care,Skincare Kit,1082.83,1,15.0,1082.83,162.42,920.41,UPI,False,4.0
ORD103794,2024-12-28,CUST0132,Diya Joshi,East,Bhubaneswar,Home & Kitchen,Vacuum Cleaner,14778.76,1,0.0,14778.76,0.0,14778.76,UPI,False,5.0
ORD101764,2024-12-28,CUST0202,Arjun Nair,North,Lucknow,Fashion,Wrist Watch,1963.96,1,0.0,1963.96,0.0,1963.96,Net Banking,False,5.0
ORD102676,2024-12-28,CUST0231,Kiran Mukherjee,East,Bhubaneswar,Home & Kitchen,Water Purifier,5648.53,1,10.0,5648.53,564.85,5083.68,Debit Card,False,4.0
ORD100948,2024-12-28,CUST0283,Rahul Menon,East,Kolkata,Electronics,Wireless Earbuds,48013.69,2,5.0,96027.38,4801.37,91226.01,UPI,False,1.0
ORD104948,2024-12-28,CUST0067,Ramesh Nair,South,Chennai,Beauty & Personal Care,Perfume,1526.29,1,0.0,1526.29,0.0,1526.29,UPI,False,5.0
ORD101791,2024-12-28,CUST0238,Tara Das,North,Jaipur,Home & Kitchen,Water Purifier,11579.54,1,0.0,11579.54,0.0,11579.54,Credit Card,True,4.0
ORD103386,2024-12-29,CUST0060,Deepak Kumar,East,Guwahati,Fashion,Sunglasses,1564.76,1,0.0,1564.76,0.0,1564.76,UPI,False,4.0
ORD105309,2024-12-29,CUST0438,Ishaan Verma,West,Ahmedabad,Sports & Fitness,Cycling Helmet,1093.95,2,5.0,2187.9,109.4,2078.5,Net Banking,False,4.0
ORD105372,2024-12-29,CUST0297,Naveen Reddy,East,Patna,Fashion,Denim Jacket,3640.03,1,0.0,3640.03,0.0,3640.03,Credit Card,False,4.0
ORD100526,2024-12-29,CUST0578,Kiran Patel,North,Chandigarh,Sports & Fitness,Yoga Mat,3913.47,1,15.0,3913.47,587.02,3326.45,UPI,False,4.0
ORD103804,2024-12-29,CUST0438,Ishaan Verma,West,Ahmedabad,Home & Kitchen,Vacuum Cleaner,6674.92,1,10.0,6674.92,667.49,6007.43,Debit Card,False,5.0
ORD105861,2024-12-29,CUST0105,Nisha Mukherjee,East,Patna,Electronics,Laptop,27106.22,1,0.0,27106.22,0.0,27106.22,Cash on Delivery,False,5.0
ORD102047,2024-12-30,CUST0397,Deepak Verma,East,Patna,Home & Kitchen,Non-Stick Cookware Set,8675.54,1,0.0,8675.54,0.0,8675.54,Debit Card,False,1.0
ORD102586,2024-12-30,CUST0755,Naveen Kapoor,North,Lucknow,Beauty & Personal Care,Hair Dryer,1354.91,1,10.0,1354.91,135.49,1219.42,UPI,False,4.0
ORD101498,2024-12-30,CUST0223,Ramesh Kumar,North,Chandigarh,Home & Kitchen,Mixer Grinder,4142.4,1,0.0,4142.4,0.0,4142.4,Credit Card,False,2.0
ORD100164,2024-12-30,CUST0662,Lakshmi Menon,East,Bhubaneswar,Fashion,Backpack,1756.84,2,5.0,3513.68,175.68,3338.0,UPI,True,1.0
ORD104162,2024-12-30,CUST0068,Isha Gupta,South,Bengaluru,Fashion,Running Shoes,5474.58,1,20.0,5474.58,1094.92,4379.66,Debit Card,False,2.0
ORD102325,2024-12-30,CUST0612,Tara Reddy,North,Lucknow,Sports & Fitness,Dumbbell Set,765.48,1,0.0,765.48,0.0,765.48,Credit Card,False,5.0
ORD104207,2024-12-30,CUST0591,Deepak Menon,West,Mumbai,Beauty & Personal Care,Hair Dryer,1022.44,1,0.0,1022.44,0.0,1022.44,UPI,False,4.0
ORD105716,2024-12-30,CUST0036,Saanvi Kapoor,North,Lucknow,Electronics,Laptop,50424.16,1,0.0,50424.16,0.0,50424.16,UPI,False,3.0
ORD101661,2024-12-31,CUST0043,Divya Iyer,West,Ahmedabad,Sports & Fitness,Resistance Bands,3457.64,1,0.0,3457.64,0.0,3457.64,Credit Card,False,5.0
ORD100728,2024-12-31,CUST0130,Reyansh Iyer,South,Bengaluru,Electronics,Bluetooth Speaker,11438.31,2,5.0,22876.62,1143.83,21732.79,Net Banking,False,5.0
ORD102984,2024-12-31,CUST0458,Swati Singh,West,Ahmedabad,Home & Kitchen,Vacuum Cleaner,4679.14,2,0.0,9358.28,0.0,9358.28,UPI,False,5.0
ORD105299,2024-12-31,CUST0844,Kiran Bose,West,Surat,Sports & Fitness,Dumbbell Set,6723.39,1,10.0,6723.39,672.34,6051.05,Debit Card,False,5.0
ORD105011,2024-12-31,CUST0655,Vihaan Mukherjee,South,Kochi,Sports & Fitness,Cycling Helmet,3056.29,2,10.0,6112.58,611.26,5501.32,UPI,False,1.0
ORD103697,2024-12-31,CUST0752,Karthik Menon,North,Lucknow,Sports & Fitness,Resistance Bands,2590.64,1,0.0,2590.64,0.0,2590.64,Cash on Delivery,False,3.0
ORD104750,2025-01-01,CUST0707,Isha Menon,West,Pune,Sports & Fitness,Resistance Bands,1633.3,1,0.0,1633.3,0.0,1633.3,Cash on Delivery,False,5.0
ORD105295,2025-01-01,CUST0732,Zara Nair,South,Chennai,Electronics,Wireless Earbuds,42133.72,1,0.0,42133.72,0.0,42133.72,Debit Card,False,5.0
ORD102554,2025-01-01,CUST0258,Reyansh Malhotra,West,Mumbai,Electronics,Laptop,8190.93,1,0.0,8190.93,0.0,8190.93,Debit Card,True,4.0
ORD105005,2025-01-01,CUST0720,Manish Das,East,Patna,Electronics,Laptop,39305.57,1,20.0,39305.57,7861.11,31444.46,Credit Card,False,5.0
ORD104762,2025-01-01,CUST0560,Zara Reddy,South,Chennai,Home & Kitchen,Vacuum Cleaner,9107.34,1,0.0,9107.34,0.0,9107.34,Cash on Delivery,False,1.0
ORD102378,2025-01-01,CUST0007,Karthik Verma,North,Jaipur,Electronics,Laptop,7392.07,1,10.0,7392.07,739.21,6652.86,UPI,False,3.0
ORD102061,2025-01-01,CUST0235,Sanjay Das,South,Chennai,Sports & Fitness,Resistance Bands,6659.4,1,5.0,6659.4,332.97,6326.43,UPI,False,3.0
ORD101046,2025-01-01,CUST0133,Karthik Malhotra,South,Hyderabad,Fashion,Denim Jacket,1638.92,1,0.0,1638.92,0.0,1638.92,Credit Card,False,4.0
ORD104866,2025-01-01,CUST0154,Pooja Kapoor,North,Chandigarh,Home & Kitchen,Air Fryer,13449.92,1,0.0,13449.92,0.0,13449.92,Debit Card,False,4.0
ORD105730,2025-01-01,CUST0016,Aditya Reddy,West,Pune,Home & Kitchen,Vacuum Cleaner,1581.01,1,0.0,1581.01,0.0,1581.01,Debit Card,False,5.0
ORD105821,2025-01-01,CUST0521,Zara Patel,West,Pune,Fashion,Backpack,4777.54,1,,4777.54,0.0,4777.54,UPI,False,1.0
ORD103618,2025-01-01,CUST0435,Divya Das,East,Patna,Fashion,Running Shoes,2609.47,2,5.0,5218.94,260.95,4957.99,Debit Card,False,5.0
ORD101001,2025-01-02,CUST0836,Meera Verma,North,Delhi,Fashion,Sunglasses,2541.68,3,10.0,7625.04,762.5,6862.54,UPI,False,5.0
ORD102495,2025-01-02,CUST0846,Kavya Malhotra,West,Surat,Electronics,Smartphone,16733.64,1,0.0,16733.64,0.0,16733.64,UPI,False,2.0
ORD103775,2025-01-02,CUST0729,Naveen Kapoor,South,Bengaluru,Fashion,Running Shoes,1532.87,2,0.0,3065.74,0.0,3065.74,Credit Card,False,5.0
ORD102008,2025-01-02,CUST0206,Arjun Chopra,South,Kochi,Electronics,Laptop,11049.47,2,20.0,22098.94,4419.79,17679.15,UPI,False,4.0
ORD100901,2025-01-02,CUST0007,Karthik Verma,North,Jaipur,Home & Kitchen,Air Fryer,8977.41,1,15.0,8977.41,1346.61,7630.8,UPI,False,5.0
ORD105883,2025-01-02,CUST0231,Kiran Mukherjee,East,Bhubaneswar,Sports & Fitness,Resistance Bands,7303.8,2,0.0,14607.6,0.0,14607.6,UPI,False,5.0
ORD103915,2025-01-02,CUST0091,Deepak Rao,North,Delhi,Home & Kitchen,Mixer Grinder,4989.26,1,5.0,4989.26,249.46,4739.8,Debit Card,False,3.0
ORD105901,2025-01-02,CUST0483,Manish Reddy,South,Kochi,Home & Kitchen,Water Purifier,10633.53,1,10.0,10633.53,1063.35,9570.18,Credit Card,False,2.0
ORD101025,2025-01-02,CUST0759,Aditya Sharma,East,Patna,Sports & Fitness,Cycling Helmet,840.25,1,5.0,840.25,42.01,798.24,Credit Card,False,2.0
ORD100384,2025-01-03,CUST0307,Rohan Mukherjee,South,Kochi,Electronics,Wireless Earbuds,40443.12,3,0.0,121329.36,0.0,121329.36,UPI,False,5.0
ORD104035,2025-01-03,CUST0821,Saanvi Rao,West,Ahmedabad,Beauty & Personal Care,Hair Dryer,2187.21,1,0.0,2187.21,0.0,2187.21,Cash on Delivery,False,2.0
ORD100706,2025-01-03,CUST0646,Nisha Malhotra,West,Mumbai,Home & Kitchen,Mixer Grinder,13178.74,1,0.0,13178.74,0.0,13178.74,Credit Card,False,5.0
ORD103778,2025-01-03,CUST0214,Lakshmi Pillai,South,Bengaluru,Home & Kitchen,Vacuum Cleaner,14130.08,2,0.0,28260.16,0.0,28260.16,Cash on Delivery,False,4.0
ORD104688,2025-01-03,CUST0171,Anil Das,South,Hyderabad,Home & Kitchen,Air Fryer,13002.75,3,0.0,39008.25,0.0,39008.25,Credit Card,False,4.0
ORD103883,2025-01-03,CUST0102,Tara Desai,East,Patna,Home & Kitchen,Non-Stick Cookware Set,6656.34,1,0.0,6656.34,0.0,6656.34,Cash on Delivery,False,4.0
ORD104993,2025-01-03,CUST0614,Diya Bose,North,Chandigarh,Beauty & Personal Care,Perfume,3398.92,1,0.0,3398.92,0.0,3398.92,Debit Card,False,5.0
ORD102100,2025-01-03,CUST0288,Neha Sharma,East,Guwahati,Beauty & Personal Care,Perfume,768.03,1,0.0,768.03,0.0,768.03,Cash on Delivery,False,4.0
ORD103819,2025-01-03,CUST0010,Vivaan Sharma,East,Patna,Home & Kitchen,Non-Stick Cookware Set,3496.15,1,10.0,3496.15,349.62,3146.53,UPI,False,5.0
ORD102059,2025-01-03,CUST0760,Manisha Kapoor,North,Lucknow,Electronics,Smartphone,21793.12,1,0.0,21793.12,0.0,21793.12,Debit Card,False,5.0
ORD100174,2025-01-03,CUST0406,Vikram Rao,North,Lucknow,Home & Kitchen,Non-Stick Cookware Set,6508.6,1,25.0,6508.6,1627.15,4881.45,UPI,False,4.0
ORD103407,2025-01-03,CUST0095,Sneha Rao,East,Kolkata,Electronics,Wireless Earbuds,8061.53,3,0.0,24184.59,0.0,24184.59,UPI,False,4.0
ORD100566,2025-01-03,CUST0693,Arjun Bose,West,Surat,Home & Kitchen,Water Purifier,9917.71,1,0.0,9917.71,0.0,9917.71,Net Banking,False,4.0
ORD103965,2025-01-03,CUST0760,Manisha Kapoor,North,Lucknow,Electronics,Smartwatch,47449.94,1,0.0,47449.94,0.0,47449.94,UPI,False,4.0
ORD104436,2025-01-04,CUST0789,Riya Pillai,North,Lucknow,Sports & Fitness,Yoga Mat,5290.15,1,5.0,5290.15,264.51,5025.64,UPI,False,2.0
ORD101983,2025-01-04,CUST0302,Ramesh Chopra,West,Mumbai,Electronics,Bluetooth Speaker,45719.62,1,0.0,45719.62,0.0,45719.62,Net Banking,False,4.0
ORD101998,2025-01-04,CUST0018,Nisha Mukherjee,West,Surat,Home & Kitchen,Mixer Grinder,7792.78,1,10.0,7792.78,779.28,7013.5,Debit Card,False,5.0
ORD105336,2025-01-04,CUST0813,Karthik Iyer,East,Kolkata,Sports & Fitness,Fitness Band,649.27,1,10.0,649.27,64.93,584.34,Credit Card,False,5.0
ORD101190,2025-01-04,CUST0259,Isha Singh,East,Patna,Sports & Fitness,Yoga Mat,2184.94,1,20.0,2184.94,436.99,1747.95,Credit Card,False,3.0
ORD105219,2025-01-04,CUST0827,Shreya Gupta,North,Chandigarh,Fashion,Wrist Watch,4310.95,1,15.0,4310.95,646.64,3664.31,UPI,False,3.0
ORD100558,2025-01-04,CUST0611,Sneha Pillai,North,Delhi,Home & Kitchen,Water Purifier,11996.09,1,5.0,11996.09,599.8,11396.29,Credit Card,False,5.0
ORD100279,2025-01-04,CUST0280,Manisha Rao,West,Mumbai,Electronics,Wireless Earbuds,44922.89,1,0.0,44922.89,0.0,44922.89,Credit Card,False,3.0
ORD103427,2025-01-04,CUST0285,Divya Joshi,North,Jaipur,Beauty & Personal Care,Trimmer,1063.53,1,5.0,1063.53,53.18,1010.35,Net Banking,False,5.0
ORD105722,2025-01-04,CUST0100,Zara Nair,North,Jaipur,Beauty & Personal Care,Face Serum,3043.42,1,0.0,3043.42,0.0,3043.42,Cash on Delivery,False,5.0
ORD104293,2025-01-05,CUST0492,Swati Menon,North,Jaipur,Sports & Fitness,Yoga Mat,5932.49,1,15.0,5932.49,889.87,5042.62,Net Banking,False,4.0
ORD102214,2025-01-05,CUST0262,Arjun Reddy,East,Patna,Home & Kitchen,Air Fryer,12446.52,1,0.0,12446.52,0.0,12446.52,UPI,False,5.0
ORD101857,2025-01-05,CUST0352,Ananya Joshi,South,Kochi,Electronics,Wireless Earbuds,45133.58,2,0.0,90267.16,0.0,90267.16,Net Banking,False,4.0
ORD103185,2025-01-05,CUST0085,Riya Das,North,Jaipur,Electronics,Smartwatch,25915.06,1,20.0,25915.06,5183.01,20732.05,UPI,False,1.0
ORD103513,2025-01-06,CUST0510,Anil Menon,East,Guwahati,Sports & Fitness,Resistance Bands,5605.06,1,0.0,5605.06,0.0,5605.06,UPI,False,5.0
ORD101999,2025-01-06,CUST0791,Priya Desai,North,Delhi,Fashion,Running Shoes,5943.06,1,15.0,5943.06,891.46,5051.6,Credit Card,False,4.0
ORD102652,2025-01-06,CUST0627,Reyansh Patel,North,Lucknow,Electronics,Smartwatch,28897.84,1,25.0,28897.84,7224.46,21673.38,Net Banking,False,2.0
ORD103807,2025-01-06,CUST0012,Anil Das,North,Delhi,Sports & Fitness,Cycling Helmet,2954.92,1,10.0,2954.92,295.49,2659.43,Debit Card,False,1.0
ORD105920,2025-01-06,CUST0394,Krishna Singh,South,Chennai,Sports & Fitness,Yoga Mat,2034.23,1,10.0,2034.23,203.42,1830.81,Net Banking,False,4.0
ORD105100,2025-01-06,CUST0636,Lakshmi Menon,West,Ahmedabad,Beauty & Personal Care,Trimmer,1661.0,1,0.0,1661.0,0.0,1661.0,UPI,False,5.0
ORD103762,2025-01-06,CUST0150,Anil Kumar,North,Delhi,Fashion,Denim Jacket,1947.45,1,0.0,1947.45,0.0,1947.45,Debit Card,False,1.0
ORD104788,2025-01-06,CUST0397,Deepak Verma,East,Patna,Sports & Fitness,Cycling Helmet,3775.02,1,0.0,3775.02,0.0,3775.02,Debit Card,False,4.0
ORD103513,2025-01-06,CUST0510,Anil Menon,East,Guwahati,Sports & Fitness,Resistance Bands,5605.06,1,0.0,5605.06,0.0,5605.06,UPI,False,5.0
ORD100387,2025-01-06,CUST0485,Rohan Singh,West,Ahmedabad,Fashion,Sunglasses,459.88,1,15.0,459.88,68.98,390.9,UPI,False,2.0
ORD101224,2025-01-06,CUST0707,Isha Menon,West,Pune,Home & Kitchen,Mixer Grinder,4791.36,1,5.0,4791.36,239.57,4551.79,UPI,False,5.0
ORD101594,2025-01-07,CUST0494,Kiran Bose,East,Patna,Home & Kitchen,Non-Stick Cookware Set,2763.4,1,0.0,2763.4,0.0,2763.4,Credit Card,False,4.0
ORD100735,2025-01-07,CUST0039,Aarav Gupta,East,Bhubaneswar,Fashion,Sunglasses,588.21,1,5.0,588.21,29.41,558.8,UPI,False,4.0
ORD105860,2025-01-07,CUST0018,Nisha Mukherjee,West,Surat,Beauty & Personal Care,Skincare Kit,576.87,1,0.0,576.87,0.0,576.87,Debit Card,False,5.0
ORD104259,2025-01-07,CUST0533,Vihaan Sharma,East,Bhubaneswar,Electronics,Laptop,31000.51,1,5.0,31000.51,1550.03,29450.48,Net Banking,False,4.0
ORD100873,2025-01-07,CUST0604,Swati Das,South,Bengaluru,Home & Kitchen,Vacuum Cleaner,11767.27,1,0.0,11767.27,0.0,11767.27,UPI,False,3.0
ORD105135,2025-01-07,CUST0210,Naveen Desai,North,Jaipur,Sports & Fitness,Fitness Band,709.27,1,0.0,709.27,0.0,709.27,Debit Card,False,4.0
ORD103041,2025-01-07,CUST0753,Manish Iyer,South,Bengaluru,Beauty & Personal Care,Face Serum,3077.62,1,0.0,3077.62,0.0,3077.62,UPI,False,4.0
ORD105208,2025-01-07,CUST0844,Kiran Bose,West,Surat,Electronics,Smartwatch,14457.64,1,0.0,14457.64,0.0,14457.64,Cash on Delivery,False,4.0
ORD104594,2025-01-07,CUST0328,Naveen Singh,North,Jaipur,Fashion,Running Shoes,2146.75,1,10.0,2146.75,214.68,1932.07,UPI,False,5.0
ORD100615,2025-01-07,CUST0663,Sai Gupta,East,Guwahati,Sports & Fitness,Cycling Helmet,1957.29,1,5.0,1957.29,97.86,1859.43,Net Banking,False,4.0
ORD101920,2025-01-08,CUST0278,Naveen Das,East,Guwahati,Fashion,Sunglasses,2621.22,1,10.0,2621.22,262.12,2359.1,UPI,False,4.0
ORD104428,2025-01-08,CUST0406,Vikram Rao,North,Lucknow,Beauty & Personal Care,Skincare Kit,2238.58,1,0.0,2238.58,0.0,2238.58,Credit Card,False,2.0
ORD104768,2025-01-08,CUST0179,Divya Singh,West,Pune,Fashion,Sunglasses,2994.84,1,0.0,2994.84,0.0,2994.84,Credit Card,False,5.0
ORD101252,2025-01-08,CUST0396,Lakshmi Rao,North,Lucknow,Fashion,Sunglasses,4738.93,1,0.0,4738.93,0.0,4738.93,Net Banking,False,4.0
ORD100546,2025-01-08,CUST0322,Riya Malhotra,East,Guwahati,Electronics,Bluetooth Speaker,8681.38,1,5.0,8681.38,434.07,8247.31,Credit Card,False,5.0
ORD102865,2025-01-08,CUST0323,Ishaan Malhotra,East,Patna,Home & Kitchen,Air Fryer,8213.36,2,0.0,16426.72,0.0,16426.72,UPI,False,5.0
ORD103449,2025-01-08,CUST0407,Vivaan Desai,North,Delhi,Fashion,Running Shoes,950.92,1,5.0,950.92,47.55,903.37,Debit Card,False,1.0
ORD102345,2025-01-08,CUST0256,Rohan Pillai,East,Patna,Electronics,Wireless Earbuds,49116.81,1,0.0,49116.81,0.0,49116.81,UPI,False,3.0
ORD102468,2025-01-09,CUST0595,Divya Verma,North,Chandigarh,Home & Kitchen,Non-Stick Cookware Set,5607.46,1,0.0,5607.46,0.0,5607.46,Net Banking,False,4.0
ORD104470,2025-01-09,CUST0327,Swati Verma,South,Chennai,Beauty & Personal Care,Hair Dryer,647.22,1,0.0,647.22,0.0,647.22,UPI,False,4.0
ORD105490,2025-01-09,CUST0582,Diya Kumar,North,Lucknow,Sports & Fitness,Yoga Mat,7884.46,1,0.0,7884.46,0.0,7884.46,UPI,False,3.0
ORD103671,2025-01-09,CUST0525,Sanjay Joshi,North,Chandigarh,Beauty & Personal Care,Perfume,302.57,1,0.0,302.57,0.0,302.57,Credit Card,False,4.0
ORD104200,2025-01-09,CUST0043,Divya Iyer,West,Ahmedabad,Fashion,Wrist Watch,454.9,1,20.0,454.9,90.98,363.92,UPI,False,3.0
ORD104337,2025-01-09,CUST0829,Sanjay Desai,North,Delhi,Sports & Fitness,Cycling Helmet,2119.41,1,0.0,2119.41,0.0,2119.41,UPI,False,4.0
ORD102438,2025-01-09,CUST0705,Priya Singh,West,Surat,Sports & Fitness,Fitness Band,7599.98,3,0.0,22799.94,0.0,22799.94,Credit Card,False,3.0
ORD100568,2025-01-09,CUST0333,Suresh Kapoor,West,Mumbai,Beauty & Personal Care,Trimmer,2316.59,2,0.0,4633.18,0.0,4633.18,Net Banking,False,2.0
ORD104154,2025-01-10,CUST0285,Divya Joshi,North,Jaipur,Home & Kitchen,Water Purifier,2657.68,1,0.0,2657.68,0.0,2657.68,Net Banking,False,4.0
ORD104924,2025-01-10,CUST0226,Ananya Nair,East,Kolkata,Fashion,Backpack,1510.38,1,5.0,1510.38,75.52,1434.86,UPI,False,5.0
ORD105426,2025-01-10,CUST0789,Riya Pillai,North,Lucknow,Home & Kitchen,Air Fryer,2091.28,1,5.0,2091.28,104.56,1986.72,UPI,False,1.0
ORD103418,2025-01-10,CUST0589,Aarav Joshi,South,Chennai,Beauty & Personal Care,Face Serum,1060.45,1,0.0,1060.45,0.0,1060.45,Debit Card,False,5.0
ORD103450,2025-01-10,CUST0381,Saanvi Rao,North,Lucknow,Home & Kitchen,Water Purifier,14990.1,1,10.0,14990.1,1499.01,13491.09,Credit Card,False,2.0
ORD104814,2025-01-10,CUST0129,Zara Singh,West,Pune,Beauty & Personal Care,Skincare Kit,3394.21,1,0.0,3394.21,0.0,3394.21,UPI,False,5.0
ORD103310,2025-01-10,CUST0010,Vivaan Sharma,East,Patna,Beauty & Personal Care,Perfume,3127.34,1,0.0,3127.34,0.0,3127.34,Net Banking,False,5.0
ORD101052,2025-01-10,CUST0201,Suresh Kumar,East,Guwahati,Electronics,Smartphone,1245.93,1,0.0,1245.93,0.0,1245.93,Credit Card,False,4.0
ORD102191,2025-01-10,CUST0700,Aditya Singh,North,Lucknow,Sports & Fitness,Yoga Mat,1707.58,1,0.0,1707.58,0.0,1707.58,UPI,False,2.0
ORD102284,2025-01-10,CUST0161,Deepak Iyer,West,Pune,Fashion,Sunglasses,2400.82,2,20.0,4801.64,960.33,3841.31,UPI,False,4.0
ORD105396,2025-01-11,CUST0011,Diya Pillai,North,Lucknow,Electronics,Smartwatch,18855.9,1,10.0,18855.9,1885.59,16970.31,Net Banking,False,5.0
ORD104080,2025-01-11,CUST0731,Ramesh Nair,South,Bengaluru,Fashion,Running Shoes,2415.74,2,20.0,4831.48,966.3,3865.18,Net Banking,False,5.0
ORD102545,2025-01-11,CUST0446,Arjun Joshi,North,Lucknow,Fashion,Running Shoes,3162.45,1,5.0,3162.45,158.12,3004.33,UPI,False,5.0
ORD101289,2025-01-11,CUST0672,Arjun Reddy,South,Hyderabad,Sports & Fitness,Cycling Helmet,1513.78,1,0.0,1513.78,0.0,1513.78,Credit Card,False,5.0
ORD104616,2025-01-11,CUST0254,Ananya Mukherjee,West,Mumbai,Beauty & Personal Care,Face Serum,3008.33,1,10.0,3008.33,300.83,2707.5,UPI,False,5.0
ORD103781,2025-01-11,CUST0838,Nisha Kumar,East,Bhubaneswar,Home & Kitchen,Air Fryer,1021.84,1,0.0,1021.84,0.0,1021.84,Credit Card,False,4.0
ORD101577,2025-01-11,CUST0034,Kavya Singh,North,Lucknow,Sports & Fitness,Dumbbell Set,4136.32,1,0.0,4136.32,0.0,4136.32,Net Banking,False,4.0
ORD100385,2025-01-11,CUST0495,Vihaan Reddy,North,Chandigarh,Beauty & Personal Care,Perfume,768.02,1,0.0,768.02,0.0,768.02,Credit Card,False,3.0
ORD105850,2025-01-11,CUST0615,Vikram Joshi,West,Ahmedabad,Fashion,Backpack,3680.66,1,5.0,3680.66,184.03,3496.63,UPI,False,2.0
ORD105956,2025-01-11,CUST0077,Sai Singh,East,Kolkata,Sports & Fitness,Yoga Mat,7898.49,1,0.0,7898.49,0.0,7898.49,Net Banking,False,1.0
ORD101832,2025-01-12,CUST0762,Anil Pillai,East,Bhubaneswar,Electronics,Bluetooth Speaker,44660.07,1,0.0,44660.07,0.0,44660.07,Cash on Delivery,False,5.0
ORD104088,2025-01-12,CUST0003,Krishna Gupta,South,Bengaluru,Fashion,Backpack,5372.49,1,0.0,5372.49,0.0,5372.49,Cash on Delivery,False,2.0
ORD102417,2025-01-12,CUST0747,Isha Patel,North,Delhi,Electronics,Laptop,38461.52,1,0.0,38461.52,0.0,38461.52,UPI,False,5.0
ORD102712,2025-01-12,CUST0482,Deepak Menon,East,Patna,Beauty & Personal Care,Hair Dryer,1527.16,1,0.0,1527.16,0.0,1527.16,Credit Card,False,5.0
ORD105508,2025-01-12,CUST0363,Aarav Reddy,West,Mumbai,Sports & Fitness,Cycling Helmet,4592.83,1,0.0,4592.83,0.0,4592.83,Debit Card,False,2.0
ORD102839,2025-01-12,CUST0751,Kavya Desai,North,Delhi,Beauty & Personal Care,Skincare Kit,1967.94,1,10.0,1967.94,196.79,1771.15,Credit Card,False,5.0
ORD101206,2025-01-12,CUST0137,Rahul Sharma,East,Guwahati,Fashion,Denim Jacket,992.32,1,0.0,992.32,0.0,992.32,Cash on Delivery,False,4.0
ORD103367,2025-01-12,CUST0289,Aditya Bose,South,Bengaluru,Sports & Fitness,Resistance Bands,753.19,2,15.0,1506.38,225.96,1280.42,Net Banking,False,5.0
ORD103887,2025-01-12,CUST0300,Zara Chopra,West,Pune,Sports & Fitness,Yoga Mat,7424.14,1,5.0,7424.14,371.21,7052.93,Credit Card,False,1.0
ORD105865,2025-01-12,CUST0175,Arjun Gupta,North,Lucknow,Electronics,Bluetooth Speaker,29095.55,1,5.0,29095.55,1454.78,27640.77,UPI,False,5.0
ORD101217,2025-01-12,CUST0036,Saanvi Kapoor,North,Lucknow,Beauty & Personal Care,Face Serum,332.68,1,0.0,332.68,0.0,332.68,Credit Card,False,4.0
ORD100004,2025-01-12,CUST0826,Divya Kapoor,West,Ahmedabad,Electronics,Smartphone,46362.58,1,5.0,46362.58,2318.13,44044.45,Credit Card,False,3.0
ORD104182,2025-01-12,CUST0139,Shreya Reddy,South,Bengaluru,Fashion,Running Shoes,3896.66,2,15.0,7793.32,1169.0,6624.32,UPI,False,3.0
ORD104528,2025-01-12,CUST0685,Aditya Patel,North,Lucknow,Home & Kitchen,Water Purifier,2081.26,1,0.0,2081.26,0.0,2081.26,UPI,True,2.0
ORD102689,2025-01-13,CUST0622,Deepak Kapoor,South,Bengaluru,Home & Kitchen,Vacuum Cleaner,14926.66,1,5.0,14926.66,746.33,14180.33,Credit Card,False,5.0
ORD101924,2025-01-13,CUST0654,Kavya Mukherjee,East,Patna,Beauty & Personal Care,Face Serum,445.97,1,0.0,445.97,0.0,445.97,Debit Card,False,4.0
ORD101988,2025-01-13,CUST0133,Karthik Malhotra,South,Hyderabad,Sports & Fitness,Yoga Mat,6228.9,1,5.0,6228.9,311.44,5917.46,UPI,False,5.0
ORD104767,2025-01-13,CUST0306,Anil Verma,South,Kochi,Home & Kitchen,Vacuum Cleaner,7574.09,1,0.0,7574.09,0.0,7574.09,UPI,False,1.0
ORD103569,2025-01-13,CUST0461,Aditya Gupta,North,Delhi,Electronics,Smartwatch,15548.8,1,5.0,15548.8,777.44,14771.36,UPI,False,5.0
ORD100081,2025-01-13,CUST0591,Deepak Menon,West,Mumbai,Home & Kitchen,Vacuum Cleaner,7475.88,1,0.0,7475.88,0.0,7475.88,Net Banking,False,5.0
ORD105058,2025-01-13,CUST0159,Ishaan Menon,East,Guwahati,Electronics,Smartwatch,22190.95,1,0.0,22190.95,0.0,22190.95,Credit Card,False,3.0
ORD100518,2025-01-13,CUST0050,Suresh Reddy,East,Kolkata,Beauty & Personal Care,Skincare Kit,2565.28,1,10.0,2565.28,256.53,2308.75,Credit Card,False,4.0
ORD101541,2025-01-14,CUST0775,Ishaan Rao,West,Ahmedabad,Sports & Fitness,Dumbbell Set,7460.47,1,20.0,7460.47,1492.09,5968.38,Debit Card,False,3.0
ORD105510,2025-01-14,CUST0417,Tara Desai,East,Kolkata,Fashion,Sunglasses,4611.65,1,20.0,4611.65,922.33,3689.32,UPI,False,3.0
ORD100480,2025-01-14,CUST0306,Anil Verma,South,Kochi,Beauty & Personal Care,Hair Dryer,1235.95,1,0.0,1235.95,0.0,1235.95,Credit Card,False,4.0
ORD100471,2025-01-14,CUST0463,Meera Kapoor,South,Kochi,Sports & Fitness,Yoga Mat,4490.34,1,10.0,4490.34,449.03,4041.31,Debit Card,False,2.0
ORD103677,2025-01-14,CUST0589,Aarav Joshi,South,Chennai,Fashion,Sunglasses,1264.55,2,0.0,2529.1,0.0,2529.1,Cash on Delivery,False,3.0
ORD102639,2025-01-14,CUST0084,Lakshmi Das,North,Chandigarh,Fashion,Running Shoes,3955.16,1,15.0,3955.16,593.27,3361.89,Net Banking,False,1.0
ORD103821,2025-01-14,CUST0762,Anil Pillai,East,Bhubaneswar,Home & Kitchen,Air Fryer,6015.4,1,0.0,6015.4,0.0,6015.4,UPI,False,5.0
ORD103934,2025-01-14,CUST0560,Zara Reddy,South,Chennai,Fashion,Wrist Watch,5366.98,1,25.0,5366.98,1341.74,4025.24,UPI,False,4.0
ORD105780,2025-01-14,CUST0484,Zara Menon,West,Surat,Electronics,Smartwatch,9546.65,2,5.0,19093.3,954.66,18138.64,Credit Card,False,5.0
ORD103402,2025-01-14,CUST0284,Lakshmi Nair,West,Pune,Sports & Fitness,Dumbbell Set,2574.41,2,5.0,5148.82,257.44,4891.38,Credit Card,False,5.0
ORD105353,2025-01-14,CUST0076,Aditya Gupta,North,Jaipur,Sports & Fitness,Yoga Mat,3746.0,1,0.0,3746.0,0.0,3746.0,UPI,False,5.0
ORD100555,2025-01-14,CUST0114,Divya Joshi,South,Chennai,Electronics,Wireless Earbuds,16227.32,2,10.0,32454.64,3245.46,29209.18,Debit Card,False,3.0
ORD100799,2025-01-14,CUST0008,Vikram Pillai,West,Mumbai,Electronics,Laptop,13309.93,1,10.0,13309.93,1330.99,11978.94,UPI,False,4.0
ORD102431,2025-01-14,CUST0089,Aarav Joshi,South,Chennai,Beauty & Personal Care,Skincare Kit,2031.15,1,0.0,2031.15,0.0,2031.15,Net Banking,False,5.0
ORD104607,2025-01-15,CUST0122,Anil Iyer,West,Surat,Fashion,Backpack,4426.61,1,15.0,4426.61,663.99,3762.62,Net Banking,False,5.0
ORD101807,2025-01-15,CUST0211,Vikram Pillai,East,Kolkata,Fashion,Backpack,4972.59,1,0.0,4972.59,0.0,4972.59,Net Banking,False,5.0
ORD103031,2025-01-15,CUST0831,Naveen Pillai,North,Lucknow,Sports & Fitness,Dumbbell Set,3206.15,1,10.0,3206.15,320.62,2885.53,UPI,False,4.0
ORD101253,2025-01-15,CUST0481,Kiran Nair,South,Chennai,Beauty & Personal Care,Perfume,1945.8,1,0.0,1945.8,0.0,1945.8,Debit Card,False,4.0
ORD105027,2025-01-15,CUST0587,Riya Malhotra,South,Chennai,Electronics,Laptop,30055.22,1,0.0,30055.22,0.0,30055.22,Credit Card,False,4.0
ORD104318,2025-01-15,CUST0643,Sneha Chopra,West,Mumbai,Beauty & Personal Care,Perfume,1106.25,1,10.0,1106.25,110.62,995.63,UPI,False,3.0
ORD102085,2025-01-15,CUST0715,Kiran Verma,South,Bengaluru,Sports & Fitness,Dumbbell Set,3483.17,1,0.0,3483.17,0.0,3483.17,UPI,False,4.0
ORD102591,2025-01-15,CUST0268,Vihaan Nair,East,Kolkata,Electronics,Laptop,44741.9,1,5.0,44741.9,2237.09,42504.81,Credit Card,False,2.0
ORD102958,2025-01-15,CUST0030,Sneha Kumar,North,Chandigarh,Beauty & Personal Care,Face Serum,2610.38,1,0.0,2610.38,0.0,2610.38,Credit Card,False,5.0
ORD101694,2025-01-15,CUST0593,Kiran Das,West,Mumbai,Home & Kitchen,Mixer Grinder,6038.88,1,0.0,6038.88,0.0,6038.88,UPI,False,4.0
ORD101991,2025-01-16,CUST0379,Reyansh Iyer,West,Mumbai,Fashion,Running Shoes,1271.33,1,10.0,1271.33,127.13,1144.2,Net Banking,False,5.0
ORD103087,2025-01-16,CUST0770,Vikram Iyer,South,Hyderabad,Fashion,Backpack,4025.7,1,0.0,4025.7,0.0,4025.7,UPI,False,1.0
ORD101308,2025-01-16,CUST0175,Arjun Gupta,North,Lucknow,Sports & Fitness,Fitness Band,6372.36,3,15.0,19117.08,2867.56,16249.52,Net Banking,False,2.0
ORD104910,2025-01-16,CUST0048,Diya Verma,East,Patna,Fashion,Wrist Watch,2917.85,1,10.0,2917.85,291.79,2626.06,UPI,False,3.0
ORD105463,2025-01-16,CUST0489,Diya Chopra,West,Ahmedabad,Home & Kitchen,Air Fryer,5461.72,1,5.0,5461.72,273.09,5188.63,Credit Card,False,4.0
ORD100323,2025-01-16,CUST0670,Sneha Patel,North,Lucknow,Home & Kitchen,Non-Stick Cookware Set,4311.18,2,0.0,8622.36,0.0,8622.36,Cash on Delivery,False,4.0
ORD105012,2025-01-16,CUST0715,Kiran Verma,South,Bengaluru,Home & Kitchen,Air Fryer,4393.24,2,15.0,8786.48,1317.97,7468.51,Debit Card,False,5.0
ORD101212,2025-01-16,CUST0555,Vivaan Sharma,North,Delhi,Home & Kitchen,Water Purifier,2657.02,1,0.0,2657.02,0.0,2657.02,Cash on Delivery,True,3.0
ORD100234,2025-01-16,CUST0781,Sanjay Mukherjee,West,Surat,Electronics,Smartwatch,17111.5,1,0.0,17111.5,0.0,17111.5,UPI,False,5.0
ORD101974,2025-01-16,CUST0707,Isha Menon,West,Pune,Home & Kitchen,Mixer Grinder,9853.05,1,0.0,9853.05,0.0,9853.05,Credit Card,False,5.0
ORD104327,2025-01-16,CUST0237,Anil Chopra,South,Bengaluru,Home & Kitchen,Non-Stick Cookware Set,2817.31,1,15.0,2817.31,422.6,2394.71,Credit Card,False,2.0
ORD103578,2025-01-17,CUST0306,Anil Verma,South,Kochi,Home & Kitchen,Vacuum Cleaner,8912.33,1,5.0,8912.33,445.62,8466.71,Debit Card,False,5.0
ORD103631,2025-01-17,CUST0271,Deepak Joshi,East,Guwahati,Beauty & Personal Care,Skincare Kit,3078.37,2,0.0,6156.74,0.0,6156.74,UPI,False,5.0
ORD102329,2025-01-17,CUST0406,Vikram Rao,North,Lucknow,Sports & Fitness,Resistance Bands,1591.14,1,0.0,1591.14,0.0,1591.14,Credit Card,False,1.0
ORD101514,2025-01-17,CUST0172,Sai Kapoor,West,Mumbai,Electronics,Laptop,41079.31,1,10.0,41079.31,4107.93,36971.38,Credit Card,False,2.0
ORD103381,2025-01-17,CUST0362,Karthik Rao,West,Surat,Fashion,Running Shoes,5092.32,1,0.0,5092.32,0.0,5092.32,UPI,False,5.0
ORD102091,2025-01-17,CUST0076,Aditya Gupta,North,Jaipur,Beauty & Personal Care,Trimmer,586.63,1,10.0,586.63,58.66,527.97,UPI,False,3.0
ORD104329,2025-01-17,CUST0009,Sanjay Rao,South,Hyderabad,Beauty & Personal Care,Perfume,1181.25,1,0.0,1181.25,0.0,1181.25,Net Banking,False,4.0
ORD100691,2025-01-17,CUST0187,Sneha Bose,West,Ahmedabad,Sports & Fitness,Dumbbell Set,7407.76,1,0.0,7407.76,0.0,7407.76,Credit Card,False,3.0
ORD103645,2025-01-17,CUST0149,Aditya Mukherjee,West,Surat,Sports & Fitness,Resistance Bands,5819.57,1,25.0,5819.57,1454.89,4364.68,Cash on Delivery,False,2.0
ORD104212,2025-01-17,CUST0540,Aarav Iyer,West,Surat,Beauty & Personal Care,Hair Dryer,3194.35,1,0.0,3194.35,0.0,3194.35,UPI,False,5.0
ORD104000,2025-01-18,CUST0617,Suresh Reddy,South,Chennai,Home & Kitchen,Water Purifier,3798.1,1,5.0,3798.1,189.9,3608.2,UPI,False,5.0
ORD100844,2025-01-18,CUST0563,Sneha Pillai,West,Mumbai,Sports & Fitness,Cycling Helmet,7802.01,1,20.0,7802.01,1560.4,6241.61,UPI,False,4.0
ORD104273,2025-01-18,CUST0766,Ramesh Singh,West,Mumbai,Beauty & Personal Care,Skincare Kit,2371.61,1,0.0,2371.61,0.0,2371.61,Net Banking,False,5.0
ORD104285,2025-01-18,CUST0535,Aditya Kumar,North,Jaipur,Sports & Fitness,Yoga Mat,3705.99,1,5.0,3705.99,185.3,3520.69,UPI,False,5.0
ORD101374,2025-01-18,CUST0415,Arjun Rao,North,Chandigarh,Beauty & Personal Care,Perfume,1196.33,2,10.0,2392.66,239.27,2153.39,Debit Card,False,4.0
ORD102463,2025-01-18,CUST0632,Saanvi Kumar,South,Chennai,Electronics,Laptop,21162.44,1,0.0,21162.44,0.0,21162.44,UPI,False,5.0
ORD105045,2025-01-18,CUST0475,Kiran Chopra,East,Bhubaneswar,Home & Kitchen,Mixer Grinder,5457.82,1,15.0,5457.82,818.67,4639.15,UPI,False,5.0
ORD105825,2025-01-18,CUST0160,Nisha Kumar,East,Bhubaneswar,Sports & Fitness,Fitness Band,1158.99,1,0.0,1158.99,0.0,1158.99,Credit Card,False,1.0
ORD103880,2025-01-18,CUST0362,Karthik Rao,West,Surat,Beauty & Personal Care,Hair Dryer,2703.06,1,10.0,2703.06,270.31,2432.75,Credit Card,False,4.0
ORD105600,2025-01-19,CUST0130,Reyansh Iyer,South,Bengaluru,Fashion,Backpack,4780.04,1,5.0,4780.04,239.0,4541.04,Debit Card,False,4.0
ORD104630,2025-01-19,CUST0087,Naveen Reddy,South,Chennai,Fashion,Sunglasses,2542.19,1,0.0,2542.19,0.0,2542.19,Debit Card,False,4.0
ORD101942,2025-01-19,CUST0417,Tara Desai,East,Kolkata,Sports & Fitness,Yoga Mat,7899.31,1,0.0,7899.31,0.0,7899.31,Credit Card,False,3.0
ORD104274,2025-01-19,CUST0031,Kiran Malhotra,South,Bengaluru,Electronics,Smartwatch,49346.18,2,0.0,98692.36,0.0,98692.36,UPI,False,4.0
ORD101347,2025-01-19,CUST0709,Kiran Rao,East,Bhubaneswar,Electronics,Smartwatch,6844.84,1,25.0,6844.84,1711.21,5133.63,Credit Card,False,4.0
ORD105599,2025-01-19,CUST0160,Nisha Kumar,East,Bhubaneswar,Sports & Fitness,Fitness Band,3603.93,1,15.0,3603.93,540.59,3063.34,Credit Card,False,5.0
ORD105262,2025-01-19,CUST0187,Sneha Bose,West,Ahmedabad,Electronics,Smartphone,47522.8,1,0.0,47522.8,0.0,47522.8,Cash on Delivery,False,4.0
ORD104568,2025-01-19,CUST0789,Riya Pillai,North,Lucknow,Sports & Fitness,Dumbbell Set,2501.89,1,5.0,2501.89,125.09,2376.8,Credit Card,False,5.0
ORD104902,2025-01-19,CUST0637,Swati Pillai,North,Jaipur,Electronics,Wireless Earbuds,8496.12,1,0.0,8496.12,0.0,8496.12,Net Banking,True,4.0
ORD105138,2025-01-19,CUST0307,Rohan Mukherjee,South,Kochi,Sports & Fitness,Cycling Helmet,2441.56,1,10.0,2441.56,244.16,2197.4,Net Banking,False,5.0
ORD104373,2025-01-19,CUST0621,Meera Patel,South,Bengaluru,Fashion,Sunglasses,1325.54,2,10.0,2651.08,265.11,2385.97,UPI,False,5.0
ORD102083,2025-01-20,CUST0458,Swati Singh,West,Ahmedabad,Electronics,Wireless Earbuds,53133.8,2,10.0,106267.6,10626.76,95640.84,Credit Card,False,5.0
ORD105272,2025-01-20,CUST0560,Zara Reddy,South,Chennai,Beauty & Personal Care,Perfume,2122.25,1,15.0,2122.25,318.34,1803.91,UPI,False,5.0
ORD101342,2025-01-20,CUST0328,Naveen Singh,North,Jaipur,Beauty & Personal Care,Skincare Kit,1300.75,1,10.0,1300.75,130.07,1170.68,UPI,False,5.0
ORD102449,2025-01-21,CUST0492,Swati Menon,North,Jaipur,Sports & Fitness,Resistance Bands,5616.06,2,0.0,11232.12,0.0,11232.12,Credit Card,False,5.0
ORD104457,2025-01-21,CUST0763,Saanvi Kapoor,East,Patna,Fashion,Sunglasses,904.51,1,25.0,904.51,226.13,678.38,Credit Card,False,4.0
ORD100225,2025-01-21,CUST0367,Manish Patel,North,Delhi,Sports & Fitness,Dumbbell Set,7167.02,1,5.0,7167.02,358.35,6808.67,Credit Card,False,3.0
ORD102247,2025-01-21,CUST0009,Sanjay Rao,South,Hyderabad,Sports & Fitness,Yoga Mat,2878.11,1,10.0,2878.11,287.81,2590.3,Cash on Delivery,False,5.0
ORD105095,2025-01-21,CUST0526,Tara Das,South,Bengaluru,Beauty & Personal Care,Trimmer,1133.2,1,5.0,1133.2,56.66,1076.54,UPI,False,5.0
ORD103602,2025-01-22,CUST0406,Vikram Rao,North,Lucknow,Fashion,Sunglasses,1996.01,2,10.0,3992.02,399.2,3592.82,Credit Card,False,4.0
ORD103192,2025-01-22,CUST0751,Kavya Desai,North,Delhi,Sports & Fitness,Dumbbell Set,379.44,1,0.0,379.44,0.0,379.44,UPI,False,5.0
ORD101108,2025-01-22,CUST0656,Lakshmi Bose,West,Mumbai,Home & Kitchen,Mixer Grinder,14400.62,1,0.0,14400.62,0.0,14400.62,UPI,False,5.0
ORD103655,2025-01-22,CUST0709,Kiran Rao,East,Bhubaneswar,Fashion,Denim Jacket,5043.25,1,0.0,5043.25,0.0,5043.25,UPI,False,5.0
ORD101475,2025-01-22,CUST0804,Ishaan Rao,West,Mumbai,Electronics,Wireless Earbuds,16901.64,1,20.0,16901.64,3380.33,13521.31,UPI,False,3.0
ORD103960,2025-01-22,CUST0055,Kavya Iyer,North,Jaipur,Beauty & Personal Care,Face Serum,704.61,2,0.0,1409.22,0.0,1409.22,Debit Card,False,5.0
ORD105078,2025-01-23,CUST0043,Divya Iyer,West,Ahmedabad,Electronics,Smartwatch,52329.62,1,5.0,52329.62,2616.48,49713.14,Credit Card,False,5.0
ORD100743,2025-01-23,CUST0386,Nisha Pillai,North,Lucknow,Beauty & Personal Care,Skincare Kit,2600.92,1,0.0,2600.92,0.0,2600.92,UPI,False,5.0
ORD100583,2025-01-23,CUST0175,Arjun Gupta,North,Lucknow,Beauty & Personal Care,Skincare Kit,2075.25,1,10.0,2075.25,207.52,1867.73,Net Banking,False,2.0
ORD104062,2025-01-23,CUST0843,Deepak Singh,North,Chandigarh,Sports & Fitness,Yoga Mat,606.09,1,10.0,606.09,60.61,545.48,Debit Card,False,5.0
ORD103365,2025-01-23,CUST0114,Divya Joshi,South,Chennai,Fashion,Denim Jacket,436.82,1,0.0,436.82,0.0,436.82,UPI,False,4.0
ORD105582,2025-01-23,CUST0123,Anil Mukherjee,South,Hyderabad,Sports & Fitness,Dumbbell Set,5187.84,2,15.0,10375.68,1556.35,8819.33,UPI,False,4.0
ORD104655,2025-01-23,CUST0674,Ishaan Iyer,South,Bengaluru,Beauty & Personal Care,Face Serum,1562.24,1,15.0,1562.24,234.34,1327.9,Credit Card,True,5.0
ORD100869,2025-01-23,CUST0076,Aditya Gupta,North,Jaipur,Fashion,Backpack,3591.46,1,0.0,3591.46,0.0,3591.46,Debit Card,False,4.0
ORD104407,2025-01-23,CUST0752,Karthik Menon,North,Lucknow,Sports & Fitness,Yoga Mat,5123.78,1,10.0,5123.78,512.38,4611.4,Credit Card,False,5.0
ORD105943,2025-01-23,CUST0094,Manisha Reddy,East,Guwahati,Sports & Fitness,Cycling Helmet,2000.64,2,0.0,4001.28,0.0,4001.28,Net Banking,False,5.0
ORD100720,2025-01-24,CUST0463,Meera Kapoor,South,Kochi,Electronics,Wireless Earbuds,10847.03,2,20.0,21694.06,4338.81,17355.25,Credit Card,False,4.0
ORD102979,2025-01-24,CUST0611,Sneha Pillai,North,Delhi,Electronics,Bluetooth Speaker,18420.31,1,0.0,18420.31,0.0,18420.31,UPI,False,4.0
ORD105177,2025-01-24,CUST0631,Nisha Iyer,North,Delhi,Sports & Fitness,Resistance Bands,5402.76,1,5.0,5402.76,270.14,5132.62,Credit Card,False,3.0
ORD105356,2025-01-24,CUST0231,Kiran Mukherjee,East,Bhubaneswar,Home & Kitchen,Air Fryer,11990.91,1,0.0,11990.91,0.0,11990.91,Net Banking,False,4.0
ORD104284,2025-01-24,CUST0295,Naveen Nair,West,Pune,Fashion,Sunglasses,2353.97,1,15.0,2353.97,353.1,2000.87,Credit Card,False,2.0
ORD105392,2025-01-24,CUST0779,Riya Singh,North,Chandigarh,Electronics,Smartwatch,23844.61,1,0.0,23844.61,0.0,23844.61,Credit Card,False,5.0
ORD100847,2025-01-24,CUST0408,Naveen Menon,North,Delhi,Sports & Fitness,Fitness Band,5702.31,1,0.0,5702.31,0.0,5702.31,UPI,False,5.0
ORD100123,2025-01-24,CUST0481,Kiran Nair,South,Chennai,Beauty & Personal Care,Trimmer,1940.44,1,0.0,1940.44,0.0,1940.44,Net Banking,False,3.0
ORD104091,2025-01-24,CUST0002,Ramesh Kapoor,East,Patna,Fashion,Running Shoes,1753.81,1,0.0,1753.81,0.0,1753.81,Net Banking,False,4.0
ORD101099,2025-01-24,CUST0095,Sneha Rao,East,Kolkata,Beauty & Personal Care,Hair Dryer,614.37,1,10.0,614.37,61.44,552.93,Cash on Delivery,False,3.0
ORD104158,2025-01-24,CUST0841,Rahul Kapoor,West,Surat,Sports & Fitness,Dumbbell Set,6023.38,3,0.0,18070.14,0.0,18070.14,Debit Card,False,2.0
ORD105670,2025-01-25,CUST0222,Deepak Singh,North,Jaipur,Fashion,Running Shoes,2881.43,1,0.0,2881.43,0.0,2881.43,UPI,False,4.0
ORD101726,2025-01-25,CUST0591,Deepak Menon,West,Mumbai,Electronics,Smartphone,49229.9,1,0.0,49229.9,0.0,49229.9,Debit Card,False,5.0
ORD100193,2025-01-25,CUST0372,Aarav Singh,West,Surat,Electronics,Laptop,16600.74,1,5.0,16600.74,830.04,15770.7,Net Banking,True,4.0
ORD101351,2025-01-25,CUST0394,Krishna Singh,South,Chennai,Sports & Fitness,Cycling Helmet,2524.94,1,0.0,2524.94,0.0,2524.94,Credit Card,True,3.0
ORD103251,2025-01-25,CUST0172,Sai Kapoor,West,Mumbai,Home & Kitchen,Vacuum Cleaner,7110.76,2,15.0,14221.52,2133.23,12088.29,Cash on Delivery,False,2.0
ORD102203,2025-01-25,CUST0478,Arjun Kapoor,South,Chennai,Home & Kitchen,Mixer Grinder,4951.74,1,0.0,4951.74,0.0,4951.74,Credit Card,False,5.0
ORD104466,2025-01-26,CUST0762,Anil Pillai,East,Bhubaneswar,Home & Kitchen,Mixer Grinder,4843.13,1,10.0,4843.13,484.31,4358.82,UPI,False,4.0
ORD101913,2025-01-26,CUST0296,Deepak Singh,South,Hyderabad,Sports & Fitness,Fitness Band,1905.5,1,10.0,1905.5,190.55,1714.95,Debit Card,False,3.0
ORD102523,2025-01-26,CUST0328,Naveen Singh,North,Jaipur,Home & Kitchen,Water Purifier,6364.45,1,10.0,6364.45,636.45,5728.0,Credit Card,False,5.0
ORD101376,2025-01-26,CUST0085,Riya Das,North,Jaipur,Electronics,Laptop,46935.59,1,0.0,46935.59,0.0,46935.59,Debit Card,False,5.0
ORD100750,2025-01-26,CUST0789,Riya Pillai,North,Lucknow,Electronics,Smartphone,11204.82,2,15.0,22409.64,3361.45,19048.19,Net Banking,False,5.0
ORD100787,2025-01-26,CUST0533,Vihaan Sharma,East,Bhubaneswar,Electronics,Smartwatch,18422.73,2,15.0,36845.46,5526.82,31318.64,Debit Card,False,3.0
ORD102955,2025-01-26,CUST0175,Arjun Gupta,North,Lucknow,Sports & Fitness,Cycling Helmet,6660.63,1,20.0,6660.63,1332.13,5328.5,Credit Card,False,3.0
ORD102746,2025-01-26,CUST0660,Vikram Nair,South,Chennai,Fashion,Running Shoes,5686.11,1,0.0,5686.11,0.0,5686.11,Credit Card,False,5.0
ORD105165,2025-01-26,CUST0816,Suresh Pillai,North,Chandigarh,Fashion,Backpack,2829.53,2,0.0,5659.06,0.0,5659.06,UPI,False,5.0
ORD104547,2025-01-26,CUST0293,Krishna Rao,West,Surat,Fashion,Denim Jacket,4330.83,2,0.0,8661.66,0.0,8661.66,UPI,False,5.0
ORD105472,2025-01-26,CUST0225,Reyansh Nair,North,Lucknow,Electronics,Wireless Earbuds,54504.09,2,0.0,109008.18,0.0,109008.18,UPI,False,5.0
ORD100973,2025-01-26,CUST0064,Sanjay Reddy,East,Kolkata,Beauty & Personal Care,Face Serum,2210.7,1,0.0,2210.7,0.0,2210.7,UPI,False,2.0
ORD101665,2025-01-26,CUST0225,Reyansh Nair,North,Lucknow,Electronics,Laptop,12543.99,1,20.0,12543.99,2508.8,10035.19,UPI,False,4.0
ORD105604,2025-01-26,CUST0802,Swati Menon,South,Hyderabad,Electronics,Smartphone,1605.28,2,0.0,3210.56,0.0,3210.56,UPI,False,4.0
ORD105084,2025-01-27,CUST0612,Tara Reddy,North,Lucknow,Sports & Fitness,Fitness Band,4819.19,3,10.0,14457.57,1445.76,13011.81,UPI,False,4.0
ORD103300,2025-01-27,CUST0191,Karthik Iyer,South,Kochi,Electronics,Bluetooth Speaker,6625.77,1,10.0,6625.77,662.58,5963.19,Cash on Delivery,False,4.0
ORD100838,2025-01-27,CUST0244,Tara Kapoor,South,Chennai,Home & Kitchen,Mixer Grinder,8441.78,1,0.0,8441.78,0.0,8441.78,Credit Card,False,5.0
ORD104439,2025-01-27,CUST0752,Karthik Menon,North,Lucknow,Fashion,Sunglasses,2501.21,1,0.0,2501.21,0.0,2501.21,UPI,False,4.0
ORD104874,2025-01-27,CUST0743,Meera Joshi,East,Patna,Beauty & Personal Care,Hair Dryer,842.44,2,5.0,1684.88,84.24,1600.64,UPI,False,1.0
ORD101825,2025-01-27,CUST0041,Krishna Menon,North,Lucknow,Fashion,Backpack,5518.33,1,0.0,5518.33,0.0,5518.33,UPI,False,4.0
ORD104119,2025-01-27,CUST0084,Lakshmi Das,North,Chandigarh,Sports & Fitness,Resistance Bands,971.56,1,15.0,971.56,145.73,825.83,Credit Card,False,5.0
ORD100734,2025-01-27,CUST0030,Sneha Kumar,North,Chandigarh,Electronics,Laptop,49614.25,1,0.0,49614.25,0.0,49614.25,Debit Card,False,2.0
ORD102454,2025-01-27,CUST0458,Swati Singh,West,Ahmedabad,Beauty & Personal Care,Skincare Kit,2191.46,1,0.0,2191.46,0.0,2191.46,UPI,False,4.0
ORD104039,2025-01-27,CUST0656,Lakshmi Bose,West,Mumbai,Electronics,Smartwatch,27549.29,1,0.0,27549.29,0.0,27549.29,Credit Card,False,4.0
ORD104099,2025-01-28,CUST0262,Arjun Reddy,East,Patna,Fashion,Backpack,3616.15,1,10.0,3616.15,361.62,3254.53,Credit Card,False,2.0
ORD104638,2025-01-28,CUST0455,Shreya Das,South,Kochi,Sports & Fitness,Cycling Helmet,6588.24,1,5.0,6588.24,329.41,6258.83,Net Banking,False,4.0
ORD103084,2025-01-28,CUST0210,Naveen Desai,North,Jaipur,Fashion,Wrist Watch,2722.78,1,10.0,2722.78,272.28,2450.5,Cash on Delivery,False,3.0
ORD104170,2025-01-28,CUST0014,Naveen Bose,North,Chandigarh,Sports & Fitness,Resistance Bands,5082.9,2,0.0,10165.8,0.0,10165.8,Cash on Delivery,True,2.0
ORD100045,2025-01-28,CUST0789,Riya Pillai,North,Lucknow,Electronics,Smartphone,30105.43,1,10.0,30105.43,3010.54,27094.89,UPI,False,5.0
ORD105300,2025-01-28,CUST0160,Nisha Kumar,East,Bhubaneswar,Beauty & Personal Care,Perfume,2361.52,1,0.0,2361.52,0.0,2361.52,Credit Card,False,5.0
ORD104008,2025-01-29,CUST0566,Vikram Das,South,Chennai,Sports & Fitness,Yoga Mat,7819.09,1,0.0,7819.09,0.0,7819.09,UPI,False,4.0
ORD102621,2025-01-29,CUST0563,Sneha Pillai,West,Mumbai,Home & Kitchen,Mixer Grinder,14189.66,1,0.0,14189.66,0.0,14189.66,UPI,False,2.0
ORD101439,2025-01-29,CUST0826,Divya Kapoor,West,Ahmedabad,Home & Kitchen,Vacuum Cleaner,9706.04,1,0.0,9706.04,0.0,9706.04,Debit Card,False,3.0
ORD105365,2025-01-29,CUST0724,Divya Bose,East,Patna,Home & Kitchen,Mixer Grinder,14326.07,2,10.0,28652.14,2865.21,25786.93,UPI,False,
ORD105349,2025-01-29,CUST0323,Ishaan Malhotra,East,Patna,Home & Kitchen,Water Purifier,6961.4,1,25.0,6961.4,1740.35,5221.05,UPI,False,5.0
ORD101722,2025-01-29,CUST0734,Diya Das,North,Delhi,Electronics,Wireless Earbuds,15656.42,1,0.0,15656.42,0.0,15656.42,Credit Card,False,5.0
ORD102051,2025-01-30,CUST0441,Swati Singh,North,Lucknow,Beauty & Personal Care,Skincare Kit,1843.46,1,0.0,1843.46,0.0,1843.46,Credit Card,False,5.0
ORD102069,2025-01-30,CUST0464,Ramesh Sharma,West,Surat,Sports & Fitness,Fitness Band,7180.72,1,0.0,7180.72,0.0,7180.72,Credit Card,False,5.0
ORD103319,2025-01-30,CUST0150,Anil Kumar,North,Delhi,Beauty & Personal Care,Skincare Kit,2866.87,1,0.0,2866.87,0.0,2866.87,Debit Card,False,3.0
ORD105127,2025-01-30,CUST0612,Tara Reddy,North,Lucknow,Sports & Fitness,Yoga Mat,4761.02,1,20.0,4761.02,952.2,3808.82,Credit Card,False,5.0
ORD104629,2025-01-30,CUST0224,Deepak Verma,West,Ahmedabad,Beauty & Personal Care,Hair Dryer,1803.34,2,0.0,3606.68,0.0,3606.68,UPI,False,3.0
ORD102759,2025-01-30,CUST0043,Divya Iyer,West,Ahmedabad,Beauty & Personal Care,Skincare Kit,1238.57,1,10.0,1238.57,123.86,1114.71,Credit Card,False,3.0
ORD103458,2025-01-30,CUST0698,Swati Chopra,West,Pune,Fashion,Wrist Watch,3181.45,1,10.0,3181.45,318.14,2863.31,UPI,False,5.0
ORD103800,2025-01-31,CUST0247,Anil Desai,North,Chandigarh,Beauty & Personal Care,Trimmer,1561.57,1,0.0,1561.57,0.0,1561.57,Net Banking,False,4.0
ORD104190,2025-01-31,CUST0018,Nisha Mukherjee,West,Surat,Home & Kitchen,Non-Stick Cookware Set,6223.22,1,0.0,6223.22,0.0,6223.22,Net Banking,False,5.0
ORD104635,2025-01-31,CUST0061,Isha Joshi,East,Guwahati,Electronics,Smartphone,25271.88,2,0.0,50543.76,0.0,50543.76,Credit Card,False,5.0
ORD102291,2025-01-31,CUST0223,Ramesh Kumar,North,Chandigarh,Beauty & Personal Care,Perfume,403.84,2,0.0,807.68,0.0,807.68,UPI,False,5.0
ORD100126,2025-01-31,CUST0809,Naveen Desai,East,Kolkata,Sports & Fitness,Yoga Mat,3434.49,1,0.0,3434.49,0.0,3434.49,Debit Card,False,5.0
ORD102331,2025-01-31,CUST0504,Swati Kapoor,West,Surat,Fashion,Running Shoes,1040.25,1,15.0,1040.25,156.04,884.21,Debit Card,False,5.0
ORD101268,2025-01-31,CUST0141,Divya Das,South,Chennai,Sports & Fitness,Dumbbell Set,7590.4,1,0.0,7590.4,0.0,7590.4,Cash on Delivery,False,4.0
ORD105977,2025-01-31,CUST0396,Lakshmi Rao,North,Lucknow,Home & Kitchen,Non-Stick Cookware Set,9028.88,1,0.0,9028.88,0.0,9028.88,Credit Card,False,5.0
ORD100197,2025-01-31,CUST0039,Aarav Gupta,East,Bhubaneswar,Electronics,Laptop,11067.21,1,15.0,11067.21,1660.08,9407.13,Credit Card,False,2.0
ORD105229,2025-02-01,CUST0733,Vihaan Das,East,Patna,Home & Kitchen,Air Fryer,12511.89,1,15.0,12511.89,1876.78,10635.11,Debit Card,False,5.0
ORD102638,2025-02-01,CUST0484,Zara Menon,West,Surat,Electronics,Bluetooth Speaker,7250.78,2,0.0,14501.56,0.0,14501.56,Credit Card,False,5.0
ORD105822,2025-02-01,CUST0258,Reyansh Malhotra,West,Mumbai,Electronics,Smartphone,53460.6,1,0.0,53460.6,0.0,53460.6,UPI,False,5.0
ORD100710,2025-02-01,CUST0634,Kavya Iyer,North,Chandigarh,Fashion,Denim Jacket,520.06,1,20.0,520.06,104.01,416.05,UPI,False,5.0
ORD101625,2025-02-01,CUST0842,Shreya Iyer,North,Lucknow,Home & Kitchen,Water Purifier,5423.08,2,10.0,10846.16,1084.62,9761.54,Debit Card,False,4.0
ORD104106,2025-02-01,CUST0165,Krishna Malhotra,North,Lucknow,Sports & Fitness,Yoga Mat,4744.63,1,15.0,4744.63,711.69,4032.94,UPI,False,4.0
ORD105066,2025-02-01,CUST0656,Lakshmi Bose,West,Mumbai,Home & Kitchen,Air Fryer,1330.41,1,5.0,1330.41,66.52,1263.89,Credit Card,False,2.0
ORD102817,2025-02-01,CUST0039,Aarav Gupta,East,Bhubaneswar,Electronics,Smartphone,37307.94,1,10.0,37307.94,3730.79,33577.15,UPI,False,2.0
ORD103681,2025-02-01,CUST0715,Kiran Verma,South,Bengaluru,Home & Kitchen,Air Fryer,8929.03,2,15.0,17858.06,2678.71,15179.35,Debit Card,False,1.0
ORD105062,2025-02-02,CUST0007,Karthik Verma,North,Jaipur,Electronics,Wireless Earbuds,53346.42,1,0.0,53346.42,0.0,53346.42,UPI,False,3.0
ORD105141,2025-02-02,CUST0770,Vikram Iyer,South,Hyderabad,Beauty & Personal Care,Perfume,278.51,1,10.0,278.51,27.85,250.66,Cash on Delivery,False,4.0
ORD102425,2025-02-02,CUST0322,Riya Malhotra,East,Guwahati,Fashion,Backpack,4856.99,1,0.0,4856.99,0.0,4856.99,Credit Card,False,4.0
ORD101358,2025-02-02,CUST0283,Rahul Menon,East,Kolkata,Home & Kitchen,Non-Stick Cookware Set,13365.87,1,10.0,13365.87,1336.59,12029.28,UPI,False,2.0
ORD105936,2025-02-02,CUST0372,Aarav Singh,West,Surat,Electronics,Laptop,12335.14,3,0.0,37005.42,0.0,37005.42,Debit Card,False,3.0
ORD101430,2025-02-02,CUST0410,Sai Das,North,Chandigarh,Beauty & Personal Care,Skincare Kit,935.82,1,0.0,935.82,0.0,935.82,Net Banking,False,4.0
ORD100061,2025-02-02,CUST0795,Shreya Sharma,North,Lucknow,Fashion,Backpack,5913.63,1,0.0,5913.63,0.0,5913.63,UPI,False,1.0
ORD100599,2025-02-03,CUST0031,Kiran Malhotra,South,Bengaluru,Beauty & Personal Care,Perfume,575.1,1,10.0,575.1,57.51,517.59,UPI,False,5.0
ORD103735,2025-02-03,CUST0191,Karthik Iyer,South,Kochi,Fashion,Wrist Watch,5254.69,1,0.0,5254.69,0.0,5254.69,Credit Card,False,4.0
ORD103534,2025-02-03,CUST0216,Shreya Singh,East,Guwahati,Electronics,Laptop,8280.04,1,0.0,8280.04,0.0,8280.04,Debit Card,False,4.0
ORD101752,2025-02-03,CUST0765,Anil Das,West,Pune,Beauty & Personal Care,Perfume,2201.99,2,0.0,4403.98,0.0,4403.98,UPI,False,2.0
ORD104853,2025-02-03,CUST0739,Kiran Iyer,South,Bengaluru,Fashion,Running Shoes,5171.79,1,0.0,5171.79,0.0,5171.79,Cash on Delivery,False,5.0
ORD102190,2025-02-04,CUST0176,Vihaan Rao,North,Jaipur,Beauty & Personal Care,Skincare Kit,812.91,1,0.0,812.91,0.0,812.91,UPI,False,2.0
ORD102544,2025-02-04,CUST0809,Naveen Desai,East,Kolkata,Fashion,Wrist Watch,3502.23,1,15.0,3502.23,525.33,2976.9,UPI,False,3.0
ORD105724,2025-02-04,CUST0479,Vihaan Pillai,North,Delhi,Electronics,Bluetooth Speaker,37163.6,1,0.0,37163.6,0.0,37163.6,UPI,False,5.0
ORD103467,2025-02-04,CUST0494,Kiran Bose,East,Patna,Beauty & Personal Care,Perfume,2165.24,1,0.0,2165.24,0.0,2165.24,Cash on Delivery,False,5.0
ORD104667,2025-02-05,CUST0850,Anil Desai,West,Mumbai,Sports & Fitness,Dumbbell Set,6362.78,1,10.0,6362.78,636.28,5726.5,UPI,False,4.0
ORD101508,2025-02-05,CUST0647,Ramesh Das,North,Jaipur,Fashion,Sunglasses,4444.76,1,10.0,4444.76,444.48,4000.28,Credit Card,False,1.0
ORD101568,2025-02-05,CUST0041,Krishna Menon,North,Lucknow,Electronics,Smartphone,51803.12,1,10.0,51803.12,5180.31,46622.81,UPI,False,5.0
ORD101928,2025-02-05,CUST0259,Isha Singh,East,Patna,Fashion,Running Shoes,3954.24,2,10.0,7908.48,790.85,7117.63,Credit Card,False,4.0
ORD103485,2025-02-05,CUST0510,Anil Menon,East,Guwahati,Sports & Fitness,Resistance Bands,1565.8,1,0.0,1565.8,0.0,1565.8,Cash on Delivery,False,5.0
ORD100029,2025-02-05,CUST0707,Isha Menon,West,Pune,Home & Kitchen,Water Purifier,1595.26,1,0.0,1595.26,0.0,1595.26,Credit Card,False,2.0
ORD101421,2025-02-05,CUST0340,Manish Joshi,North,Jaipur,Beauty & Personal Care,Perfume,1006.2,1,5.0,1006.2,50.31,955.89,Debit Card,False,5.0
ORD102029,2025-02-05,CUST0283,Rahul Menon,East,Kolkata,Beauty & Personal Care,Hair Dryer,2295.0,1,5.0,2295.0,114.75,2180.25,Debit Card,False,3.0
ORD101723,2025-02-06,CUST0227,Anil Nair,West,Ahmedabad,Home & Kitchen,Vacuum Cleaner,8061.86,2,15.0,16123.72,2418.56,13705.16,Debit Card,False,3.0
ORD105175,2025-02-06,CUST0060,Deepak Kumar,East,Guwahati,Home & Kitchen,Vacuum Cleaner,5409.79,1,10.0,5409.79,540.98,4868.81,Debit Card,False,4.0
ORD100472,2025-02-06,CUST0373,Divya Desai,West,Mumbai,Sports & Fitness,Resistance Bands,632.08,1,15.0,632.08,94.81,537.27,UPI,False,3.0
ORD105624,2025-02-06,CUST0584,Manish Singh,South,Kochi,Home & Kitchen,Vacuum Cleaner,6560.37,1,5.0,6560.37,328.02,6232.35,UPI,False,5.0
ORD101949,2025-02-07,CUST0089,Aarav Joshi,South,Chennai,Sports & Fitness,Yoga Mat,5504.33,2,5.0,11008.66,550.43,10458.23,UPI,False,1.0
ORD100692,2025-02-07,CUST0333,Suresh Kapoor,West,Mumbai,Electronics,Smartphone,13740.46,1,0.0,13740.46,0.0,13740.46,Credit Card,False,5.0
ORD100231,2025-02-07,CUST0052,Swati Iyer,West,Mumbai,Electronics,Smartphone,23357.65,1,0.0,23357.65,0.0,23357.65,Cash on Delivery,False,5.0
ORD101638,2025-02-07,CUST0722,Neha Verma,South,Kochi,Sports & Fitness,Cycling Helmet,1525.23,1,0.0,1525.23,0.0,1525.23,Credit Card,False,1.0
ORD103218,2025-02-07,CUST0684,Ananya Patel,North,Lucknow,Electronics,Smartwatch,3139.54,1,0.0,3139.54,0.0,3139.54,UPI,False,4.0
ORD104236,2025-02-07,CUST0182,Riya Joshi,North,Delhi,Electronics,Wireless Earbuds,9544.22,1,0.0,9544.22,0.0,9544.22,UPI,False,4.0
ORD105417,2025-02-08,CUST0699,Pooja Joshi,North,Chandigarh,Electronics,Smartwatch,16522.25,2,5.0,33044.5,1652.22,31392.28,UPI,False,2.0
ORD103480,2025-02-08,CUST0386,Nisha Pillai,North,Lucknow,Beauty & Personal Care,Perfume,2376.52,1,5.0,2376.52,118.83,2257.69,Cash on Delivery,False,5.0
ORD104188,2025-02-08,CUST0415,Arjun Rao,North,Chandigarh,Sports & Fitness,Cycling Helmet,3622.61,1,0.0,3622.61,0.0,3622.61,Net Banking,False,2.0
ORD102421,2025-02-08,CUST0270,Nisha Kumar,North,Chandigarh,Sports & Fitness,Yoga Mat,5426.53,1,20.0,5426.53,1085.31,4341.22,UPI,False,5.0
ORD103977,2025-02-08,CUST0210,Naveen Desai,North,Jaipur,Beauty & Personal Care,Trimmer,997.39,2,0.0,1994.78,0.0,1994.78,Cash on Delivery,False,5.0
ORD104650,2025-02-08,CUST0683,Lakshmi Verma,East,Bhubaneswar,Fashion,Sunglasses,2168.38,1,0.0,2168.38,0.0,2168.38,Debit Card,False,5.0
ORD103081,2025-02-09,CUST0085,Riya Das,North,Jaipur,Beauty & Personal Care,Hair Dryer,1251.88,1,0.0,1251.88,0.0,1251.88,Credit Card,False,5.0
ORD100892,2025-02-09,CUST0015,Meera Kapoor,West,Surat,Sports & Fitness,Dumbbell Set,7370.08,1,10.0,7370.08,737.01,6633.07,Cash on Delivery,False,5.0
ORD102086,2025-02-09,CUST0424,Aditya Sharma,East,Guwahati,Beauty & Personal Care,Face Serum,2371.23,1,0.0,2371.23,0.0,2371.23,Credit Card,False,4.0
ORD104180,2025-02-09,CUST0647,Ramesh Das,North,Jaipur,Fashion,Running Shoes,4909.7,1,5.0,4909.7,245.48,4664.22,Net Banking,False,4.0
ORD100738,2025-02-09,CUST0217,Rohan Menon,North,Jaipur,Fashion,Denim Jacket,1763.34,1,20.0,1763.34,352.67,1410.67,UPI,False,4.0
ORD102995,2025-02-09,CUST0263,Manisha Joshi,South,Chennai,Beauty & Personal Care,Face Serum,3498.14,1,20.0,3498.14,699.63,2798.51,Credit Card,False,3.0
ORD102642,2025-02-09,CUST0141,Divya Das,South,Chennai,Beauty & Personal Care,Trimmer,2279.52,1,0.0,2279.52,0.0,2279.52,UPI,False,5.0
ORD103237,2025-02-09,CUST0637,Swati Pillai,North,Jaipur,Sports & Fitness,Yoga Mat,6150.23,1,5.0,6150.23,307.51,5842.72,UPI,False,3.0
ORD103636,2025-02-09,CUST0097,Priya Sharma,South,Chennai,Home & Kitchen,Non-Stick Cookware Set,1386.27,2,20.0,2772.54,554.51,2218.03,Credit Card,False,5.0
ORD103106,2025-02-10,CUST0413,Ananya Singh,East,Bhubaneswar,Electronics,Laptop,27096.12,1,5.0,27096.12,1354.81,25741.31,Net Banking,False,2.0
ORD105951,2025-02-10,CUST0400,Sai Bose,East,Bhubaneswar,Sports & Fitness,Dumbbell Set,5036.61,1,0.0,5036.61,0.0,5036.61,Credit Card,False,1.0
ORD104625,2025-02-10,CUST0523,Reyansh Sharma,West,Ahmedabad,Electronics,Wireless Earbuds,12539.98,1,0.0,12539.98,0.0,12539.98,Credit Card,False,5.0
ORD102648,2025-02-10,CUST0003,Krishna Gupta,South,Bengaluru,Beauty & Personal Care,Face Serum,606.68,1,0.0,606.68,0.0,606.68,Cash on Delivery,True,5.0
ORD102234,2025-02-10,CUST0173,Lakshmi Sharma,South,Kochi,Electronics,Smartphone,11322.18,1,5.0,11322.18,566.11,10756.07,UPI,False,2.0
ORD100508,2025-02-11,CUST0019,Vihaan Malhotra,North,Lucknow,Fashion,Wrist Watch,1475.44,2,0.0,2950.88,0.0,2950.88,UPI,True,4.0
ORD103023,2025-02-11,CUST0495,Vihaan Reddy,North,Chandigarh,Beauty & Personal Care,Hair Dryer,1978.19,2,0.0,3956.38,0.0,3956.38,Debit Card,False,4.0
ORD101408,2025-02-11,CUST0495,Vihaan Reddy,North,Chandigarh,Electronics,Smartwatch,31527.78,1,10.0,31527.78,3152.78,28375.0,UPI,False,4.0
ORD104542,2025-02-11,CUST0288,Neha Sharma,East,Guwahati,Home & Kitchen,Non-Stick Cookware Set,9177.23,1,0.0,9177.23,0.0,9177.23,UPI,False,4.0
ORD103959,2025-02-11,CUST0428,Vivaan Chopra,South,Hyderabad,Beauty & Personal Care,Skincare Kit,2785.03,1,0.0,2785.03,0.0,2785.03,Net Banking,True,4.0
ORD105757,2025-02-11,CUST0271,Deepak Joshi,East,Guwahati,Electronics,Bluetooth Speaker,8880.73,1,20.0,8880.73,1776.15,7104.58,Net Banking,True,5.0
ORD104405,2025-02-11,CUST0039,Aarav Gupta,East,Bhubaneswar,Fashion,Denim Jacket,4314.36,1,10.0,4314.36,431.44,3882.92,Net Banking,False,5.0
ORD100563,2025-02-12,CUST0027,Vivaan Rao,South,Kochi,Electronics,Wireless Earbuds,44898.49,1,5.0,44898.49,2244.92,42653.57,Net Banking,False,3.0
ORD100328,2025-02-12,CUST0075,Isha Patel,North,Jaipur,Fashion,Sunglasses,454.32,1,0.0,454.32,0.0,454.32,UPI,False,2.0
ORD101012,2025-02-12,CUST0813,Karthik Iyer,East,Kolkata,Electronics,Laptop,18102.21,1,5.0,18102.21,905.11,17197.1,Debit Card,False,3.0
ORD102197,2025-02-12,CUST0655,Vihaan Mukherjee,South,Kochi,Sports & Fitness,Fitness Band,3015.85,1,25.0,3015.85,753.96,2261.89,Credit Card,False,4.0
ORD102184,2025-02-12,CUST0704,Vikram Joshi,North,Chandigarh,Sports & Fitness,Resistance Bands,5523.98,1,5.0,5523.98,276.2,5247.78,Credit Card,False,1.0
ORD101367,2025-02-12,CUST0720,Manish Das,East,Patna,Home & Kitchen,Water Purifier,1439.52,2,10.0,2879.04,287.9,2591.14,Cash on Delivery,False,4.0
ORD102405,2025-02-12,CUST0408,Naveen Menon,North,Delhi,Home & Kitchen,Air Fryer,7356.53,1,10.0,7356.53,735.65,6620.88,UPI,False,3.0
ORD101517,2025-02-12,CUST0537,Sneha Sharma,West,Surat,Fashion,Denim Jacket,5661.98,1,0.0,5661.98,0.0,5661.98,UPI,True,4.0
ORD102033,2025-02-12,CUST0424,Aditya Sharma,East,Guwahati,Sports & Fitness,Dumbbell Set,4998.1,1,20.0,4998.1,999.62,3998.48,Credit Card,False,5.0
ORD102775,2025-02-12,CUST0254,Ananya Mukherjee,West,Mumbai,Fashion,Sunglasses,560.23,2,15.0,1120.46,168.07,952.39,Net Banking,False,4.0
ORD104719,2025-02-12,CUST0397,Deepak Verma,East,Patna,Sports & Fitness,Fitness Band,5250.42,2,10.0,10500.84,1050.08,9450.76,Net Banking,False,1.0
ORD102430,2025-02-13,CUST0805,Ishaan Gupta,West,Pune,Sports & Fitness,Dumbbell Set,1795.53,1,0.0,1795.53,0.0,1795.53,Credit Card,False,2.0
ORD101389,2025-02-13,CUST0468,Shreya Reddy,West,Mumbai,Electronics,Bluetooth Speaker,18145.5,1,0.0,18145.5,0.0,18145.5,UPI,True,3.0
ORD100610,2025-02-13,CUST0527,Ramesh Bose,North,Jaipur,Home & Kitchen,Air Fryer,11372.51,1,0.0,11372.51,0.0,11372.51,Cash on Delivery,False,3.0
ORD105399,2025-02-13,CUST0426,Rohan Reddy,West,Ahmedabad,Beauty & Personal Care,Perfume,1537.61,1,10.0,1537.61,153.76,1383.85,Debit Card,False,1.0
ORD102137,2025-02-13,CUST0722,Neha Verma,South,Kochi,Beauty & Personal Care,Trimmer,1824.58,2,10.0,3649.16,364.92,3284.24,Credit Card,False,3.0
ORD105581,2025-02-13,CUST0673,Suresh Das,East,Guwahati,Beauty & Personal Care,Hair Dryer,1422.64,1,0.0,1422.64,0.0,1422.64,Cash on Delivery,False,2.0
ORD101739,2025-02-13,CUST0613,Riya Kumar,South,Bengaluru,Fashion,Backpack,1501.44,1,5.0,1501.44,75.07,1426.37,Net Banking,False,2.0
ORD103761,2025-02-14,CUST0379,Reyansh Iyer,West,Mumbai,Home & Kitchen,Mixer Grinder,10281.16,2,5.0,20562.32,1028.12,19534.2,UPI,False,3.0
ORD104880,2025-02-14,CUST0029,Deepak Pillai,South,Bengaluru,Beauty & Personal Care,Hair Dryer,3447.6,1,5.0,3447.6,172.38,3275.22,Credit Card,False,4.0
ORD103990,2025-02-14,CUST0060,Deepak Kumar,East,Guwahati,Home & Kitchen,Mixer Grinder,2874.63,1,10.0,2874.63,287.46,2587.17,Credit Card,False,5.0
ORD100441,2025-02-14,CUST0434,Vikram Rao,West,Mumbai,Fashion,Wrist Watch,3435.97,1,0.0,3435.97,0.0,3435.97,Credit Card,False,4.0
ORD105674,2025-02-15,CUST0281,Pooja Chopra,East,Patna,Sports & Fitness,Cycling Helmet,4368.45,1,0.0,4368.45,0.0,4368.45,UPI,False,4.0
ORD105915,2025-02-15,CUST0493,Diya Pillai,East,Guwahati,Electronics,Smartphone,26859.62,1,10.0,26859.62,2685.96,24173.66,UPI,False,5.0
ORD104732,2025-02-15,CUST0805,Ishaan Gupta,West,Pune,Electronics,Wireless Earbuds,31279.38,1,0.0,31279.38,0.0,31279.38,UPI,False,3.0
ORD105721,2025-02-15,CUST0030,Sneha Kumar,North,Chandigarh,Electronics,Bluetooth Speaker,43271.2,1,15.0,43271.2,6490.68,36780.52,UPI,False,5.0
ORD105214,2025-02-15,CUST0221,Divya Das,North,Lucknow,Sports & Fitness,Dumbbell Set,7627.29,1,15.0,7627.29,1144.09,6483.2,Debit Card,False,3.0
ORD105450,2025-02-16,CUST0612,Tara Reddy,North,Lucknow,Sports & Fitness,Cycling Helmet,3583.9,2,0.0,7167.8,0.0,7167.8,Net Banking,False,3.0
ORD100430,2025-02-16,CUST0515,Vikram Gupta,West,Ahmedabad,Beauty & Personal Care,Trimmer,3451.92,2,0.0,6903.84,0.0,6903.84,Credit Card,False,4.0
ORD102456,2025-02-17,CUST0713,Sanjay Gupta,West,Ahmedabad,Electronics,Bluetooth Speaker,2965.86,3,0.0,8897.58,0.0,8897.58,UPI,False,5.0
ORD101934,2025-02-17,CUST0269,Sai Joshi,North,Jaipur,Home & Kitchen,Water Purifier,11174.23,1,0.0,11174.23,0.0,11174.23,Net Banking,False,5.0
ORD100405,2025-02-17,CUST0478,Arjun Kapoor,South,Chennai,Electronics,Smartwatch,36550.11,1,0.0,36550.11,0.0,36550.11,UPI,False,3.0
ORD103107,2025-02-18,CUST0438,Ishaan Verma,West,Ahmedabad,Beauty & Personal Care,Face Serum,2365.67,3,5.0,7097.01,354.85,6742.16,UPI,False,4.0
ORD100350,2025-02-18,CUST0802,Swati Menon,South,Hyderabad,Sports & Fitness,Dumbbell Set,4238.3,1,0.0,4238.3,0.0,4238.3,Credit Card,False,4.0
ORD100528,2025-02-18,CUST0007,Karthik Verma,North,Jaipur,Electronics,Bluetooth Speaker,4691.58,1,0.0,4691.58,0.0,4691.58,UPI,False,5.0
ORD104758,2025-02-18,CUST0039,Aarav Gupta,East,Bhubaneswar,Electronics,Wireless Earbuds,1718.98,1,25.0,1718.98,429.74,1289.24,Credit Card,False,4.0
ORD105967,2025-02-18,CUST0842,Shreya Iyer,North,Lucknow,Sports & Fitness,Resistance Bands,7578.83,1,0.0,7578.83,0.0,7578.83,Debit Card,False,1.0
ORD101587,2025-02-18,CUST0060,Deepak Kumar,East,Guwahati,Sports & Fitness,Cycling Helmet,1102.39,1,0.0,1102.39,0.0,1102.39,Credit Card,False,3.0
ORD103859,2025-02-18,CUST0740,Diya Gupta,East,Bhubaneswar,Electronics,Laptop,40602.16,1,0.0,40602.16,0.0,40602.16,UPI,False,4.0
ORD100855,2025-02-18,CUST0010,Vivaan Sharma,East,Patna,Beauty & Personal Care,Trimmer,662.92,1,5.0,662.92,33.15,629.77,UPI,False,2.0
ORD101368,2025-02-18,CUST0812,Vihaan Rao,West,Pune,Fashion,Sunglasses,4465.25,1,5.0,4465.25,223.26,4241.99,UPI,False,5.0
ORD104689,2025-02-19,CUST0102,Tara Desai,East,Patna,Fashion,Running Shoes,3692.34,1,25.0,3692.34,923.08,2769.26,Net Banking,False,5.0
ORD105273,2025-02-19,CUST0560,Zara Reddy,South,Chennai,Electronics,Smartwatch,25140.45,1,15.0,25140.45,3771.07,21369.38,Credit Card,False,4.0
ORD105478,2025-02-19,CUST0174,Krishna Pillai,East,Patna,Electronics,Bluetooth Speaker,14173.04,1,0.0,14173.04,0.0,14173.04,Net Banking,False,5.0
ORD101096,2025-02-19,CUST0732,Zara Nair,South,Chennai,Beauty & Personal Care,Face Serum,2014.53,2,5.0,4029.06,201.45,3827.61,Credit Card,False,4.0
ORD102556,2025-02-19,CUST0413,Ananya Singh,East,Bhubaneswar,Home & Kitchen,Vacuum Cleaner,14215.11,1,0.0,14215.11,0.0,14215.11,Cash on Delivery,False,5.0
ORD102072,2025-02-19,CUST0506,Ishaan Patel,West,Ahmedabad,Sports & Fitness,Resistance Bands,4161.07,1,0.0,4161.07,0.0,4161.07,Net Banking,False,4.0
ORD101740,2025-02-20,CUST0482,Deepak Menon,East,Patna,Home & Kitchen,Mixer Grinder,1514.81,2,5.0,3029.62,151.48,2878.14,UPI,False,5.0
ORD104994,2025-02-20,CUST0713,Sanjay Gupta,West,Ahmedabad,Electronics,Bluetooth Speaker,12497.53,1,0.0,12497.53,0.0,12497.53,Debit Card,False,1.0
ORD101440,2025-02-20,CUST0752,Karthik Menon,North,Lucknow,Fashion,Sunglasses,4483.56,1,5.0,4483.56,224.18,4259.38,Cash on Delivery,False,4.0
ORD101272,2025-02-20,CUST0399,Shreya Rao,West,Pune,Sports & Fitness,Dumbbell Set,3231.15,1,5.0,3231.15,161.56,3069.59,UPI,False,5.0
ORD100112,2025-02-20,CUST0821,Saanvi Rao,West,Ahmedabad,Fashion,Denim Jacket,3101.96,1,0.0,3101.96,0.0,3101.96,Credit Card,False,1.0
ORD104417,2025-02-20,CUST0399,Shreya Rao,West,Pune,Sports & Fitness,Fitness Band,692.26,1,0.0,692.26,0.0,692.26,Credit Card,False,2.0
ORD102212,2025-02-20,CUST0039,Aarav Gupta,East,Bhubaneswar,Sports & Fitness,Fitness Band,4606.1,1,10.0,4606.1,460.61,4145.49,Debit Card,False,4.0
ORD101503,2025-02-20,CUST0034,Kavya Singh,North,Lucknow,Electronics,Bluetooth Speaker,46884.97,1,0.0,46884.97,0.0,46884.97,Debit Card,True,4.0
ORD104395,2025-02-20,CUST0084,Lakshmi Das,North,Chandigarh,Home & Kitchen,Mixer Grinder,14593.28,1,10.0,14593.28,1459.33,13133.95,Credit Card,False,5.0
ORD102925,2025-02-21,CUST0263,Manisha Joshi,South,Chennai,Sports & Fitness,Cycling Helmet,6831.19,1,5.0,6831.19,341.56,6489.63,UPI,False,3.0
ORD104601,2025-02-21,CUST0270,Nisha Kumar,North,Chandigarh,Home & Kitchen,Water Purifier,11878.73,1,0.0,11878.73,0.0,11878.73,Credit Card,False,5.0
ORD103167,2025-02-21,CUST0533,Vihaan Sharma,East,Bhubaneswar,Home & Kitchen,Non-Stick Cookware Set,10113.78,1,0.0,10113.78,0.0,10113.78,UPI,False,3.0
ORD101232,2025-02-21,CUST0109,Divya Gupta,West,Pune,Beauty & Personal Care,Trimmer,322.22,1,15.0,322.22,48.33,273.89,Credit Card,False,3.0
ORD101157,2025-02-21,CUST0130,Reyansh Iyer,South,Bengaluru,Sports & Fitness,Fitness Band,7328.24,1,0.0,7328.24,0.0,7328.24,Net Banking,False,3.0
ORD104515,2025-02-21,CUST0043,Divya Iyer,West,Ahmedabad,Home & Kitchen,Mixer Grinder,4197.53,1,0.0,4197.53,0.0,4197.53,Debit Card,False,5.0
ORD105180,2025-02-21,CUST0151,Neha Iyer,West,Surat,Sports & Fitness,Cycling Helmet,4115.25,1,20.0,4115.25,823.05,3292.2,UPI,False,4.0
ORD103833,2025-02-22,CUST0722,Neha Verma,South,Kochi,Sports & Fitness,Yoga Mat,7528.57,1,5.0,7528.57,376.43,7152.14,UPI,False,5.0
ORD102952,2025-02-22,CUST0034,Kavya Singh,North,Lucknow,Sports & Fitness,Cycling Helmet,1657.77,1,0.0,1657.77,0.0,1657.77,UPI,False,5.0
ORD104341,2025-02-22,CUST0602,Deepak Verma,East,Guwahati,Home & Kitchen,Water Purifier,7280.12,1,0.0,7280.12,0.0,7280.12,Credit Card,False,3.0
ORD103908,2025-02-23,CUST0036,Saanvi Kapoor,North,Lucknow,Fashion,Denim Jacket,3520.62,1,0.0,3520.62,0.0,3520.62,UPI,False,5.0
ORD101840,2025-02-23,CUST0799,Vivaan Rao,North,Jaipur,Sports & Fitness,Resistance Bands,2782.65,1,25.0,2782.65,695.66,2086.99,UPI,False,5.0
ORD104714,2025-02-23,CUST0242,Naveen Malhotra,West,Pune,Electronics,Smartwatch,39142.61,2,0.0,78285.22,0.0,78285.22,Credit Card,False,4.0
ORD102186,2025-02-23,CUST0354,Neha Menon,East,Guwahati,Home & Kitchen,Air Fryer,7487.96,1,5.0,7487.96,374.4,7113.56,Credit Card,False,5.0
ORD102186,2025-02-23,CUST0354,Neha Menon,East,Guwahati,Home & Kitchen,Air Fryer,7487.96,1,5.0,7487.96,374.4,7113.56,Credit Card,False,5.0
ORD100237,2025-02-23,CUST0618,Priya Rao,North,Jaipur,Sports & Fitness,Yoga Mat,4177.49,2,0.0,8354.98,0.0,8354.98,Net Banking,False,3.0
ORD100671,2025-02-23,CUST0676,Divya Mukherjee,East,Patna,Fashion,Backpack,1222.35,1,0.0,1222.35,0.0,1222.35,Cash on Delivery,False,5.0
ORD102362,2025-02-23,CUST0298,Kiran Das,North,Lucknow,Beauty & Personal Care,Face Serum,364.51,1,10.0,364.51,36.45,328.06,UPI,False,4.0
ORD104658,2025-02-24,CUST0329,Nisha Verma,South,Bengaluru,Electronics,Smartwatch,36624.86,1,5.0,36624.86,1831.24,34793.62,Credit Card,False,2.0
ORD102496,2025-02-24,CUST0204,Neha Kumar,North,Delhi,Sports & Fitness,Cycling Helmet,3453.51,2,25.0,6907.02,1726.76,5180.26,Credit Card,False,4.0
ORD102476,2025-02-24,CUST0707,Isha Menon,West,Pune,Electronics,Bluetooth Speaker,35854.7,1,10.0,35854.7,3585.47,32269.23,UPI,False,5.0
ORD104057,2025-02-24,CUST0572,Anil Gupta,West,Mumbai,Fashion,Backpack,2865.49,1,0.0,2865.49,0.0,2865.49,Credit Card,False,4.0
ORD103826,2025-02-24,CUST0134,Sanjay Rao,East,Kolkata,Beauty & Personal Care,Skincare Kit,2962.74,1,5.0,2962.74,148.14,2814.6,Credit Card,False,5.0
ORD100138,2025-02-24,CUST0085,Riya Das,North,Jaipur,Fashion,Backpack,484.13,1,5.0,484.13,24.21,459.92,Credit Card,False,4.0
ORD103863,2025-02-25,CUST0845,Sanjay Kumar,North,Lucknow,Electronics,Smartwatch,42223.04,1,5.0,42223.04,2111.15,40111.89,Net Banking,False,4.0
ORD101776,2025-02-25,CUST0192,Diya Bose,West,Mumbai,Home & Kitchen,Water Purifier,4441.61,3,10.0,13324.83,1332.48,11992.35,Debit Card,False,4.0
ORD101599,2025-02-25,CUST0690,Ananya Verma,East,Guwahati,Home & Kitchen,Non-Stick Cookware Set,12133.98,1,0.0,12133.98,0.0,12133.98,Credit Card,False,4.0
ORD104934,2025-02-25,CUST0780,Rahul Mukherjee,North,Delhi,Sports & Fitness,Yoga Mat,5231.87,1,0.0,5231.87,0.0,5231.87,UPI,True,5.0
ORD103620,2025-02-25,CUST0331,Diya Sharma,West,Ahmedabad,Sports & Fitness,Fitness Band,5142.69,1,10.0,5142.69,514.27,4628.42,Credit Card,False,5.0
ORD101836,2025-02-26,CUST0356,Vihaan Singh,West,Pune,Fashion,Backpack,4197.82,1,5.0,4197.82,209.89,3987.93,Debit Card,False,3.0
ORD100319,2025-02-26,CUST0417,Tara Desai,East,Kolkata,Sports & Fitness,Resistance Bands,6179.84,1,0.0,6179.84,0.0,6179.84,Debit Card,False,3.0
ORD104002,2025-02-26,CUST0285,Divya Joshi,North,Jaipur,Fashion,Wrist Watch,3366.98,1,0.0,3366.98,0.0,3366.98,Debit Card,False,5.0
ORD100519,2025-02-26,CUST0145,Lakshmi Das,North,Lucknow,Home & Kitchen,Mixer Grinder,7235.74,1,0.0,7235.74,0.0,7235.74,UPI,False,5.0
ORD100986,2025-02-26,CUST0417,Tara Desai,East,Kolkata,Beauty & Personal Care,Face Serum,1050.91,1,5.0,1050.91,52.55,998.36,Credit Card,False,3.0
ORD105376,2025-02-26,CUST0383,Meera Reddy,South,Hyderabad,Electronics,Bluetooth Speaker,28809.22,1,0.0,28809.22,0.0,28809.22,Credit Card,False,2.0
ORD103849,2025-02-26,CUST0386,Nisha Pillai,North,Lucknow,Beauty & Personal Care,Hair Dryer,628.99,1,15.0,628.99,94.35,534.64,Credit Card,False,4.0
ORD103894,2025-02-26,CUST0597,Shreya Nair,North,Lucknow,Sports & Fitness,Fitness Band,2713.92,1,0.0,2713.92,0.0,2713.92,UPI,False,4.0
ORD100970,2025-02-27,CUST0806,Neha Patel,West,Mumbai,Fashion,Backpack,4819.41,3,5.0,14458.23,722.91,13735.32,Net Banking,False,5.0
ORD104585,2025-02-27,CUST0302,Ramesh Chopra,West,Mumbai,Fashion,Denim Jacket,2304.82,1,20.0,2304.82,460.96,1843.86,Cash on Delivery,False,3.0
ORD102278,2025-02-27,CUST0470,Vihaan Verma,South,Kochi,Beauty & Personal Care,Face Serum,2963.76,1,0.0,2963.76,0.0,2963.76,Debit Card,False,2.0
ORD104418,2025-02-27,CUST0450,Swati Singh,East,Kolkata,Home & Kitchen,Mixer Grinder,4110.53,1,0.0,4110.53,0.0,4110.53,Cash on Delivery,False,3.0
ORD102961,2025-02-27,CUST0445,Rahul Reddy,West,Mumbai,Home & Kitchen,Vacuum Cleaner,7273.96,1,0.0,7273.96,0.0,7273.96,Net Banking,False,4.0
ORD102244,2025-02-27,CUST0787,Karthik Joshi,North,Chandigarh,Fashion,Wrist Watch,4966.31,1,0.0,4966.31,0.0,4966.31,Cash on Delivery,False,5.0
ORD102313,2025-02-27,CUST0396,Lakshmi Rao,North,Lucknow,Home & Kitchen,Non-Stick Cookware Set,6800.99,1,0.0,6800.99,0.0,6800.99,Net Banking,False,3.0
ORD104121,2025-02-27,CUST0685,Aditya Patel,North,Lucknow,Beauty & Personal Care,Face Serum,427.98,1,10.0,427.98,42.8,385.18,Debit Card,False,4.0
ORD100530,2025-02-27,CUST0284,Lakshmi Nair,West,Pune,Home & Kitchen,Air Fryer,11396.25,2,0.0,22792.5,0.0,22792.5,Debit Card,False,5.0
ORD100719,2025-02-28,CUST0751,Kavya Desai,North,Delhi,Sports & Fitness,Resistance Bands,5979.04,1,5.0,5979.04,298.95,5680.09,Credit Card,False,3.0
ORD100544,2025-02-28,CUST0343,Vikram Kapoor,East,Patna,Fashion,Denim Jacket,2852.41,2,5.0,5704.82,285.24,5419.58,UPI,False,1.0
ORD101820,2025-02-28,CUST0534,Krishna Gupta,West,Surat,Sports & Fitness,Fitness Band,7714.99,1,0.0,7714.99,0.0,7714.99,UPI,False,4.0
ORD102166,2025-02-28,CUST0343,Vikram Kapoor,East,Patna,Sports & Fitness,Resistance Bands,2628.33,2,10.0,5256.66,525.67,4730.99,Credit Card,False,4.0
ORD101851,2025-02-28,CUST0449,Anil Mukherjee,North,Chandigarh,Fashion,Backpack,3063.92,1,10.0,3063.92,306.39,2757.53,Net Banking,False,5.0
ORD103171,2025-02-28,CUST0018,Nisha Mukherjee,West,Surat,Beauty & Personal Care,Trimmer,1151.33,1,5.0,1151.33,57.57,1093.76,Debit Card,False,5.0
ORD102338,2025-03-01,CUST0798,Deepak Gupta,West,Surat,Sports & Fitness,Resistance Bands,6909.68,2,0.0,13819.36,0.0,13819.36,Net Banking,False,4.0
ORD105038,2025-03-01,CUST0315,Rahul Bose,East,Kolkata,Beauty & Personal Care,Hair Dryer,660.47,1,0.0,660.47,0.0,660.47,UPI,False,4.0
ORD102632,2025-03-01,CUST0461,Aditya Gupta,North,Delhi,Beauty & Personal Care,Perfume,2134.12,1,0.0,2134.12,0.0,2134.12,Net Banking,False,4.0
ORD100714,2025-03-01,CUST0158,Swati Sharma,North,Lucknow,Sports & Fitness,Resistance Bands,5199.85,1,0.0,5199.85,0.0,5199.85,Credit Card,False,2.0
ORD101121,2025-03-01,CUST0545,Divya Malhotra,North,Jaipur,Beauty & Personal Care,Skincare Kit,498.96,3,0.0,1496.88,0.0,1496.88,Credit Card,True,5.0
ORD100539,2025-03-01,CUST0485,Rohan Singh,West,Ahmedabad,Sports & Fitness,Cycling Helmet,6869.22,1,0.0,6869.22,0.0,6869.22,UPI,False,4.0
ORD102270,2025-03-01,CUST0728,Pooja Verma,North,Lucknow,Sports & Fitness,Cycling Helmet,7330.78,2,15.0,14661.56,2199.23,12462.33,Net Banking,False,3.0
ORD104759,2025-03-02,CUST0258,Reyansh Malhotra,West,Mumbai,Beauty & Personal Care,Perfume,1411.04,1,0.0,1411.04,0.0,1411.04,Net Banking,False,5.0
ORD104183,2025-03-02,CUST0477,Meera Singh,South,Hyderabad,Beauty & Personal Care,Skincare Kit,2195.72,1,15.0,2195.72,329.36,1866.36,Debit Card,False,5.0
ORD101141,2025-03-02,CUST0060,Deepak Kumar,East,Guwahati,Home & Kitchen,Non-Stick Cookware Set,12101.43,1,0.0,12101.43,0.0,12101.43,Cash on Delivery,False,5.0
ORD103982,2025-03-02,CUST0827,Shreya Gupta,North,Chandigarh,Home & Kitchen,Mixer Grinder,7973.14,1,0.0,7973.14,0.0,7973.14,Credit Card,False,4.0
ORD103577,2025-03-02,CUST0242,Naveen Malhotra,West,Pune,Home & Kitchen,Air Fryer,1446.96,1,0.0,1446.96,0.0,1446.96,UPI,False,3.0
ORD103685,2025-03-02,CUST0501,Suresh Sharma,North,Delhi,Electronics,Bluetooth Speaker,19840.33,1,0.0,19840.33,0.0,19840.33,Credit Card,False,4.0
ORD103060,2025-03-02,CUST0617,Suresh Reddy,South,Chennai,Fashion,Backpack,4109.5,1,0.0,4109.5,0.0,4109.5,UPI,False,1.0
ORD102165,2025-03-03,CUST0221,Divya Das,North,Lucknow,Beauty & Personal Care,Perfume,1152.56,1,0.0,1152.56,0.0,1152.56,Cash on Delivery,False,5.0
ORD104906,2025-03-03,CUST0744,Ananya Verma,North,Delhi,Beauty & Personal Care,Perfume,941.07,1,0.0,941.07,0.0,941.07,UPI,False,4.0
ORD105034,2025-03-03,CUST0502,Lakshmi Malhotra,East,Guwahati,Beauty & Personal Care,Face Serum,319.48,1,0.0,319.48,0.0,319.48,UPI,False,5.0
ORD101618,2025-03-03,CUST0821,Saanvi Rao,West,Ahmedabad,Fashion,Sunglasses,3658.8,2,0.0,7317.6,0.0,7317.6,Debit Card,False,3.0
ORD100624,2025-03-03,CUST0490,Swati Mukherjee,North,Lucknow,Electronics,Smartwatch,35240.79,1,0.0,35240.79,0.0,35240.79,Credit Card,False,5.0
ORD103941,2025-03-03,CUST0588,Vivaan Menon,South,Bengaluru,Electronics,Smartphone,10155.46,1,0.0,10155.46,0.0,10155.46,Net Banking,False,4.0
ORD102339,2025-03-03,CUST0379,Reyansh Iyer,West,Mumbai,Sports & Fitness,Cycling Helmet,4954.97,1,15.0,4954.97,743.25,4211.72,Credit Card,False,5.0
ORD103079,2025-03-03,CUST0826,Divya Kapoor,West,Ahmedabad,Sports & Fitness,Fitness Band,7177.24,1,10.0,7177.24,717.72,6459.52,Net Banking,False,4.0
ORD104149,2025-03-03,CUST0333,Suresh Kapoor,West,Mumbai,Beauty & Personal Care,Skincare Kit,2176.27,1,0.0,2176.27,0.0,2176.27,UPI,False,5.0
ORD103016,2025-03-03,CUST0401,Vihaan Menon,West,Surat,Electronics,Wireless Earbuds,18384.69,1,25.0,18384.69,4596.17,13788.52,Credit Card,False,4.0
ORD101792,2025-03-04,CUST0162,Anil Chopra,South,Bengaluru,Beauty & Personal Care,Skincare Kit,341.6,1,10.0,341.6,34.16,307.44,UPI,False,5.0
ORD100656,2025-03-04,CUST0248,Rahul Nair,North,Jaipur,Electronics,Wireless Earbuds,22936.81,1,10.0,22936.81,2293.68,20643.13,UPI,False,4.0
ORD100195,2025-03-04,CUST0434,Vikram Rao,West,Mumbai,Electronics,Smartphone,24537.27,1,5.0,24537.27,1226.86,23310.41,Debit Card,False,2.0
ORD103686,2025-03-04,CUST0226,Ananya Nair,East,Kolkata,Sports & Fitness,Dumbbell Set,4422.3,1,0.0,4422.3,0.0,4422.3,Debit Card,True,4.0
ORD100489,2025-03-04,CUST0239,Kiran Pillai,East,Patna,Beauty & Personal Care,Trimmer,1731.14,1,5.0,1731.14,86.56,1644.58,Net Banking,False,3.0
ORD103481,2025-03-04,CUST0424,Aditya Sharma,East,Guwahati,Fashion,Sunglasses,4489.03,1,10.0,4489.03,448.9,4040.13,UPI,False,3.0
ORD102622,2025-03-04,CUST0373,Divya Desai,West,Mumbai,Home & Kitchen,Mixer Grinder,2923.76,1,10.0,2923.76,292.38,2631.38,Debit Card,False,5.0
ORD103953,2025-03-04,CUST0413,Ananya Singh,East,Bhubaneswar,Electronics,Smartwatch,28659.6,2,0.0,57319.2,0.0,57319.2,Credit Card,True,3.0
ORD105734,2025-03-05,CUST0736,Karthik Mukherjee,South,Chennai,Sports & Fitness,Cycling Helmet,2964.08,1,0.0,2964.08,0.0,2964.08,Debit Card,False,4.0
ORD105918,2025-03-05,CUST0484,Zara Menon,West,Surat,Sports & Fitness,Fitness Band,560.64,1,20.0,560.64,112.13,448.51,UPI,False,5.0
ORD103727,2025-03-05,CUST0413,Ananya Singh,East,Bhubaneswar,Sports & Fitness,Dumbbell Set,416.06,1,0.0,416.06,0.0,416.06,Credit Card,False,4.0
ORD101904,2025-03-05,CUST0655,Vihaan Mukherjee,South,Kochi,Fashion,Running Shoes,927.23,1,0.0,927.23,0.0,927.23,UPI,False,5.0
ORD101070,2025-03-05,CUST0039,Aarav Gupta,East,Bhubaneswar,Sports & Fitness,Yoga Mat,1979.95,1,0.0,1979.95,0.0,1979.95,UPI,False,4.0
ORD101163,2025-03-06,CUST0492,Swati Menon,North,Jaipur,Electronics,Wireless Earbuds,19326.76,1,0.0,19326.76,0.0,19326.76,Credit Card,False,5.0
ORD104694,2025-03-06,CUST0462,Krishna Kumar,West,Ahmedabad,Home & Kitchen,Water Purifier,5229.38,1,10.0,5229.38,522.94,4706.44,Credit Card,False,5.0
ORD105691,2025-03-06,CUST0180,Priya Chopra,North,Jaipur,Sports & Fitness,Cycling Helmet,4656.38,1,0.0,4656.38,0.0,4656.38,UPI,False,4.0
ORD102692,2025-03-06,CUST0197,Priya Bose,South,Hyderabad,Home & Kitchen,Air Fryer,8592.61,2,10.0,17185.22,1718.52,15466.7,UPI,False,2.0
ORD105222,2025-03-06,CUST0787,Karthik Joshi,North,Chandigarh,Electronics,Laptop,47149.46,1,0.0,47149.46,0.0,47149.46,Credit Card,False,5.0
ORD105898,2025-03-06,CUST0670,Sneha Patel,North,Lucknow,Home & Kitchen,Mixer Grinder,11611.43,2,10.0,23222.86,2322.29,20900.57,UPI,False,1.0
ORD102164,2025-03-06,CUST0277,Aditya Chopra,West,Mumbai,Beauty & Personal Care,Perfume,1263.82,1,10.0,1263.82,126.38,1137.44,UPI,False,5.0
ORD103949,2025-03-06,CUST0732,Zara Nair,South,Chennai,Electronics,Smartwatch,33190.96,1,5.0,33190.96,1659.55,31531.41,UPI,False,1.0
ORD102575,2025-03-06,CUST0535,Aditya Kumar,North,Jaipur,Electronics,Smartphone,8837.89,1,25.0,8837.89,2209.47,6628.42,UPI,False,5.0
ORD104201,2025-03-06,CUST0561,Lakshmi Rao,East,Kolkata,Home & Kitchen,Air Fryer,9569.86,1,10.0,9569.86,956.99,8612.87,Cash on Delivery,False,3.0
ORD103723,2025-03-06,CUST0637,Swati Pillai,North,Jaipur,Beauty & Personal Care,Hair Dryer,3400.63,1,5.0,3400.63,170.03,3230.6,Debit Card,False,5.0
ORD101707,2025-03-07,CUST0413,Ananya Singh,East,Bhubaneswar,Sports & Fitness,Resistance Bands,560.17,1,0.0,560.17,0.0,560.17,UPI,False,5.0
ORD102005,2025-03-07,CUST0284,Lakshmi Nair,West,Pune,Beauty & Personal Care,Face Serum,2674.83,1,15.0,2674.83,401.22,2273.61,Credit Card,False,5.0
ORD101463,2025-03-07,CUST0450,Swati Singh,East,Kolkata,Sports & Fitness,Fitness Band,6161.65,1,5.0,6161.65,308.08,5853.57,Net Banking,False,5.0
ORD100940,2025-03-07,CUST0302,Ramesh Chopra,West,Mumbai,Electronics,Bluetooth Speaker,19649.61,1,5.0,19649.61,982.48,18667.13,Debit Card,False,3.0
ORD100612,2025-03-07,CUST0846,Kavya Malhotra,West,Surat,Fashion,Sunglasses,2354.37,1,5.0,2354.37,117.72,2236.65,UPI,False,2.0
ORD102153,2025-03-07,CUST0177,Pooja Desai,North,Chandigarh,Fashion,Denim Jacket,3552.03,1,5.0,3552.03,177.6,3374.43,Net Banking,False,2.0
ORD100648,2025-03-07,CUST0288,Neha Sharma,East,Guwahati,Sports & Fitness,Fitness Band,4767.36,1,10.0,4767.36,476.74,4290.62,UPI,False,5.0
ORD105562,2025-03-07,CUST0440,Divya Sharma,North,Chandigarh,Electronics,Wireless Earbuds,27092.04,1,0.0,27092.04,0.0,27092.04,Cash on Delivery,False,5.0
ORD101705,2025-03-07,CUST0027,Vivaan Rao,South,Kochi,Beauty & Personal Care,Hair Dryer,1440.5,1,5.0,1440.5,72.03,1368.47,Net Banking,False,5.0
ORD100429,2025-03-08,CUST0770,Vikram Iyer,South,Hyderabad,Sports & Fitness,Yoga Mat,6228.94,2,5.0,12457.88,622.89,11834.99,UPI,False,5.0
ORD103040,2025-03-08,CUST0428,Vivaan Chopra,South,Hyderabad,Beauty & Personal Care,Skincare Kit,2900.45,1,0.0,2900.45,0.0,2900.45,Credit Card,False,5.0
ORD100557,2025-03-08,CUST0708,Anil Kumar,South,Chennai,Sports & Fitness,Cycling Helmet,4474.97,2,10.0,8949.94,894.99,8054.95,Credit Card,False,2.0
ORD103000,2025-03-08,CUST0413,Ananya Singh,East,Bhubaneswar,Fashion,Wrist Watch,2958.5,1,25.0,2958.5,739.62,2218.88,Net Banking,False,4.0
ORD101375,2025-03-08,CUST0256,Rohan Pillai,East,Patna,Electronics,Laptop,45134.28,1,20.0,45134.28,9026.86,36107.42,UPI,False,3.0
ORD105004,2025-03-09,CUST0442,Ananya Patel,West,Mumbai,Fashion,Sunglasses,3147.57,1,5.0,3147.57,157.38,2990.19,Debit Card,False,5.0
ORD102643,2025-03-09,CUST0222,Deepak Singh,North,Jaipur,Beauty & Personal Care,Skincare Kit,2959.58,1,5.0,2959.58,147.98,2811.6,Debit Card,False,2.0
ORD100395,2025-03-09,CUST0669,Rohan Menon,South,Kochi,Electronics,Smartwatch,14612.09,1,5.0,14612.09,730.6,13881.49,Cash on Delivery,False,5.0
ORD102420,2025-03-09,CUST0418,Shreya Desai,South,Kochi,Electronics,Laptop,27648.58,1,5.0,27648.58,1382.43,26266.15,Credit Card,False,4.0
ORD103021,2025-03-09,CUST0039,Aarav Gupta,East,Bhubaneswar,Sports & Fitness,Cycling Helmet,6433.51,1,0.0,6433.51,0.0,6433.51,UPI,False,5.0
ORD105750,2025-03-09,CUST0371,Riya Nair,East,Bhubaneswar,Fashion,Backpack,494.81,1,5.0,494.81,24.74,470.07,UPI,False,4.0
ORD100978,2025-03-09,CUST0489,Diya Chopra,West,Ahmedabad,Fashion,Sunglasses,5238.94,1,0.0,5238.94,0.0,5238.94,Credit Card,False,2.0
ORD102298,2025-03-10,CUST0685,Aditya Patel,North,Lucknow,Home & Kitchen,Mixer Grinder,5240.37,1,0.0,5240.37,0.0,5240.37,UPI,False,2.0
ORD105717,2025-03-10,CUST0422,Ananya Nair,North,Lucknow,Beauty & Personal Care,Skincare Kit,3338.83,1,0.0,3338.83,0.0,3338.83,UPI,False,4.0
ORD105763,2025-03-10,CUST0779,Riya Singh,North,Chandigarh,Beauty & Personal Care,Hair Dryer,3054.84,1,0.0,3054.84,0.0,3054.84,UPI,False,2.0
ORD101174,2025-03-10,CUST0665,Isha Verma,East,Guwahati,Beauty & Personal Care,Face Serum,1338.35,1,0.0,1338.35,0.0,1338.35,Net Banking,False,5.0
ORD103993,2025-03-10,CUST0277,Aditya Chopra,West,Mumbai,Electronics,Smartphone,42053.43,1,0.0,42053.43,0.0,42053.43,Credit Card,False,2.0
ORD103250,2025-03-10,CUST0080,Vikram Kapoor,North,Lucknow,Sports & Fitness,Dumbbell Set,710.78,1,10.0,710.78,71.08,639.7,Net Banking,False,5.0
ORD103510,2025-03-10,CUST0137,Rahul Sharma,East,Guwahati,Fashion,Running Shoes,1646.16,1,0.0,1646.16,0.0,1646.16,Net Banking,False,5.0
ORD102535,2025-03-10,CUST0327,Swati Verma,South,Chennai,Fashion,Wrist Watch,1457.21,1,15.0,1457.21,218.58,1238.63,UPI,False,5.0
ORD103278,2025-03-10,CUST0406,Vikram Rao,North,Lucknow,Beauty & Personal Care,Perfume,1094.64,1,0.0,1094.64,0.0,1094.64,UPI,False,5.0
ORD101068,2025-03-10,CUST0205,Tara Sharma,West,Ahmedabad,Electronics,Laptop,5246.23,1,0.0,5246.23,0.0,5246.23,Debit Card,True,5.0
ORD104962,2025-03-10,CUST0022,Reyansh Pillai,East,Guwahati,Beauty & Personal Care,Skincare Kit,3344.05,2,0.0,6688.1,0.0,6688.1,Net Banking,False,5.0
ORD100572,2025-03-11,CUST0647,Ramesh Das,North,Jaipur,Fashion,Wrist Watch,4957.43,1,5.0,4957.43,247.87,4709.56,Cash on Delivery,False,5.0
ORD103535,2025-03-11,CUST0014,Naveen Bose,North,Chandigarh,Beauty & Personal Care,Hair Dryer,3255.55,1,0.0,3255.55,0.0,3255.55,Credit Card,False,2.0
ORD105616,2025-03-11,CUST0039,Aarav Gupta,East,Bhubaneswar,Beauty & Personal Care,Hair Dryer,2205.79,1,0.0,2205.79,0.0,2205.79,Debit Card,True,4.0
ORD102230,2025-03-11,CUST0144,Sai Iyer,South,Bengaluru,Home & Kitchen,Air Fryer,8700.82,1,10.0,8700.82,870.08,7830.74,Credit Card,False,3.0
ORD105808,2025-03-11,CUST0406,Vikram Rao,North,Lucknow,Fashion,Denim Jacket,674.57,1,5.0,674.57,33.73,640.84,Credit Card,False,5.0
ORD103772,2025-03-11,CUST0452,Kavya Joshi,North,Chandigarh,Beauty & Personal Care,Hair Dryer,3407.23,2,15.0,6814.46,1022.17,5792.29,Credit Card,False,4.0
ORD101537,2025-03-11,CUST0828,Diya Das,East,Guwahati,Sports & Fitness,Resistance Bands,7538.07,2,15.0,15076.14,2261.42,12814.72,UPI,False,5.0
ORD103536,2025-03-11,CUST0139,Shreya Reddy,South,Bengaluru,Home & Kitchen,Mixer Grinder,8590.18,1,0.0,8590.18,0.0,8590.18,Credit Card,False,3.0
ORD103522,2025-03-11,CUST0262,Arjun Reddy,East,Patna,Electronics,Bluetooth Speaker,30202.71,1,10.0,30202.71,3020.27,27182.44,Credit Card,False,5.0
ORD101286,2025-03-11,CUST0056,Aarav Reddy,West,Mumbai,Fashion,Denim Jacket,5206.18,1,0.0,5206.18,0.0,5206.18,UPI,False,4.0
ORD100630,2025-03-12,CUST0004,Tara Menon,North,Chandigarh,Fashion,Backpack,4065.94,1,0.0,4065.94,0.0,4065.94,UPI,False,5.0
ORD100877,2025-03-12,CUST0439,Diya Iyer,West,Surat,Sports & Fitness,Fitness Band,6265.37,1,0.0,6265.37,0.0,6265.37,Credit Card,False,4.0
ORD102422,2025-03-12,CUST0060,Deepak Kumar,East,Guwahati,Sports & Fitness,Dumbbell Set,438.26,1,0.0,438.26,0.0,438.26,UPI,False,5.0
ORD100107,2025-03-12,CUST0647,Ramesh Das,North,Jaipur,Beauty & Personal Care,Trimmer,696.24,1,5.0,696.24,34.81,661.43,Debit Card,False,5.0
ORD105522,2025-03-12,CUST0468,Shreya Reddy,West,Mumbai,Sports & Fitness,Dumbbell Set,1802.95,1,0.0,1802.95,0.0,1802.95,Debit Card,False,4.0
ORD100510,2025-03-12,CUST0235,Sanjay Das,South,Chennai,Beauty & Personal Care,Face Serum,3093.53,2,0.0,6187.06,0.0,6187.06,Credit Card,False,2.0
ORD103475,2025-03-12,CUST0032,Neha Bose,West,Ahmedabad,Fashion,Running Shoes,5183.57,1,15.0,5183.57,777.54,4406.03,UPI,False,2.0
ORD104511,2025-03-12,CUST0365,Sneha Das,South,Hyderabad,Fashion,Backpack,2318.09,1,20.0,2318.09,463.62,1854.47,UPI,True,5.0
ORD104589,2025-03-12,CUST0837,Kiran Rao,North,Delhi,Fashion,Wrist Watch,1907.5,1,0.0,1907.5,0.0,1907.5,UPI,False,3.0
ORD105781,2025-03-12,CUST0315,Rahul Bose,East,Kolkata,Electronics,Laptop,50845.01,2,10.0,101690.02,10169.0,91521.02,UPI,False,2.0
ORD104480,2025-03-12,CUST0525,Sanjay Joshi,North,Chandigarh,Beauty & Personal Care,Perfume,2893.0,1,0.0,2893.0,0.0,2893.0,Credit Card,False,1.0
ORD100398,2025-03-12,CUST0702,Manish Chopra,West,Surat,Fashion,Running Shoes,5079.2,3,0.0,15237.6,0.0,15237.6,Net Banking,False,4.0
ORD101761,2025-03-13,CUST0640,Saanvi Sharma,North,Chandigarh,Electronics,Smartwatch,5836.11,1,5.0,5836.11,291.81,5544.3,UPI,False,4.0
ORD102847,2025-03-13,CUST0819,Kiran Chopra,West,Pune,Electronics,Laptop,19898.35,1,0.0,19898.35,0.0,19898.35,Cash on Delivery,True,5.0
ORD105615,2025-03-13,CUST0416,Deepak Nair,South,Chennai,Home & Kitchen,Air Fryer,11505.27,1,10.0,11505.27,1150.53,10354.74,Cash on Delivery,False,5.0
ORD102798,2025-03-13,CUST0208,Vikram Bose,East,Kolkata,Home & Kitchen,Water Purifier,14860.54,3,5.0,44581.62,2229.08,42352.54,Credit Card,True,2.0
ORD105914,2025-03-13,CUST0301,Naveen Bose,East,Patna,Home & Kitchen,Water Purifier,7314.37,1,0.0,7314.37,0.0,7314.37,Debit Card,False,
ORD100137,2025-03-13,CUST0396,Lakshmi Rao,North,Lucknow,Sports & Fitness,Dumbbell Set,6404.87,2,25.0,12809.74,3202.44,9607.3,Net Banking,False,5.0
ORD101581,2025-03-14,CUST0790,Pooja Kapoor,West,Mumbai,Beauty & Personal Care,Skincare Kit,2547.1,2,0.0,5094.2,0.0,5094.2,UPI,False,4.0
ORD104726,2025-03-14,CUST0575,Sneha Reddy,South,Bengaluru,Fashion,Sunglasses,5146.09,1,15.0,5146.09,771.91,4374.18,UPI,False,3.0
ORD105651,2025-03-14,CUST0462,Krishna Kumar,West,Ahmedabad,Sports & Fitness,Dumbbell Set,4295.68,1,0.0,4295.68,0.0,4295.68,Debit Card,False,1.0
ORD104548,2025-03-14,CUST0085,Riya Das,North,Jaipur,Home & Kitchen,Non-Stick Cookware Set,5377.23,2,15.0,10754.46,1613.17,9141.29,UPI,False,3.0
ORD102779,2025-03-14,CUST0048,Diya Verma,East,Patna,Fashion,Sunglasses,5395.49,1,0.0,5395.49,0.0,5395.49,Debit Card,False,3.0
ORD100766,2025-03-15,CUST0762,Anil Pillai,East,Bhubaneswar,Beauty & Personal Care,Face Serum,2643.61,2,0.0,5287.22,0.0,5287.22,UPI,False,5.0
ORD103512,2025-03-15,CUST0677,Saanvi Das,West,Surat,Beauty & Personal Care,Hair Dryer,2499.57,1,15.0,2499.57,374.94,2124.63,Net Banking,False,5.0
ORD100281,2025-03-15,CUST0208,Vikram Bose,East,Kolkata,Fashion,Backpack,2214.28,1,0.0,2214.28,0.0,2214.28,Credit Card,False,4.0
ORD100655,2025-03-15,CUST0609,Lakshmi Pillai,North,Chandigarh,Beauty & Personal Care,Face Serum,1806.83,1,0.0,1806.83,0.0,1806.83,UPI,False,4.0
ORD102704,2025-03-15,CUST0461,Aditya Gupta,North,Delhi,Fashion,Denim Jacket,1771.97,1,0.0,1771.97,0.0,1771.97,UPI,False,4.0
ORD101336,2025-03-15,CUST0003,Krishna Gupta,South,Bengaluru,Fashion,Running Shoes,1924.07,1,0.0,1924.07,0.0,1924.07,Credit Card,False,4.0
ORD103846,2025-03-16,CUST0238,Tara Das,North,Jaipur,Fashion,Running Shoes,2564.33,1,5.0,2564.33,128.22,2436.11,Cash on Delivery,False,5.0
ORD104899,2025-03-16,CUST0407,Vivaan Desai,North,Delhi,Beauty & Personal Care,Skincare Kit,1393.07,1,0.0,1393.07,0.0,1393.07,UPI,False,5.0
ORD100076,2025-03-16,CUST0820,Krishna Joshi,East,Bhubaneswar,Electronics,Laptop,42062.18,1,10.0,42062.18,4206.22,37855.96,Credit Card,True,3.0
ORD103622,2025-03-16,CUST0449,Anil Mukherjee,North,Chandigarh,Sports & Fitness,Resistance Bands,503.45,2,0.0,1006.9,0.0,1006.9,UPI,False,4.0
ORD102037,2025-03-16,CUST0660,Vikram Nair,South,Chennai,Sports & Fitness,Fitness Band,7407.75,1,10.0,7407.75,740.78,6666.97,UPI,False,5.0
ORD104959,2025-03-16,CUST0256,Rohan Pillai,East,Patna,Beauty & Personal Care,Trimmer,1252.14,1,0.0,1252.14,0.0,1252.14,UPI,False,3.0
ORD102265,2025-03-16,CUST0321,Rohan Joshi,North,Chandigarh,Home & Kitchen,Non-Stick Cookware Set,10696.52,2,5.0,21393.04,1069.65,20323.39,Cash on Delivery,False,5.0
ORD102347,2025-03-16,CUST0545,Divya Malhotra,North,Jaipur,Beauty & Personal Care,Trimmer,798.93,1,0.0,798.93,0.0,798.93,Cash on Delivery,False,4.0
ORD105889,2025-03-16,CUST0798,Deepak Gupta,West,Surat,Electronics,Smartwatch,4722.78,1,10.0,4722.78,472.28,4250.5,UPI,False,4.0
ORD103302,2025-03-17,CUST0755,Naveen Kapoor,North,Lucknow,Electronics,Wireless Earbuds,35760.22,1,0.0,35760.22,0.0,35760.22,UPI,False,3.0
ORD103574,2025-03-17,CUST0609,Lakshmi Pillai,North,Chandigarh,Home & Kitchen,Air Fryer,7248.11,1,10.0,7248.11,724.81,6523.3,Credit Card,False,5.0
ORD101226,2025-03-17,CUST0438,Ishaan Verma,West,Ahmedabad,Electronics,Bluetooth Speaker,48716.44,3,10.0,146149.32,14614.93,131534.39,Credit Card,False,5.0
ORD104847,2025-03-17,CUST0354,Neha Menon,East,Guwahati,Beauty & Personal Care,Hair Dryer,2067.3,1,0.0,2067.3,0.0,2067.3,UPI,False,5.0
ORD102971,2025-03-17,CUST0806,Neha Patel,West,Mumbai,Fashion,Backpack,3459.49,1,10.0,3459.49,345.95,3113.54,Credit Card,False,5.0
ORD103149,2025-03-17,CUST0219,Diya Malhotra,West,Ahmedabad,Beauty & Personal Care,Perfume,1289.05,1,0.0,1289.05,0.0,1289.05,Credit Card,False,5.0
ORD105111,2025-03-18,CUST0533,Vihaan Sharma,East,Bhubaneswar,Fashion,Sunglasses,5046.8,1,0.0,5046.8,0.0,5046.8,Net Banking,False,4.0
ORD103612,2025-03-18,CUST0540,Aarav Iyer,West,Surat,Beauty & Personal Care,Skincare Kit,3274.72,1,10.0,3274.72,327.47,2947.25,Credit Card,False,5.0
ORD100717,2025-03-18,CUST0712,Rohan Menon,North,Delhi,Electronics,Smartwatch,31620.86,1,5.0,31620.86,1581.04,30039.82,Credit Card,False,4.0
ORD100147,2025-03-18,CUST0374,Meera Kapoor,East,Kolkata,Home & Kitchen,Non-Stick Cookware Set,1320.05,1,0.0,1320.05,0.0,1320.05,Net Banking,False,5.0
ORD101968,2025-03-18,CUST0350,Sneha Rao,West,Ahmedabad,Beauty & Personal Care,Hair Dryer,3082.89,1,10.0,3082.89,308.29,2774.6,Net Banking,False,3.0
ORD105418,2025-03-18,CUST0259,Isha Singh,East,Patna,Sports & Fitness,Cycling Helmet,5221.45,1,0.0,5221.45,0.0,5221.45,UPI,False,2.0
ORD101124,2025-03-18,CUST0414,Deepak Joshi,East,Patna,Fashion,Wrist Watch,4368.18,1,0.0,4368.18,0.0,4368.18,UPI,False,4.0
ORD104493,2025-03-19,CUST0120,Manisha Singh,West,Pune,Electronics,Wireless Earbuds,42005.63,1,0.0,42005.63,0.0,42005.63,Credit Card,False,2.0
ORD104131,2025-03-19,CUST0330,Aditya Mukherjee,West,Pune,Home & Kitchen,Mixer Grinder,10646.08,1,0.0,10646.08,0.0,10646.08,Cash on Delivery,False,4.0
ORD104393,2025-03-19,CUST0065,Suresh Gupta,North,Lucknow,Beauty & Personal Care,Hair Dryer,3079.36,1,10.0,3079.36,307.94,2771.42,Debit Card,False,5.0
ORD100212,2025-03-19,CUST0157,Vivaan Das,North,Lucknow,Electronics,Laptop,17115.26,2,15.0,34230.52,5134.58,29095.94,UPI,False,4.0
ORD105949,2025-03-19,CUST0124,Saanvi Verma,North,Jaipur,Electronics,Wireless Earbuds,23845.18,1,0.0,23845.18,0.0,23845.18,UPI,True,1.0
ORD105794,2025-03-19,CUST0060,Deepak Kumar,East,Guwahati,Home & Kitchen,Water Purifier,5245.76,1,0.0,5245.76,0.0,5245.76,Debit Card,False,4.0
ORD101464,2025-03-19,CUST0698,Swati Chopra,West,Pune,Sports & Fitness,Resistance Bands,4980.86,1,0.0,4980.86,0.0,4980.86,Cash on Delivery,False,2.0
ORD102804,2025-03-19,CUST0059,Meera Kapoor,West,Pune,Sports & Fitness,Yoga Mat,2758.06,1,0.0,2758.06,0.0,2758.06,UPI,False,5.0
ORD101734,2025-03-19,CUST0076,Aditya Gupta,North,Jaipur,Electronics,Smartwatch,9862.79,1,25.0,9862.79,2465.7,7397.09,Cash on Delivery,False,5.0
ORD101536,2025-03-19,CUST0345,Riya Reddy,East,Bhubaneswar,Sports & Fitness,Fitness Band,3802.63,1,0.0,3802.63,0.0,3802.63,Debit Card,True,5.0
ORD102634,2025-03-19,CUST0182,Riya Joshi,North,Delhi,Fashion,Backpack,782.19,2,10.0,1564.38,156.44,1407.94,UPI,False,5.0
ORD102414,2025-03-20,CUST0542,Lakshmi Iyer,North,Lucknow,Beauty & Personal Care,Trimmer,2081.93,1,15.0,2081.93,312.29,1769.64,UPI,False,4.0
ORD104281,2025-03-20,CUST0812,Vihaan Rao,West,Pune,Beauty & Personal Care,Hair Dryer,900.0,1,0.0,900.0,0.0,900.0,Cash on Delivery,False,5.0
ORD104254,2025-03-20,CUST0270,Nisha Kumar,North,Chandigarh,Electronics,Smartwatch,1783.34,1,15.0,1783.34,267.5,1515.84,Credit Card,False,5.0
ORD102105,2025-03-20,CUST0334,Lakshmi Malhotra,South,Kochi,Fashion,Sunglasses,5942.48,1,25.0,5942.48,1485.62,4456.86,Credit Card,False,5.0
ORD103092,2025-03-20,CUST0687,Diya Kumar,South,Chennai,Home & Kitchen,Mixer Grinder,2480.46,1,0.0,2480.46,0.0,2480.46,Credit Card,False,4.0
ORD105868,2025-03-20,CUST0105,Nisha Mukherjee,East,Patna,Fashion,Sunglasses,1336.32,1,0.0,1336.32,0.0,1336.32,Net Banking,False,4.0
ORD103169,2025-03-20,CUST0789,Riya Pillai,North,Lucknow,Home & Kitchen,Air Fryer,1941.07,1,0.0,1941.07,0.0,1941.07,Cash on Delivery,False,4.0
ORD103956,2025-03-20,CUST0821,Saanvi Rao,West,Ahmedabad,Sports & Fitness,Fitness Band,5446.48,3,15.0,16339.44,2450.92,13888.52,Debit Card,False,3.0
ORD101048,2025-03-20,CUST0709,Kiran Rao,East,Bhubaneswar,Beauty & Personal Care,Trimmer,2632.03,1,0.0,2632.03,0.0,2632.03,Credit Card,False,4.0
ORD101306,2025-03-21,CUST0085,Riya Das,North,Jaipur,Electronics,Laptop,6981.96,1,0.0,6981.96,0.0,6981.96,Credit Card,False,5.0
ORD105456,2025-03-21,CUST0708,Anil Kumar,South,Chennai,Fashion,Backpack,2727.16,1,15.0,2727.16,409.07,2318.09,Debit Card,False,3.0
ORD104942,2025-03-21,CUST0725,Sai Joshi,North,Lucknow,Beauty & Personal Care,Trimmer,2450.55,1,0.0,2450.55,0.0,2450.55,UPI,False,5.0
ORD103549,2025-03-22,CUST0348,Rohan Das,North,Lucknow,Sports & Fitness,Cycling Helmet,2018.42,1,0.0,2018.42,0.0,2018.42,Cash on Delivery,False,4.0
ORD105778,2025-03-22,CUST0787,Karthik Joshi,North,Chandigarh,Sports & Fitness,Fitness Band,2919.03,1,20.0,2919.03,583.81,2335.22,Net Banking,False,1.0
ORD102346,2025-03-22,CUST0015,Meera Kapoor,West,Surat,Electronics,Laptop,2277.25,1,5.0,2277.25,113.86,2163.39,Cash on Delivery,False,2.0
ORD101767,2025-03-22,CUST0595,Divya Verma,North,Chandigarh,Fashion,Running Shoes,2110.07,1,0.0,2110.07,0.0,2110.07,Debit Card,False,5.0
ORD100744,2025-03-22,CUST0009,Sanjay Rao,South,Hyderabad,Fashion,Sunglasses,2885.25,1,15.0,2885.25,432.79,2452.46,UPI,False,5.0
ORD102732,2025-03-23,CUST0829,Sanjay Desai,North,Delhi,Electronics,Wireless Earbuds,18184.86,2,15.0,36369.72,5455.46,30914.26,Cash on Delivery,False,2.0
ORD101909,2025-03-23,CUST0104,Shreya Singh,West,Surat,Home & Kitchen,Water Purifier,10860.07,2,0.0,21720.14,0.0,21720.14,UPI,False,5.0
ORD102259,2025-03-23,CUST0446,Arjun Joshi,North,Lucknow,Electronics,Smartphone,7686.57,1,15.0,7686.57,1152.99,6533.58,Credit Card,False,4.0
ORD103394,2025-03-23,CUST0812,Vihaan Rao,West,Pune,Beauty & Personal Care,Perfume,637.93,1,20.0,637.93,127.59,510.34,Credit Card,False,4.0
ORD105103,2025-03-23,CUST0085,Riya Das,North,Jaipur,Sports & Fitness,Resistance Bands,4396.06,1,5.0,4396.06,219.8,4176.26,UPI,False,5.0
ORD101338,2025-03-23,CUST0478,Arjun Kapoor,South,Chennai,Fashion,Sunglasses,1924.61,2,0.0,3849.22,0.0,3849.22,UPI,False,4.0
ORD102964,2025-03-23,CUST0018,Nisha Mukherjee,West,Surat,Electronics,Smartphone,15214.02,1,0.0,15214.02,0.0,15214.02,Net Banking,False,1.0
ORD100952,2025-03-23,CUST0475,Kiran Chopra,East,Bhubaneswar,Sports & Fitness,Dumbbell Set,1918.43,2,0.0,3836.86,0.0,3836.86,Credit Card,False,5.0
ORD103204,2025-03-23,CUST0242,Naveen Malhotra,West,Pune,Home & Kitchen,Non-Stick Cookware Set,13344.31,1,0.0,13344.31,0.0,13344.31,Net Banking,False,5.0
ORD105596,2025-03-23,CUST0844,Kiran Bose,West,Surat,Sports & Fitness,Dumbbell Set,2889.27,2,10.0,5778.54,577.85,5200.69,UPI,False,4.0
ORD103715,2025-03-24,CUST0220,Vivaan Joshi,North,Chandigarh,Sports & Fitness,Fitness Band,7226.35,1,0.0,7226.35,0.0,7226.35,UPI,False,5.0
ORD100476,2025-03-24,CUST0547,Priya Nair,South,Kochi,Beauty & Personal Care,Face Serum,1481.25,2,0.0,2962.5,0.0,2962.5,Credit Card,False,5.0
ORD102690,2025-03-24,CUST0236,Zara Bose,South,Kochi,Electronics,Smartwatch,33151.88,1,0.0,33151.88,0.0,33151.88,Credit Card,False,5.0
ORD105283,2025-03-24,CUST0105,Nisha Mukherjee,East,Patna,Sports & Fitness,Dumbbell Set,4013.86,2,0.0,8027.72,0.0,8027.72,UPI,False,1.0
ORD101318,2025-03-25,CUST0759,Aditya Sharma,East,Patna,Beauty & Personal Care,Trimmer,1726.37,2,0.0,3452.74,0.0,3452.74,Cash on Delivery,False,5.0
ORD105390,2025-03-25,CUST0563,Sneha Pillai,West,Mumbai,Beauty & Personal Care,Trimmer,3258.21,1,25.0,3258.21,814.55,2443.66,Credit Card,False,3.0
ORD100390,2025-03-25,CUST0343,Vikram Kapoor,East,Patna,Home & Kitchen,Water Purifier,5737.93,1,0.0,5737.93,0.0,5737.93,Net Banking,True,5.0
ORD102949,2025-03-25,CUST0109,Divya Gupta,West,Pune,Electronics,Smartwatch,3497.63,1,5.0,3497.63,174.88,3322.75,Debit Card,False,3.0
ORD105656,2025-03-25,CUST0591,Deepak Menon,West,Mumbai,Beauty & Personal Care,Skincare Kit,2473.07,2,0.0,4946.14,0.0,4946.14,Net Banking,False,4.0
ORD101201,2025-03-25,CUST0110,Priya Bose,South,Chennai,Beauty & Personal Care,Hair Dryer,736.45,1,0.0,736.45,0.0,736.45,Net Banking,False,5.0
ORD100739,2025-03-25,CUST0413,Ananya Singh,East,Bhubaneswar,Fashion,Backpack,2131.79,2,0.0,4263.58,0.0,4263.58,Cash on Delivery,False,1.0
ORD105856,2025-03-25,CUST0779,Riya Singh,North,Chandigarh,Home & Kitchen,Air Fryer,1979.3,1,5.0,1979.3,98.96,1880.34,UPI,False,2.0
ORD102494,2025-03-25,CUST0435,Divya Das,East,Patna,Home & Kitchen,Water Purifier,4241.24,1,0.0,4241.24,0.0,4241.24,UPI,False,1.0
ORD101522,2025-03-25,CUST0542,Lakshmi Iyer,North,Lucknow,Fashion,Wrist Watch,4246.98,3,15.0,12740.94,1911.14,10829.8,Debit Card,False,3.0
ORD105360,2025-03-26,CUST0079,Lakshmi Sharma,South,Chennai,Beauty & Personal Care,Hair Dryer,2657.83,1,10.0,2657.83,265.78,2392.05,UPI,False,4.0
ORD103898,2025-03-26,CUST0672,Arjun Reddy,South,Hyderabad,Beauty & Personal Care,Perfume,1372.56,1,10.0,1372.56,137.26,1235.3,Debit Card,False,5.0
ORD102533,2025-03-26,CUST0449,Anil Mukherjee,North,Chandigarh,Fashion,Sunglasses,5301.61,1,15.0,5301.61,795.24,4506.37,UPI,False,5.0
ORD104627,2025-03-26,CUST0236,Zara Bose,South,Kochi,Home & Kitchen,Non-Stick Cookware Set,10474.34,1,10.0,10474.34,1047.43,9426.91,UPI,False,2.0
ORD101247,2025-03-26,CUST0294,Diya Singh,North,Jaipur,Beauty & Personal Care,Trimmer,2663.35,1,10.0,2663.35,266.33,2397.02,Credit Card,False,3.0
ORD104283,2025-03-27,CUST0612,Tara Reddy,North,Lucknow,Sports & Fitness,Dumbbell Set,4759.45,1,10.0,4759.45,475.94,4283.51,Net Banking,False,5.0
ORD105094,2025-03-27,CUST0522,Zara Singh,West,Ahmedabad,Home & Kitchen,Mixer Grinder,12867.98,1,0.0,12867.98,0.0,12867.98,Credit Card,False,5.0
ORD100098,2025-03-27,CUST0057,Deepak Malhotra,West,Surat,Home & Kitchen,Air Fryer,14305.5,1,0.0,14305.5,0.0,14305.5,UPI,False,3.0
ORD105015,2025-03-27,CUST0780,Rahul Mukherjee,North,Delhi,Home & Kitchen,Vacuum Cleaner,7558.96,1,0.0,7558.96,0.0,7558.96,UPI,False,4.0
ORD103678,2025-03-27,CUST0056,Aarav Reddy,West,Mumbai,Home & Kitchen,Mixer Grinder,7896.04,1,5.0,7896.04,394.8,7501.24,UPI,True,4.0
ORD102361,2025-03-28,CUST0168,Suresh Kapoor,South,Chennai,Beauty & Personal Care,Trimmer,2140.48,1,20.0,2140.48,428.1,1712.38,UPI,False,3.0
ORD102584,2025-03-28,CUST0275,Naveen Singh,East,Guwahati,Home & Kitchen,Non-Stick Cookware Set,13681.42,1,5.0,13681.42,684.07,12997.35,UPI,False,5.0
ORD100103,2025-03-28,CUST0607,Anil Gupta,West,Mumbai,Sports & Fitness,Resistance Bands,4381.4,1,0.0,4381.4,0.0,4381.4,Debit Card,False,4.0
ORD100934,2025-03-28,CUST0781,Sanjay Mukherjee,West,Surat,Home & Kitchen,Non-Stick Cookware Set,9002.45,1,0.0,9002.45,0.0,9002.45,Credit Card,False,5.0
ORD104699,2025-03-28,CUST0328,Naveen Singh,North,Jaipur,Sports & Fitness,Resistance Bands,4749.77,1,10.0,4749.77,474.98,4274.79,UPI,False,3.0
ORD100090,2025-03-28,CUST0720,Manish Das,East,Patna,Fashion,Wrist Watch,1606.87,1,10.0,1606.87,160.69,1446.18,Credit Card,False,5.0
ORD103905,2025-03-28,CUST0105,Nisha Mukherjee,East,Patna,Fashion,Denim Jacket,2154.89,1,5.0,2154.89,107.74,2047.15,Net Banking,False,5.0
ORD102385,2025-03-28,CUST0781,Sanjay Mukherjee,West,Surat,Electronics,Smartphone,18924.03,1,0.0,18924.03,0.0,18924.03,UPI,False,5.0
ORD103533,2025-03-28,CUST0771,Zara Malhotra,West,Ahmedabad,Fashion,Denim Jacket,4925.17,1,20.0,4925.17,985.03,3940.14,Credit Card,False,5.0
ORD102194,2025-03-29,CUST0211,Vikram Pillai,East,Kolkata,Sports & Fitness,Dumbbell Set,7678.86,1,0.0,7678.86,0.0,7678.86,Debit Card,False,4.0
ORD100880,2025-03-29,CUST0104,Shreya Singh,West,Surat,Sports & Fitness,Dumbbell Set,1051.6,1,0.0,1051.6,0.0,1051.6,Cash on Delivery,False,1.0
ORD100693,2025-03-29,CUST0442,Ananya Patel,West,Mumbai,Beauty & Personal Care,Hair Dryer,3339.29,1,15.0,3339.29,500.89,2838.4,Net Banking,False,2.0
ORD103012,2025-03-29,CUST0563,Sneha Pillai,West,Mumbai,Sports & Fitness,Resistance Bands,7584.77,1,15.0,7584.77,1137.72,6447.05,Cash on Delivery,False,4.0
ORD105282,2025-03-29,CUST0025,Riya Nair,East,Guwahati,Electronics,Smartphone,19435.7,1,0.0,19435.7,0.0,19435.7,UPI,False,5.0
ORD100683,2025-03-29,CUST0506,Ishaan Patel,West,Ahmedabad,Home & Kitchen,Air Fryer,13493.26,1,25.0,13493.26,3373.32,10119.94,UPI,True,3.0
ORD105467,2025-03-29,CUST0042,Riya Singh,North,Chandigarh,Sports & Fitness,Resistance Bands,6108.48,1,0.0,6108.48,0.0,6108.48,UPI,False,3.0
ORD102666,2025-03-29,CUST0031,Kiran Malhotra,South,Bengaluru,Fashion,Wrist Watch,919.81,1,15.0,919.81,137.97,781.84,Credit Card,False,3.0
ORD101296,2025-03-29,CUST0062,Pooja Gupta,South,Kochi,Beauty & Personal Care,Skincare Kit,1674.66,1,0.0,1674.66,0.0,1674.66,Credit Card,False,5.0
ORD102097,2025-03-29,CUST0263,Manisha Joshi,South,Chennai,Fashion,Wrist Watch,1781.6,1,10.0,1781.6,178.16,1603.44,Debit Card,False,4.0
ORD101091,2025-03-29,CUST0318,Manisha Iyer,West,Pune,Home & Kitchen,Air Fryer,9481.0,2,0.0,18962.0,0.0,18962.0,Debit Card,False,3.0
ORD105786,2025-03-29,CUST0228,Rohan Reddy,South,Kochi,Electronics,Bluetooth Speaker,19668.28,2,10.0,39336.56,3933.66,35402.9,Cash on Delivery,False,2.0
ORD104818,2025-03-30,CUST0844,Kiran Bose,West,Surat,Electronics,Smartwatch,6740.8,1,0.0,6740.8,0.0,6740.8,UPI,False,5.0
ORD100404,2025-03-30,CUST0535,Aditya Kumar,North,Jaipur,Fashion,Backpack,4703.42,1,0.0,4703.42,0.0,4703.42,Cash on Delivery,False,5.0
ORD103307,2025-03-30,CUST0693,Arjun Bose,West,Surat,Home & Kitchen,Vacuum Cleaner,1391.0,1,0.0,1391.0,0.0,1391.0,Net Banking,False,3.0
ORD100542,2025-03-30,CUST0494,Kiran Bose,East,Patna,Sports & Fitness,Yoga Mat,7577.95,1,0.0,7577.95,0.0,7577.95,Net Banking,False,5.0
ORD105144,2025-03-30,CUST0522,Zara Singh,West,Ahmedabad,Fashion,Wrist Watch,567.81,1,0.0,567.81,0.0,567.81,Debit Card,False,4.0
ORD103377,2025-03-30,CUST0596,Vikram Reddy,East,Patna,Beauty & Personal Care,Trimmer,2652.35,2,0.0,5304.7,0.0,5304.7,UPI,False,4.0
ORD104032,2025-03-31,CUST0424,Aditya Sharma,East,Guwahati,Electronics,Bluetooth Speaker,51116.11,1,20.0,51116.11,10223.22,40892.89,Credit Card,False,4.0
ORD100041,2025-03-31,CUST0118,Ananya Das,South,Chennai,Electronics,Smartphone,33140.23,1,0.0,33140.23,0.0,33140.23,Credit Card,False,1.0
ORD104609,2025-03-31,CUST0669,Rohan Menon,South,Kochi,Beauty & Personal Care,Face Serum,3352.25,2,0.0,6704.5,0.0,6704.5,Debit Card,False,5.0
ORD100084,2025-03-31,CUST0039,Aarav Gupta,East,Bhubaneswar,Electronics,Laptop,9783.25,2,0.0,19566.5,0.0,19566.5,Credit Card,False,5.0
ORD105814,2025-03-31,CUST0332,Arjun Das,West,Surat,Sports & Fitness,Yoga Mat,6679.11,1,0.0,6679.11,0.0,6679.11,UPI,False,3.0
ORD100876,2025-03-31,CUST0333,Suresh Kapoor,West,Mumbai,Beauty & Personal Care,Perfume,2685.19,1,20.0,2685.19,537.04,2148.15,UPI,False,5.0
ORD100652,2025-03-31,CUST0783,Pooja Menon,South,Bengaluru,Fashion,Wrist Watch,4414.29,2,5.0,8828.58,441.43,8387.15,Credit Card,False,5.0
ORD101812,2025-04-01,CUST0789,Riya Pillai,North,Lucknow,Sports & Fitness,Yoga Mat,391.53,1,5.0,391.53,19.58,371.95,Net Banking,False,5.0
ORD105195,2025-04-01,CUST0707,Isha Menon,West,Pune,Home & Kitchen,Non-Stick Cookware Set,10415.85,1,20.0,10415.85,2083.17,8332.68,Credit Card,False,5.0
ORD100270,2025-04-01,CUST0007,Karthik Verma,North,Jaipur,Home & Kitchen,Air Fryer,14732.52,1,10.0,14732.52,1473.25,13259.27,UPI,False,3.0
ORD104850,2025-04-01,CUST0601,Sneha Patel,South,Hyderabad,Home & Kitchen,Mixer Grinder,3825.91,3,0.0,11477.73,0.0,11477.73,Net Banking,False,5.0
ORD101391,2025-04-01,CUST0656,Lakshmi Bose,West,Mumbai,Sports & Fitness,Cycling Helmet,4546.81,2,0.0,9093.62,0.0,9093.62,UPI,False,4.0
ORD101715,2025-04-01,CUST0850,Anil Desai,West,Mumbai,Electronics,Smartphone,30470.2,1,10.0,30470.2,3047.02,27423.18,Credit Card,False,5.0
ORD102401,2025-04-01,CUST0663,Sai Gupta,East,Guwahati,Sports & Fitness,Fitness Band,3247.11,1,0.0,3247.11,0.0,3247.11,Cash on Delivery,False,3.0
ORD102117,2025-04-01,CUST0264,Krishna Bose,South,Kochi,Fashion,Sunglasses,464.81,1,0.0,464.81,0.0,464.81,UPI,False,4.0
ORD101841,2025-04-01,CUST0154,Pooja Kapoor,North,Chandigarh,Beauty & Personal Care,Skincare Kit,987.57,2,0.0,1975.14,0.0,1975.14,UPI,False,2.0
ORD105995,2025-04-01,CUST0316,Sai Das,East,Patna,Home & Kitchen,Water Purifier,13368.85,1,0.0,13368.85,0.0,13368.85,UPI,False,4.0
ORD103532,2025-04-01,CUST0008,Vikram Pillai,West,Mumbai,Home & Kitchen,Air Fryer,3530.58,2,15.0,7061.16,1059.17,6001.99,UPI,False,5.0
ORD103387,2025-04-01,CUST0063,Pooja Nair,West,Pune,Home & Kitchen,Non-Stick Cookware Set,8945.26,1,10.0,8945.26,894.53,8050.73,Debit Card,False,4.0
ORD103404,2025-04-02,CUST0072,Naveen Gupta,North,Chandigarh,Beauty & Personal Care,Skincare Kit,1700.28,1,15.0,1700.28,255.04,1445.24,Cash on Delivery,False,4.0
ORD103119,2025-04-02,CUST0442,Ananya Patel,West,Mumbai,Beauty & Personal Care,Trimmer,2669.44,1,15.0,2669.44,400.42,2269.02,UPI,False,5.0
ORD102283,2025-04-02,CUST0555,Vivaan Sharma,North,Delhi,Beauty & Personal Care,Hair Dryer,2628.02,1,25.0,2628.02,657.0,1971.02,Credit Card,False,5.0
ORD103341,2025-04-02,CUST0307,Rohan Mukherjee,South,Kochi,Electronics,Smartphone,46121.98,3,15.0,138365.94,20754.89,117611.05,Debit Card,False,3.0
ORD104022,2025-04-02,CUST0118,Ananya Das,South,Chennai,Sports & Fitness,Yoga Mat,4450.52,1,25.0,4450.52,1112.63,3337.89,Cash on Delivery,False,4.0
ORD105481,2025-04-02,CUST0638,Nisha Kapoor,East,Kolkata,Fashion,Running Shoes,4016.83,1,0.0,4016.83,0.0,4016.83,UPI,False,2.0
ORD105685,2025-04-02,CUST0270,Nisha Kumar,North,Chandigarh,Home & Kitchen,Mixer Grinder,2593.9,1,0.0,2593.9,0.0,2593.9,Net Banking,False,4.0
ORD103927,2025-04-03,CUST0327,Swati Verma,South,Chennai,Beauty & Personal Care,Face Serum,3443.37,3,5.0,10330.11,516.51,9813.6,Debit Card,False,5.0
ORD102624,2025-04-03,CUST0176,Vihaan Rao,North,Jaipur,Beauty & Personal Care,Face Serum,2324.34,1,10.0,2324.34,232.43,2091.91,Net Banking,False,5.0
ORD105368,2025-04-03,CUST0449,Anil Mukherjee,North,Chandigarh,Electronics,Bluetooth Speaker,23906.59,1,0.0,23906.59,0.0,23906.59,Credit Card,False,3.0
ORD102046,2025-04-03,CUST0753,Manish Iyer,South,Bengaluru,Home & Kitchen,Air Fryer,14510.14,1,0.0,14510.14,0.0,14510.14,Credit Card,False,5.0
ORD103951,2025-04-03,CUST0532,Sanjay Rao,West,Mumbai,Electronics,Smartphone,9717.53,1,0.0,9717.53,0.0,9717.53,UPI,False,5.0
ORD105979,2025-04-04,CUST0385,Nisha Das,East,Guwahati,Sports & Fitness,Yoga Mat,2020.54,1,5.0,2020.54,101.03,1919.51,Debit Card,True,5.0
ORD101982,2025-04-04,CUST0413,Ananya Singh,East,Bhubaneswar,Fashion,Sunglasses,5814.46,1,15.0,5814.46,872.17,4942.29,Debit Card,False,1.0
ORD104009,2025-04-04,CUST0604,Swati Das,South,Bengaluru,Fashion,Running Shoes,3343.75,1,0.0,3343.75,0.0,3343.75,Cash on Delivery,False,5.0
ORD102352,2025-04-04,CUST0256,Rohan Pillai,East,Patna,Fashion,Wrist Watch,3528.6,1,0.0,3528.6,0.0,3528.6,Net Banking,False,5.0
ORD104664,2025-04-04,CUST0697,Isha Das,East,Patna,Beauty & Personal Care,Skincare Kit,685.0,1,5.0,685.0,34.25,650.75,Cash on Delivery,False,1.0
ORD105548,2025-04-04,CUST0820,Krishna Joshi,East,Bhubaneswar,Fashion,Backpack,1649.21,1,15.0,1649.21,247.38,1401.83,Net Banking,False,4.0
ORD102833,2025-04-04,CUST0384,Naveen Kumar,North,Jaipur,Sports & Fitness,Fitness Band,356.48,2,0.0,712.96,0.0,712.96,Net Banking,False,5.0
ORD104449,2025-04-04,CUST0789,Riya Pillai,North,Lucknow,Beauty & Personal Care,Hair Dryer,563.97,1,5.0,563.97,28.2,535.77,Net Banking,False,5.0
ORD101624,2025-04-04,CUST0124,Saanvi Verma,North,Jaipur,Beauty & Personal Care,Skincare Kit,1038.03,1,0.0,1038.03,0.0,1038.03,UPI,False,4.0
ORD103011,2025-04-04,CUST0306,Anil Verma,South,Kochi,Electronics,Bluetooth Speaker,44442.13,1,25.0,44442.13,11110.53,33331.6,Credit Card,False,5.0
ORD102477,2025-04-04,CUST0721,Riya Singh,West,Surat,Home & Kitchen,Air Fryer,9705.94,1,5.0,9705.94,485.3,9220.64,Net Banking,False,4.0
ORD104805,2025-04-05,CUST0231,Kiran Mukherjee,East,Bhubaneswar,Sports & Fitness,Cycling Helmet,3239.99,1,0.0,3239.99,0.0,3239.99,Credit Card,True,3.0
ORD102947,2025-04-05,CUST0584,Manish Singh,South,Kochi,Fashion,Wrist Watch,4700.85,1,10.0,4700.85,470.08,4230.77,Cash on Delivery,False,1.0
ORD103937,2025-04-05,CUST0243,Neha Desai,West,Surat,Home & Kitchen,Mixer Grinder,6090.4,1,0.0,6090.4,0.0,6090.4,Debit Card,False,4.0
ORD102937,2025-04-05,CUST0298,Kiran Das,North,Lucknow,Fashion,Backpack,4772.95,1,0.0,4772.95,0.0,4772.95,Debit Card,False,5.0
ORD102376,2025-04-05,CUST0349,Zara Reddy,South,Kochi,Electronics,Laptop,22915.7,2,0.0,45831.4,0.0,45831.4,UPI,False,5.0
ORD101882,2025-04-05,CUST0820,Krishna Joshi,East,Bhubaneswar,Sports & Fitness,Dumbbell Set,4813.29,1,0.0,4813.29,0.0,4813.29,Debit Card,False,5.0
ORD104992,2025-04-05,CUST0469,Manish Sharma,North,Lucknow,Home & Kitchen,Water Purifier,1738.67,2,0.0,3477.34,0.0,3477.34,Debit Card,False,5.0
ORD103741,2025-04-06,CUST0800,Nisha Malhotra,North,Jaipur,Fashion,Running Shoes,1480.55,1,15.0,1480.55,222.08,1258.47,UPI,False,3.0
ORD103032,2025-04-06,CUST0362,Karthik Rao,West,Surat,Electronics,Laptop,22948.82,1,20.0,22948.82,4589.76,18359.06,Credit Card,False,4.0
ORD100904,2025-04-06,CUST0495,Vihaan Reddy,North,Chandigarh,Home & Kitchen,Mixer Grinder,3456.51,1,5.0,3456.51,172.83,3283.68,Credit Card,False,3.0
ORD105602,2025-04-06,CUST0422,Ananya Nair,North,Lucknow,Beauty & Personal Care,Perfume,2971.7,2,0.0,5943.4,0.0,5943.4,Credit Card,False,2.0
ORD103276,2025-04-06,CUST0586,Reyansh Kumar,South,Hyderabad,Fashion,Wrist Watch,4589.62,1,20.0,4589.62,917.92,3671.7,Debit Card,False,3.0
ORD102943,2025-04-07,CUST0687,Diya Kumar,South,Chennai,Electronics,Bluetooth Speaker,14955.73,2,15.0,29911.46,4486.72,25424.74,Credit Card,False,5.0
ORD103279,2025-04-07,CUST0641,Priya Chopra,West,Ahmedabad,Fashion,Backpack,2086.48,1,5.0,2086.48,104.32,1982.16,Credit Card,False,5.0
ORD105278,2025-04-07,CUST0476,Vikram Desai,West,Mumbai,Home & Kitchen,Vacuum Cleaner,5019.14,1,5.0,5019.14,250.96,4768.18,Credit Card,False,4.0
ORD101261,2025-04-08,CUST0432,Riya Patel,South,Kochi,Fashion,Wrist Watch,1626.77,2,5.0,3253.54,162.68,3090.86,UPI,False,1.0
ORD102507,2025-04-08,CUST0608,Divya Iyer,South,Hyderabad,Beauty & Personal Care,Face Serum,2170.69,1,0.0,2170.69,0.0,2170.69,UPI,False,5.0
ORD102628,2025-04-08,CUST0752,Karthik Menon,North,Lucknow,Beauty & Personal Care,Trimmer,1260.72,1,25.0,1260.72,315.18,945.54,Credit Card,True,5.0
ORD105803,2025-04-08,CUST0705,Priya Singh,West,Surat,Fashion,Running Shoes,1487.42,1,20.0,1487.42,297.48,1189.94,UPI,False,3.0
ORD105088,2025-04-09,CUST0109,Divya Gupta,West,Pune,Home & Kitchen,Non-Stick Cookware Set,10159.05,2,0.0,20318.1,0.0,20318.1,Credit Card,False,5.0
ORD105610,2025-04-09,CUST0486,Manisha Rao,South,Chennai,Home & Kitchen,Water Purifier,10770.29,1,5.0,10770.29,538.51,10231.78,Cash on Delivery,False,3.0
ORD104176,2025-04-09,CUST0202,Arjun Nair,North,Lucknow,Fashion,Sunglasses,4141.34,1,0.0,4141.34,0.0,4141.34,Credit Card,False,4.0
ORD102235,2025-04-09,CUST0384,Naveen Kumar,North,Jaipur,Sports & Fitness,Yoga Mat,6439.1,1,10.0,6439.1,643.91,5795.19,UPI,False,5.0
ORD100893,2025-04-09,CUST0282,Rahul Bose,East,Guwahati,Beauty & Personal Care,Face Serum,2108.82,3,15.0,6326.46,948.97,5377.49,Debit Card,False,5.0
ORD101780,2025-04-09,CUST0159,Ishaan Menon,East,Guwahati,Sports & Fitness,Yoga Mat,1154.2,1,0.0,1154.2,0.0,1154.2,Credit Card,False,5.0
ORD103918,2025-04-10,CUST0563,Sneha Pillai,West,Mumbai,Electronics,Bluetooth Speaker,50103.2,1,15.0,50103.2,7515.48,42587.72,Net Banking,False,5.0
ORD105702,2025-04-10,CUST0805,Ishaan Gupta,West,Pune,Fashion,Running Shoes,5399.02,1,15.0,5399.02,809.85,4589.17,UPI,False,5.0
ORD103242,2025-04-10,CUST0497,Naveen Patel,West,Ahmedabad,Beauty & Personal Care,Trimmer,2903.49,1,15.0,2903.49,435.52,2467.97,UPI,False,5.0
ORD104420,2025-04-10,CUST0092,Pooja Nair,South,Hyderabad,Electronics,Bluetooth Speaker,49981.7,1,15.0,49981.7,7497.26,42484.44,Credit Card,False,2.0
ORD103983,2025-04-10,CUST0304,Saanvi Joshi,South,Kochi,Electronics,Wireless Earbuds,8257.38,1,5.0,8257.38,412.87,7844.51,UPI,False,5.0
ORD103774,2025-04-10,CUST0606,Swati Kumar,South,Chennai,Fashion,Sunglasses,2084.18,1,5.0,2084.18,104.21,1979.97,UPI,False,4.0
ORD105042,2025-04-10,CUST0699,Pooja Joshi,North,Chandigarh,Beauty & Personal Care,Hair Dryer,1230.92,1,25.0,1230.92,307.73,923.19,Debit Card,False,5.0
ORD101366,2025-04-10,CUST0020,Ishaan Verma,East,Bhubaneswar,Sports & Fitness,Dumbbell Set,1044.74,1,0.0,1044.74,0.0,1044.74,Net Banking,False,4.0
ORD105031,2025-04-11,CUST0114,Divya Joshi,South,Chennai,Beauty & Personal Care,Trimmer,2555.13,2,15.0,5110.26,766.54,4343.72,Debit Card,False,5.0
ORD105802,2025-04-11,CUST0024,Divya Malhotra,South,Kochi,Fashion,Running Shoes,3695.08,1,15.0,3695.08,554.26,3140.82,UPI,False,4.0
ORD102701,2025-04-11,CUST0414,Deepak Joshi,East,Patna,Beauty & Personal Care,Face Serum,2992.43,2,15.0,5984.86,897.73,5087.13,Net Banking,False,4.0
ORD105886,2025-04-11,CUST0068,Isha Gupta,South,Bengaluru,Sports & Fitness,Yoga Mat,4265.72,1,10.0,4265.72,426.57,3839.15,UPI,False,5.0
ORD103891,2025-04-12,CUST0123,Anil Mukherjee,South,Hyderabad,Beauty & Personal Care,Face Serum,2283.83,1,0.0,2283.83,0.0,2283.83,Net Banking,False,4.0
ORD100155,2025-04-12,CUST0535,Aditya Kumar,North,Jaipur,Electronics,Bluetooth Speaker,36733.27,1,0.0,36733.27,0.0,36733.27,UPI,False,4.0
ORD102446,2025-04-12,CUST0197,Priya Bose,South,Hyderabad,Electronics,Laptop,8481.05,3,0.0,25443.15,0.0,25443.15,UPI,False,3.0
ORD103969,2025-04-12,CUST0747,Isha Patel,North,Delhi,Beauty & Personal Care,Hair Dryer,1227.48,2,0.0,2454.96,0.0,2454.96,UPI,False,5.0
ORD100034,2025-04-12,CUST0591,Deepak Menon,West,Mumbai,Sports & Fitness,Cycling Helmet,1089.47,1,0.0,1089.47,0.0,1089.47,Cash on Delivery,False,1.0
ORD102751,2025-04-12,CUST0706,Naveen Sharma,West,Pune,Home & Kitchen,Mixer Grinder,5464.12,2,10.0,10928.24,1092.82,9835.42,Net Banking,False,5.0
ORD105876,2025-04-13,CUST0065,Suresh Gupta,North,Lucknow,Sports & Fitness,Fitness Band,1601.1,3,5.0,4803.3,240.16,4563.14,Cash on Delivery,False,4.0
ORD105424,2025-04-13,CUST0271,Deepak Joshi,East,Guwahati,Home & Kitchen,Mixer Grinder,14099.8,1,5.0,14099.8,704.99,13394.81,Net Banking,True,4.0
ORD103059,2025-04-13,CUST0561,Lakshmi Rao,East,Kolkata,Fashion,Running Shoes,2572.06,1,0.0,2572.06,0.0,2572.06,UPI,False,2.0
ORD103072,2025-04-13,CUST0041,Krishna Menon,North,Lucknow,Beauty & Personal Care,Perfume,1682.63,1,0.0,1682.63,0.0,1682.63,UPI,False,3.0
ORD105528,2025-04-13,CUST0166,Priya Malhotra,North,Delhi,Fashion,Backpack,5196.75,1,5.0,5196.75,259.84,4936.91,Debit Card,False,1.0
ORD104181,2025-04-13,CUST0511,Manisha Verma,West,Ahmedabad,Home & Kitchen,Air Fryer,10548.52,1,0.0,10548.52,0.0,10548.52,Net Banking,False,4.0
ORD100915,2025-04-13,CUST0061,Isha Joshi,East,Guwahati,Home & Kitchen,Water Purifier,10501.79,1,5.0,10501.79,525.09,9976.7,UPI,False,5.0
ORD101019,2025-04-13,CUST0256,Rohan Pillai,East,Patna,Beauty & Personal Care,Hair Dryer,3182.0,1,10.0,3182.0,318.2,2863.8,Net Banking,False,2.0
ORD100941,2025-04-13,CUST0370,Sanjay Menon,West,Surat,Beauty & Personal Care,Hair Dryer,1006.53,1,0.0,1006.53,0.0,1006.53,UPI,False,2.0
ORD104421,2025-04-14,CUST0609,Lakshmi Pillai,North,Chandigarh,Fashion,Sunglasses,670.72,1,0.0,670.72,0.0,670.72,Debit Card,False,5.0
ORD100368,2025-04-14,CUST0728,Pooja Verma,North,Lucknow,Sports & Fitness,Dumbbell Set,4251.76,1,0.0,4251.76,0.0,4251.76,UPI,False,5.0
ORD100580,2025-04-14,CUST0713,Sanjay Gupta,West,Ahmedabad,Sports & Fitness,Dumbbell Set,766.33,2,10.0,1532.66,153.27,1379.39,Credit Card,True,3.0
ORD102208,2025-04-14,CUST0590,Kiran Joshi,East,Patna,Electronics,Smartwatch,39433.9,2,10.0,78867.8,7886.78,70981.02,UPI,True,2.0
ORD105466,2025-04-14,CUST0050,Suresh Reddy,East,Kolkata,Fashion,Sunglasses,5141.54,1,0.0,5141.54,0.0,5141.54,Debit Card,False,5.0
ORD104104,2025-04-14,CUST0849,Kavya Gupta,South,Hyderabad,Electronics,Bluetooth Speaker,6877.36,1,10.0,6877.36,687.74,6189.62,Net Banking,False,5.0
ORD101462,2025-04-14,CUST0847,Vivaan Reddy,South,Hyderabad,Fashion,Backpack,2745.69,1,0.0,2745.69,0.0,2745.69,Net Banking,False,2.0
ORD100316,2025-04-14,CUST0230,Divya Bose,East,Patna,Sports & Fitness,Yoga Mat,1610.18,1,0.0,1610.18,0.0,1610.18,Credit Card,False,2.0
ORD103474,2025-04-14,CUST0198,Rahul Gupta,North,Chandigarh,Sports & Fitness,Fitness Band,1871.46,1,0.0,1871.46,0.0,1871.46,UPI,False,4.0
ORD105323,2025-04-14,CUST0405,Lakshmi Nair,South,Kochi,Fashion,Denim Jacket,4438.97,1,0.0,4438.97,0.0,4438.97,UPI,False,5.0
ORD103454,2025-04-15,CUST0629,Suresh Mukherjee,North,Delhi,Home & Kitchen,Mixer Grinder,12710.35,2,25.0,25420.7,6355.18,19065.52,Cash on Delivery,False,3.0
ORD101051,2025-04-15,CUST0560,Zara Reddy,South,Chennai,Sports & Fitness,Cycling Helmet,6165.25,2,25.0,12330.5,3082.62,9247.88,Credit Card,False,5.0
ORD104172,2025-04-15,CUST0057,Deepak Malhotra,West,Surat,Home & Kitchen,Vacuum Cleaner,6715.36,1,0.0,6715.36,0.0,6715.36,Net Banking,False,3.0
ORD103955,2025-04-15,CUST0735,Rohan Sharma,South,Bengaluru,Sports & Fitness,Dumbbell Set,2543.56,1,0.0,2543.56,0.0,2543.56,Cash on Delivery,False,5.0
ORD104744,2025-04-15,CUST0591,Deepak Menon,West,Mumbai,Electronics,Laptop,23882.16,1,0.0,23882.16,0.0,23882.16,UPI,False,4.0
ORD105719,2025-04-15,CUST0019,Vihaan Malhotra,North,Lucknow,Fashion,Backpack,5557.14,1,0.0,5557.14,0.0,5557.14,Net Banking,False,5.0
ORD102681,2025-04-15,CUST0660,Vikram Nair,South,Chennai,Sports & Fitness,Cycling Helmet,3044.33,1,0.0,3044.33,0.0,3044.33,Credit Card,False,4.0
ORD101907,2025-04-15,CUST0372,Aarav Singh,West,Surat,Beauty & Personal Care,Trimmer,512.83,1,0.0,512.83,0.0,512.83,Credit Card,False,3.0
ORD101788,2025-04-15,CUST0787,Karthik Joshi,North,Chandigarh,Home & Kitchen,Non-Stick Cookware Set,2463.57,2,15.0,4927.14,739.07,4188.07,Net Banking,False,4.0
ORD104877,2025-04-16,CUST0567,Rohan Malhotra,East,Guwahati,Home & Kitchen,Vacuum Cleaner,973.24,1,0.0,973.24,0.0,973.24,Cash on Delivery,False,5.0
ORD105315,2025-04-16,CUST0077,Sai Singh,East,Kolkata,Fashion,Sunglasses,4698.95,1,0.0,4698.95,0.0,4698.95,Net Banking,False,4.0
ORD104252,2025-04-17,CUST0413,Ananya Singh,East,Bhubaneswar,Sports & Fitness,Resistance Bands,3201.62,1,0.0,3201.62,0.0,3201.62,Cash on Delivery,False,1.0
ORD101717,2025-04-17,CUST0573,Ishaan Menon,North,Lucknow,Electronics,Smartphone,2921.41,1,10.0,2921.41,292.14,2629.27,UPI,False,4.0
ORD104892,2025-04-17,CUST0041,Krishna Menon,North,Lucknow,Electronics,Bluetooth Speaker,15474.61,1,15.0,15474.61,2321.19,13153.42,Cash on Delivery,False,4.0
ORD102795,2025-04-17,CUST0773,Reyansh Das,West,Ahmedabad,Electronics,Bluetooth Speaker,3530.4,1,0.0,3530.4,0.0,3530.4,Credit Card,False,4.0
ORD103385,2025-04-17,CUST0083,Vivaan Iyer,North,Lucknow,Electronics,Smartphone,49331.31,1,15.0,49331.31,7399.7,41931.61,UPI,False,5.0
ORD105593,2025-04-17,CUST0699,Pooja Joshi,North,Chandigarh,Sports & Fitness,Dumbbell Set,6620.07,1,0.0,6620.07,0.0,6620.07,Debit Card,True,5.0
ORD105497,2025-04-18,CUST0396,Lakshmi Rao,North,Lucknow,Sports & Fitness,Cycling Helmet,3506.87,1,5.0,3506.87,175.34,3331.53,UPI,False,5.0
ORD103073,2025-04-18,CUST0693,Arjun Bose,West,Surat,Home & Kitchen,Mixer Grinder,8657.74,1,10.0,8657.74,865.77,7791.97,Credit Card,False,5.0
ORD103654,2025-04-18,CUST0438,Ishaan Verma,West,Ahmedabad,Sports & Fitness,Cycling Helmet,479.65,1,25.0,479.65,119.91,359.74,UPI,False,4.0
ORD103088,2025-04-18,CUST0847,Vivaan Reddy,South,Hyderabad,Home & Kitchen,Water Purifier,13914.82,2,5.0,27829.64,1391.48,26438.16,UPI,False,2.0
ORD103235,2025-04-18,CUST0041,Krishna Menon,North,Lucknow,Beauty & Personal Care,Face Serum,1274.88,1,0.0,1274.88,0.0,1274.88,Net Banking,False,5.0
ORD102930,2025-04-18,CUST0643,Sneha Chopra,West,Mumbai,Beauty & Personal Care,Trimmer,629.05,1,0.0,629.05,0.0,629.05,UPI,False,5.0
ORD102672,2025-04-18,CUST0789,Riya Pillai,North,Lucknow,Beauty & Personal Care,Trimmer,1216.63,1,0.0,1216.63,0.0,1216.63,Credit Card,False,2.0
ORD100351,2025-04-18,CUST0455,Shreya Das,South,Kochi,Beauty & Personal Care,Skincare Kit,2060.01,1,20.0,2060.01,412.0,1648.01,UPI,False,4.0
ORD100317,2025-04-18,CUST0096,Karthik Menon,South,Kochi,Beauty & Personal Care,Hair Dryer,2888.94,1,0.0,2888.94,0.0,2888.94,Credit Card,False,5.0
ORD101758,2025-04-18,CUST0007,Karthik Verma,North,Jaipur,Home & Kitchen,Non-Stick Cookware Set,10312.8,1,20.0,10312.8,2062.56,8250.24,UPI,False,5.0
ORD103732,2025-04-18,CUST0283,Rahul Menon,East,Kolkata,Beauty & Personal Care,Skincare Kit,775.19,1,0.0,775.19,0.0,775.19,UPI,False,5.0
ORD105236,2025-04-19,CUST0728,Pooja Verma,North,Lucknow,Fashion,Wrist Watch,3229.9,1,0.0,3229.9,0.0,3229.9,Debit Card,False,5.0
ORD105909,2025-04-19,CUST0098,Ishaan Rao,North,Chandigarh,Fashion,Backpack,2434.89,1,0.0,2434.89,0.0,2434.89,Net Banking,False,5.0
ORD105653,2025-04-19,CUST0677,Saanvi Das,West,Surat,Beauty & Personal Care,Face Serum,2138.7,1,15.0,2138.7,320.8,1817.9,UPI,False,5.0
ORD104089,2025-04-19,CUST0709,Kiran Rao,East,Bhubaneswar,Electronics,Smartwatch,54991.46,2,15.0,109982.92,16497.44,93485.48,Debit Card,False,3.0
ORD100822,2025-04-19,CUST0461,Aditya Gupta,North,Delhi,Sports & Fitness,Dumbbell Set,6141.59,1,0.0,6141.59,0.0,6141.59,UPI,False,4.0
ORD103027,2025-04-19,CUST0306,Anil Verma,South,Kochi,Beauty & Personal Care,Perfume,2411.87,1,0.0,2411.87,0.0,2411.87,Credit Card,False,3.0
ORD105965,2025-04-20,CUST0617,Suresh Reddy,South,Chennai,Electronics,Laptop,4140.98,2,0.0,8281.96,0.0,8281.96,UPI,False,5.0
ORD105033,2025-04-20,CUST0406,Vikram Rao,North,Lucknow,Home & Kitchen,Air Fryer,3112.35,1,10.0,3112.35,311.24,2801.11,Credit Card,False,5.0
ORD103213,2025-04-20,CUST0591,Deepak Menon,West,Mumbai,Sports & Fitness,Resistance Bands,3076.6,2,10.0,6153.2,615.32,5537.88,Debit Card,False,5.0
ORD105215,2025-04-20,CUST0464,Ramesh Sharma,West,Surat,Beauty & Personal Care,Hair Dryer,3411.79,1,0.0,3411.79,0.0,3411.79,Debit Card,False,5.0
ORD103872,2025-04-20,CUST0515,Vikram Gupta,West,Ahmedabad,Home & Kitchen,Air Fryer,6850.79,1,0.0,6850.79,0.0,6850.79,UPI,False,2.0
ORD101203,2025-04-20,CUST0198,Rahul Gupta,North,Chandigarh,Sports & Fitness,Dumbbell Set,1922.91,1,0.0,1922.91,0.0,1922.91,UPI,False,5.0
ORD104178,2025-04-20,CUST0225,Reyansh Nair,North,Lucknow,Beauty & Personal Care,Hair Dryer,3362.24,1,0.0,3362.24,0.0,3362.24,Credit Card,False,5.0
ORD105919,2025-04-20,CUST0561,Lakshmi Rao,East,Kolkata,Sports & Fitness,Resistance Bands,3626.4,1,0.0,3626.4,0.0,3626.4,Debit Card,False,4.0
ORD102457,2025-04-21,CUST0516,Sai Sharma,East,Patna,Sports & Fitness,Dumbbell Set,422.19,1,0.0,422.19,0.0,422.19,UPI,False,5.0
ORD100864,2025-04-21,CUST0809,Naveen Desai,East,Kolkata,Electronics,Wireless Earbuds,23518.82,1,0.0,23518.82,0.0,23518.82,Debit Card,False,3.0
ORD101179,2025-04-21,CUST0284,Lakshmi Nair,West,Pune,Beauty & Personal Care,Hair Dryer,2522.2,1,0.0,2522.2,0.0,2522.2,UPI,False,4.0
ORD102777,2025-04-21,CUST0773,Reyansh Das,West,Ahmedabad,Beauty & Personal Care,Perfume,2734.25,1,0.0,2734.25,0.0,2734.25,Cash on Delivery,False,4.0
ORD104276,2025-04-21,CUST0841,Rahul Kapoor,West,Surat,Sports & Fitness,Resistance Bands,6960.89,1,0.0,6960.89,0.0,6960.89,Net Banking,False,3.0
ORD100341,2025-04-21,CUST0479,Vihaan Pillai,North,Delhi,Home & Kitchen,Mixer Grinder,6780.45,1,0.0,6780.45,0.0,6780.45,Credit Card,False,1.0
ORD102923,2025-04-21,CUST0660,Vikram Nair,South,Chennai,Sports & Fitness,Resistance Bands,3318.28,1,15.0,3318.28,497.74,2820.54,Net Banking,False,4.0
ORD102994,2025-04-22,CUST0283,Rahul Menon,East,Kolkata,Fashion,Sunglasses,2141.62,2,0.0,4283.24,0.0,4283.24,UPI,False,4.0
ORD100181,2025-04-22,CUST0461,Aditya Gupta,North,Delhi,Electronics,Bluetooth Speaker,18780.39,1,0.0,18780.39,0.0,18780.39,Credit Card,False,4.0
ORD105104,2025-04-22,CUST0266,Riya Gupta,West,Ahmedabad,Home & Kitchen,Non-Stick Cookware Set,14135.64,2,10.0,28271.28,2827.13,25444.15,UPI,True,1.0
ORD105102,2025-04-22,CUST0838,Nisha Kumar,East,Bhubaneswar,Electronics,Smartphone,52751.8,1,0.0,52751.8,0.0,52751.8,Cash on Delivery,False,4.0
ORD105006,2025-04-23,CUST0039,Aarav Gupta,East,Bhubaneswar,Electronics,Bluetooth Speaker,10780.96,2,0.0,21561.92,0.0,21561.92,Debit Card,False,5.0
ORD105866,2025-04-23,CUST0105,Nisha Mukherjee,East,Patna,Fashion,Denim Jacket,2893.45,2,0.0,5786.9,0.0,5786.9,UPI,False,3.0
ORD100903,2025-04-23,CUST0039,Aarav Gupta,East,Bhubaneswar,Beauty & Personal Care,Hair Dryer,1902.88,1,10.0,1902.88,190.29,1712.59,Cash on Delivery,False,5.0
ORD101402,2025-04-23,CUST0711,Neha Kumar,East,Kolkata,Home & Kitchen,Vacuum Cleaner,3891.72,1,20.0,3891.72,778.34,3113.38,Credit Card,True,4.0
ORD100380,2025-04-23,CUST0262,Arjun Reddy,East,Patna,Fashion,Running Shoes,415.13,1,5.0,415.13,20.76,394.37,UPI,False,3.0
ORD100985,2025-04-24,CUST0223,Ramesh Kumar,North,Chandigarh,Home & Kitchen,Water Purifier,10071.18,2,10.0,20142.36,2014.24,18128.12,Debit Card,False,2.0
ORD105288,2025-04-24,CUST0719,Pooja Chopra,East,Patna,Electronics,Wireless Earbuds,17503.55,1,0.0,17503.55,0.0,17503.55,UPI,False,4.0
ORD103763,2025-04-24,CUST0553,Tara Nair,East,Bhubaneswar,Beauty & Personal Care,Perfume,663.72,1,25.0,663.72,165.93,497.79,Net Banking,False,5.0
ORD104105,2025-04-24,CUST0010,Vivaan Sharma,East,Patna,Electronics,Wireless Earbuds,35514.18,1,0.0,35514.18,0.0,35514.18,UPI,False,5.0
ORD100534,2025-04-24,CUST0018,Nisha Mukherjee,West,Surat,Fashion,Denim Jacket,3211.27,1,0.0,3211.27,0.0,3211.27,UPI,False,5.0
ORD104328,2025-04-24,CUST0349,Zara Reddy,South,Kochi,Sports & Fitness,Dumbbell Set,7794.99,1,15.0,7794.99,1169.25,6625.74,UPI,False,5.0
ORD102966,2025-04-24,CUST0710,Reyansh Reddy,South,Hyderabad,Beauty & Personal Care,Hair Dryer,599.03,2,10.0,1198.06,119.81,1078.25,UPI,False,4.0
ORD102788,2025-04-24,CUST0734,Diya Das,North,Delhi,Home & Kitchen,Non-Stick Cookware Set,2494.79,1,20.0,2494.79,498.96,1995.83,UPI,False,3.0
ORD102129,2025-04-24,CUST0589,Aarav Joshi,South,Chennai,Electronics,Bluetooth Speaker,42047.53,2,5.0,84095.06,4204.75,79890.31,Credit Card,False,5.0
ORD104834,2025-04-24,CUST0283,Rahul Menon,East,Kolkata,Beauty & Personal Care,Hair Dryer,2713.6,1,0.0,2713.6,0.0,2713.6,UPI,True,5.0
ORD102869,2025-04-24,CUST0729,Naveen Kapoor,South,Bengaluru,Sports & Fitness,Yoga Mat,7028.45,2,0.0,14056.9,0.0,14056.9,Credit Card,False,5.0
ORD105975,2025-04-24,CUST0812,Vihaan Rao,West,Pune,Beauty & Personal Care,Perfume,751.97,1,15.0,751.97,112.8,639.17,Credit Card,False,4.0
ORD104765,2025-04-25,CUST0283,Rahul Menon,East,Kolkata,Beauty & Personal Care,Trimmer,2585.62,1,10.0,2585.62,258.56,2327.06,Debit Card,False,5.0
ORD101013,2025-04-25,CUST0019,Vihaan Malhotra,North,Lucknow,Beauty & Personal Care,Perfume,420.91,1,5.0,420.91,21.05,399.86,Cash on Delivery,False,4.0
ORD101505,2025-04-25,CUST0847,Vivaan Reddy,South,Hyderabad,Electronics,Laptop,25518.29,1,15.0,25518.29,3827.74,21690.55,Net Banking,False,4.0
ORD100213,2025-04-25,CUST0037,Vikram Chopra,West,Surat,Fashion,Running Shoes,3275.23,1,15.0,3275.23,491.28,2783.95,Cash on Delivery,False,3.0
ORD101471,2025-04-25,CUST0443,Lakshmi Malhotra,East,Bhubaneswar,Fashion,Sunglasses,3358.69,1,0.0,3358.69,0.0,3358.69,Credit Card,False,5.0
ORD103182,2025-04-25,CUST0672,Arjun Reddy,South,Hyderabad,Sports & Fitness,Dumbbell Set,2107.25,1,0.0,2107.25,0.0,2107.25,Cash on Delivery,False,5.0
ORD100024,2025-04-25,CUST0555,Vivaan Sharma,North,Delhi,Home & Kitchen,Air Fryer,6494.73,1,5.0,6494.73,324.74,6169.99,UPI,True,4.0
ORD105030,2025-04-25,CUST0235,Sanjay Das,South,Chennai,Beauty & Personal Care,Trimmer,1608.17,1,10.0,1608.17,160.82,1447.35,Debit Card,False,5.0
ORD104406,2025-04-26,CUST0016,Aditya Reddy,West,Pune,Home & Kitchen,Non-Stick Cookware Set,11279.98,1,5.0,11279.98,564.0,10715.98,Credit Card,True,4.0
ORD101570,2025-04-26,CUST0802,Swati Menon,South,Hyderabad,Fashion,Running Shoes,3521.06,1,25.0,3521.06,880.26,2640.8,UPI,False,3.0
ORD105873,2025-04-26,CUST0541,Vikram Singh,South,Hyderabad,Home & Kitchen,Mixer Grinder,4453.52,1,0.0,4453.52,0.0,4453.52,Credit Card,False,5.0
ORD105547,2025-04-26,CUST0509,Divya Desai,West,Ahmedabad,Sports & Fitness,Resistance Bands,3963.94,2,0.0,7927.88,0.0,7927.88,UPI,False,4.0
ORD104387,2025-04-26,CUST0803,Aditya Rao,South,Chennai,Home & Kitchen,Mixer Grinder,14284.24,1,0.0,14284.24,0.0,14284.24,Credit Card,True,3.0
ORD105874,2025-04-26,CUST0531,Vivaan Das,South,Kochi,Electronics,Smartwatch,2056.58,1,0.0,2056.58,0.0,2056.58,Credit Card,False,2.0
ORD101996,2025-04-27,CUST0791,Priya Desai,North,Delhi,Fashion,Backpack,3524.16,1,5.0,3524.16,176.21,3347.95,Net Banking,False,5.0
ORD101945,2025-04-27,CUST0220,Vivaan Joshi,North,Chandigarh,Beauty & Personal Care,Skincare Kit,1004.35,1,10.0,1004.35,100.44,903.91,Credit Card,False,3.0
ORD105251,2025-04-27,CUST0026,Swati Nair,South,Chennai,Electronics,Laptop,34405.03,2,0.0,68810.06,0.0,68810.06,Net Banking,False,1.0
ORD102120,2025-04-27,CUST0729,Naveen Kapoor,South,Bengaluru,Electronics,Laptop,27707.02,1,5.0,27707.02,1385.35,26321.67,Debit Card,False,2.0
ORD105245,2025-04-27,CUST0702,Manish Chopra,West,Surat,Fashion,Backpack,4682.06,1,25.0,4682.06,1170.52,3511.54,Net Banking,False,1.0
ORD100456,2025-04-27,CUST0789,Riya Pillai,North,Lucknow,Beauty & Personal Care,Face Serum,2490.0,1,15.0,2490.0,373.5,2116.5,UPI,False,3.0
ORD103904,2025-04-27,CUST0595,Divya Verma,North,Chandigarh,Beauty & Personal Care,Face Serum,1663.36,1,25.0,1663.36,415.84,1247.52,Cash on Delivery,False,3.0
ORD102534,2025-04-27,CUST0629,Suresh Mukherjee,North,Delhi,Beauty & Personal Care,Skincare Kit,3094.98,1,0.0,3094.98,0.0,3094.98,UPI,False,5.0
ORD105397,2025-04-27,CUST0527,Ramesh Bose,North,Jaipur,Beauty & Personal Care,Face Serum,2717.07,1,10.0,2717.07,271.71,2445.36,Cash on Delivery,False,3.0
ORD103054,2025-04-27,CUST0499,Swati Patel,South,Hyderabad,Fashion,Denim Jacket,5197.01,1,0.0,5197.01,0.0,5197.01,UPI,False,4.0
ORD101432,2025-04-27,CUST0416,Deepak Nair,South,Chennai,Sports & Fitness,Dumbbell Set,6997.64,1,15.0,6997.64,1049.65,5947.99,UPI,False,3.0
ORD101126,2025-04-27,CUST0752,Karthik Menon,North,Lucknow,Fashion,Denim Jacket,3405.62,1,0.0,3405.62,0.0,3405.62,Cash on Delivery,False,5.0
ORD102045,2025-04-27,CUST0003,Krishna Gupta,South,Bengaluru,Beauty & Personal Care,Perfume,816.98,1,0.0,816.98,0.0,816.98,Net Banking,False,4.0
ORD105089,2025-04-27,CUST0067,Ramesh Nair,South,Chennai,Electronics,Bluetooth Speaker,22540.03,1,20.0,22540.03,4508.01,18032.02,Net Banking,False,5.0
ORD103054,2025-04-27,CUST0499,Swati Patel,South,Hyderabad,Fashion,Denim Jacket,5197.01,1,0.0,5197.01,0.0,5197.01,UPI,False,4.0
ORD103593,2025-04-27,CUST0562,Sanjay Patel,South,Chennai,Fashion,Wrist Watch,4547.9,1,20.0,4547.9,909.58,3638.32,Credit Card,False,5.0
ORD103114,2025-04-28,CUST0485,Rohan Singh,West,Ahmedabad,Sports & Fitness,Fitness Band,6419.54,1,5.0,6419.54,320.98,6098.56,Credit Card,False,2.0
ORD100815,2025-04-28,CUST0036,Saanvi Kapoor,North,Lucknow,Beauty & Personal Care,Skincare Kit,511.68,1,0.0,511.68,0.0,511.68,UPI,False,4.0
ORD104843,2025-04-28,CUST0562,Sanjay Patel,South,Chennai,Fashion,Wrist Watch,4425.46,1,0.0,4425.46,0.0,4425.46,UPI,False,4.0
ORD101413,2025-04-29,CUST0802,Swati Menon,South,Hyderabad,Beauty & Personal Care,Trimmer,663.33,1,0.0,663.33,0.0,663.33,Credit Card,False,5.0
ORD100331,2025-04-29,CUST0505,Rahul Kapoor,North,Jaipur,Fashion,Running Shoes,433.2,1,15.0,433.2,64.98,368.22,UPI,False,4.0
ORD105895,2025-04-29,CUST0680,Manisha Chopra,East,Guwahati,Electronics,Smartwatch,5985.85,1,0.0,5985.85,0.0,5985.85,UPI,False,5.0
ORD102067,2025-04-29,CUST0827,Shreya Gupta,North,Chandigarh,Beauty & Personal Care,Skincare Kit,1195.04,2,0.0,2390.08,0.0,2390.08,Debit Card,False,5.0
ORD103629,2025-04-29,CUST0196,Arjun Pillai,South,Kochi,Beauty & Personal Care,Face Serum,1533.7,1,15.0,1533.7,230.06,1303.64,UPI,False,5.0
ORD105386,2025-04-29,CUST0059,Meera Kapoor,West,Pune,Beauty & Personal Care,Skincare Kit,2013.91,1,20.0,2013.91,402.78,1611.13,Net Banking,False,4.0
ORD105544,2025-04-29,CUST0509,Divya Desai,West,Ahmedabad,Fashion,Backpack,4014.25,1,0.0,4014.25,0.0,4014.25,UPI,True,2.0
ORD103866,2025-04-30,CUST0831,Naveen Pillai,North,Lucknow,Fashion,Running Shoes,1441.78,2,15.0,2883.56,432.53,2451.03,Debit Card,False,4.0
ORD102859,2025-04-30,CUST0468,Shreya Reddy,West,Mumbai,Fashion,Wrist Watch,2712.69,1,10.0,2712.69,271.27,2441.42,Net Banking,False,3.0
ORD101804,2025-04-30,CUST0024,Divya Malhotra,South,Kochi,Sports & Fitness,Dumbbell Set,3909.92,1,10.0,3909.92,390.99,3518.93,UPI,False,1.0
ORD100609,2025-04-30,CUST0484,Zara Menon,West,Surat,Home & Kitchen,Mixer Grinder,12286.53,1,0.0,12286.53,0.0,12286.53,UPI,False,3.0
ORD102221,2025-04-30,CUST0589,Aarav Joshi,South,Chennai,Beauty & Personal Care,Face Serum,2709.57,1,15.0,2709.57,406.44,2303.13,Credit Card,False,4.0
ORD103881,2025-05-01,CUST0681,Anil Patel,East,Bhubaneswar,Sports & Fitness,Dumbbell Set,4439.18,1,10.0,4439.18,443.92,3995.26,Debit Card,False,5.0
ORD101035,2025-05-01,CUST0138,Naveen Kapoor,East,Guwahati,Sports & Fitness,Dumbbell Set,5067.72,1,15.0,5067.72,760.16,4307.56,UPI,False,5.0
ORD105697,2025-05-01,CUST0442,Ananya Patel,West,Mumbai,Electronics,Bluetooth Speaker,39958.16,2,15.0,79916.32,11987.45,67928.87,UPI,False,5.0
ORD104150,2025-05-01,CUST0591,Deepak Menon,West,Mumbai,Home & Kitchen,Non-Stick Cookware Set,8938.68,2,0.0,17877.36,0.0,17877.36,Net Banking,False,5.0
ORD105001,2025-05-01,CUST0640,Saanvi Sharma,North,Chandigarh,Electronics,Laptop,33224.61,3,10.0,99673.83,9967.38,89706.45,Credit Card,False,5.0
ORD100582,2025-05-01,CUST0555,Vivaan Sharma,North,Delhi,Beauty & Personal Care,Face Serum,1921.54,1,25.0,1921.54,480.38,1441.16,UPI,False,2.0
ORD102774,2025-05-01,CUST0455,Shreya Das,South,Kochi,Electronics,Smartwatch,12562.11,1,10.0,12562.11,1256.21,11305.9,Credit Card,False,5.0
ORD100824,2025-05-01,CUST0098,Ishaan Rao,North,Chandigarh,Fashion,Backpack,5946.25,2,0.0,11892.5,0.0,11892.5,Net Banking,False,5.0
ORD104179,2025-05-01,CUST0389,Anil Nair,South,Hyderabad,Beauty & Personal Care,Skincare Kit,2254.13,1,10.0,2254.13,225.41,2028.72,UPI,False,5.0
ORD102736,2025-05-02,CUST0405,Lakshmi Nair,South,Kochi,Fashion,Denim Jacket,2245.47,1,5.0,2245.47,112.27,2133.2,UPI,False,2.0
ORD100303,2025-05-02,CUST0233,Diya Das,South,Bengaluru,Home & Kitchen,Water Purifier,1390.67,1,0.0,1390.67,0.0,1390.67,Net Banking,False,4.0
ORD102895,2025-05-02,CUST0813,Karthik Iyer,East,Kolkata,Electronics,Laptop,18068.13,2,0.0,36136.26,0.0,36136.26,UPI,False,4.0
ORD105878,2025-05-02,CUST0406,Vikram Rao,North,Lucknow,Home & Kitchen,Air Fryer,8152.5,1,0.0,8152.5,0.0,8152.5,UPI,False,4.0
ORD103116,2025-05-02,CUST0068,Isha Gupta,South,Bengaluru,Beauty & Personal Care,Trimmer,1582.95,1,0.0,1582.95,0.0,1582.95,Credit Card,False,2.0
ORD104632,2025-05-02,CUST0533,Vihaan Sharma,East,Bhubaneswar,Sports & Fitness,Dumbbell Set,4610.65,3,0.0,13831.95,0.0,13831.95,Net Banking,False,5.0
ORD102828,2025-05-03,CUST0010,Vivaan Sharma,East,Patna,Fashion,Backpack,4786.06,1,0.0,4786.06,0.0,4786.06,UPI,False,5.0
ORD105032,2025-05-03,CUST0844,Kiran Bose,West,Surat,Sports & Fitness,Fitness Band,5695.87,1,10.0,5695.87,569.59,5126.28,Debit Card,False,4.0
ORD103157,2025-05-03,CUST0770,Vikram Iyer,South,Hyderabad,Fashion,Backpack,472.98,1,0.0,472.98,0.0,472.98,Net Banking,False,5.0
ORD102530,2025-05-03,CUST0194,Naveen Reddy,East,Bhubaneswar,Fashion,Denim Jacket,1866.06,1,0.0,1866.06,0.0,1866.06,Debit Card,False,4.0
ORD102607,2025-05-03,CUST0452,Kavya Joshi,North,Chandigarh,Fashion,Denim Jacket,1025.93,1,0.0,1025.93,0.0,1025.93,UPI,False,3.0
ORD103545,2025-05-03,CUST0464,Ramesh Sharma,West,Surat,Fashion,Wrist Watch,4281.18,1,25.0,4281.18,1070.3,3210.88,Cash on Delivery,False,5.0
ORD102335,2025-05-03,CUST0350,Sneha Rao,West,Ahmedabad,Beauty & Personal Care,Hair Dryer,3330.96,1,20.0,3330.96,666.19,2664.77,UPI,False,4.0
ORD104288,2025-05-03,CUST0042,Riya Singh,North,Chandigarh,Fashion,Sunglasses,3580.64,1,0.0,3580.64,0.0,3580.64,Cash on Delivery,False,2.0
ORD101216,2025-05-03,CUST0184,Deepak Patel,East,Guwahati,Electronics,Smartwatch,36870.95,2,0.0,73741.9,0.0,73741.9,Debit Card,False,4.0
ORD102076,2025-05-04,CUST0116,Zara Sharma,West,Pune,Sports & Fitness,Fitness Band,4633.79,1,0.0,4633.79,0.0,4633.79,Net Banking,False,3.0
ORD102807,2025-05-04,CUST0406,Vikram Rao,North,Lucknow,Home & Kitchen,Water Purifier,2466.04,1,10.0,2466.04,246.6,2219.44,UPI,False,5.0
ORD100965,2025-05-04,CUST0037,Vikram Chopra,West,Surat,Home & Kitchen,Water Purifier,14962.22,1,5.0,14962.22,748.11,14214.11,Credit Card,False,5.0
ORD105879,2025-05-04,CUST0575,Sneha Reddy,South,Bengaluru,Home & Kitchen,Water Purifier,14155.98,1,20.0,14155.98,2831.2,11324.78,Credit Card,False,4.0
ORD102917,2025-05-04,CUST0575,Sneha Reddy,South,Bengaluru,Electronics,Bluetooth Speaker,17007.48,2,15.0,34014.96,5102.24,28912.72,Credit Card,False,5.0
ORD104888,2025-05-04,CUST0770,Vikram Iyer,South,Hyderabad,Fashion,Wrist Watch,1523.41,1,0.0,1523.41,0.0,1523.41,Net Banking,False,1.0
ORD103652,2025-05-04,CUST0686,Aditya Verma,West,Surat,Electronics,Smartwatch,37873.17,1,0.0,37873.17,0.0,37873.17,Cash on Delivery,True,2.0
ORD102455,2025-05-04,CUST0167,Diya Joshi,South,Chennai,Home & Kitchen,Mixer Grinder,8831.06,2,0.0,17662.12,0.0,17662.12,Net Banking,False,3.0
ORD104015,2025-05-04,CUST0151,Neha Iyer,West,Surat,Beauty & Personal Care,Hair Dryer,2691.17,1,5.0,2691.17,134.56,2556.61,UPI,False,5.0
ORD104813,2025-05-05,CUST0643,Sneha Chopra,West,Mumbai,Beauty & Personal Care,Perfume,3379.46,1,10.0,3379.46,337.95,3041.51,Credit Card,False,5.0
ORD103047,2025-05-05,CUST0725,Sai Joshi,North,Lucknow,Home & Kitchen,Mixer Grinder,13489.85,1,5.0,13489.85,674.49,12815.36,Debit Card,False,4.0
ORD102572,2025-05-05,CUST0630,Neha Desai,North,Chandigarh,Sports & Fitness,Dumbbell Set,1529.9,1,0.0,1529.9,0.0,1529.9,UPI,False,2.0
ORD105810,2025-05-05,CUST0824,Pooja Patel,North,Lucknow,Electronics,Laptop,52095.2,1,0.0,52095.2,0.0,52095.2,UPI,False,5.0
ORD103884,2025-05-05,CUST0268,Vihaan Nair,East,Kolkata,Fashion,Backpack,2795.29,1,10.0,2795.29,279.53,2515.76,UPI,False,5.0
ORD100364,2025-05-05,CUST0413,Ananya Singh,East,Bhubaneswar,Fashion,Sunglasses,1883.25,1,10.0,1883.25,188.32,1694.93,Credit Card,False,5.0
ORD101304,2025-05-05,CUST0194,Naveen Reddy,East,Bhubaneswar,Electronics,Laptop,35150.99,1,0.0,35150.99,0.0,35150.99,Credit Card,False,5.0
ORD104520,2025-05-05,CUST0649,Priya Pillai,South,Kochi,Fashion,Wrist Watch,1975.25,3,0.0,5925.75,0.0,5925.75,UPI,False,2.0
ORD102411,2025-05-05,CUST0283,Rahul Menon,East,Kolkata,Electronics,Smartphone,25749.8,1,0.0,25749.8,0.0,25749.8,UPI,False,1.0
ORD100142,2025-05-05,CUST0215,Aditya Sharma,East,Patna,Home & Kitchen,Mixer Grinder,8198.15,1,25.0,8198.15,2049.54,6148.61,Net Banking,False,5.0
ORD102204,2025-05-05,CUST0333,Suresh Kapoor,West,Mumbai,Beauty & Personal Care,Perfume,497.5,1,5.0,497.5,24.88,472.62,Credit Card,False,3.0
ORD104723,2025-05-06,CUST0379,Reyansh Iyer,West,Mumbai,Sports & Fitness,Fitness Band,3209.19,1,0.0,3209.19,0.0,3209.19,Cash on Delivery,False,3.0
ORD105114,2025-05-06,CUST0200,Sanjay Reddy,East,Patna,Sports & Fitness,Dumbbell Set,7714.04,1,5.0,7714.04,385.7,7328.34,Net Banking,False,4.0
ORD103127,2025-05-06,CUST0252,Neha Reddy,North,Delhi,Sports & Fitness,Dumbbell Set,3054.3,1,0.0,3054.3,0.0,3054.3,UPI,False,5.0
ORD100017,2025-05-06,CUST0139,Shreya Reddy,South,Bengaluru,Sports & Fitness,Fitness Band,6627.49,1,10.0,6627.49,662.75,5964.74,Cash on Delivery,False,3.0
ORD102440,2025-05-06,CUST0441,Swati Singh,North,Lucknow,Electronics,Laptop,32284.66,1,20.0,32284.66,6456.93,25827.73,Credit Card,False,4.0
ORD101619,2025-05-07,CUST0230,Divya Bose,East,Patna,Electronics,Wireless Earbuds,33773.08,2,20.0,67546.16,13509.23,54036.93,Credit Card,True,5.0
ORD102536,2025-05-07,CUST0838,Nisha Kumar,East,Bhubaneswar,Sports & Fitness,Yoga Mat,4650.15,2,5.0,9300.3,465.02,8835.28,Net Banking,False,1.0
ORD101610,2025-05-07,CUST0766,Ramesh Singh,West,Mumbai,Sports & Fitness,Yoga Mat,3225.81,2,0.0,6451.62,0.0,6451.62,Debit Card,False,2.0
ORD105362,2025-05-07,CUST0838,Nisha Kumar,East,Bhubaneswar,Fashion,Backpack,1245.17,1,10.0,1245.17,124.52,1120.65,Net Banking,False,4.0
ORD101095,2025-05-08,CUST0217,Rohan Menon,North,Jaipur,Beauty & Personal Care,Perfume,390.01,1,20.0,390.01,78.0,312.01,Net Banking,False,5.0
ORD104040,2025-05-08,CUST0449,Anil Mukherjee,North,Chandigarh,Sports & Fitness,Fitness Band,5673.83,1,5.0,5673.83,283.69,5390.14,UPI,False,4.0
ORD105019,2025-05-08,CUST0011,Diya Pillai,North,Lucknow,Home & Kitchen,Mixer Grinder,6967.44,1,5.0,6967.44,348.37,6619.07,Net Banking,False,4.0
ORD101453,2025-05-08,CUST0396,Lakshmi Rao,North,Lucknow,Home & Kitchen,Air Fryer,4195.03,3,10.0,12585.09,1258.51,11326.58,Cash on Delivery,False,3.0
ORD100446,2025-05-08,CUST0362,Karthik Rao,West,Surat,Beauty & Personal Care,Hair Dryer,945.52,1,0.0,945.52,0.0,945.52,Cash on Delivery,False,5.0
ORD105314,2025-05-08,CUST0327,Swati Verma,South,Chennai,Home & Kitchen,Mixer Grinder,9545.71,1,0.0,9545.71,0.0,9545.71,Net Banking,False,3.0
ORD103338,2025-05-08,CUST0637,Swati Pillai,North,Jaipur,Beauty & Personal Care,Skincare Kit,1034.57,1,5.0,1034.57,51.73,982.84,Cash on Delivery,False,5.0
ORD105328,2025-05-08,CUST0216,Shreya Singh,East,Guwahati,Home & Kitchen,Mixer Grinder,14720.37,1,20.0,14720.37,2944.07,11776.3,Net Banking,False,3.0
ORD100795,2025-05-08,CUST0367,Manish Patel,North,Delhi,Fashion,Backpack,3087.91,2,15.0,6175.82,926.37,5249.45,UPI,False,2.0
ORD103494,2025-05-08,CUST0533,Vihaan Sharma,East,Bhubaneswar,Fashion,Wrist Watch,2343.27,2,15.0,4686.54,702.98,3983.56,Credit Card,False,5.0
ORD101127,2025-05-08,CUST0770,Vikram Iyer,South,Hyderabad,Home & Kitchen,Vacuum Cleaner,10984.73,2,10.0,21969.46,2196.95,19772.51,Credit Card,False,3.0
ORD101917,2025-05-08,CUST0271,Deepak Joshi,East,Guwahati,Fashion,Wrist Watch,5574.31,1,20.0,5574.31,1114.86,4459.45,Net Banking,False,4.0
ORD101199,2025-05-08,CUST0597,Shreya Nair,North,Lucknow,Electronics,Wireless Earbuds,40321.95,1,0.0,40321.95,0.0,40321.95,Net Banking,False,5.0
ORD104730,2025-05-08,CUST0573,Ishaan Menon,North,Lucknow,Fashion,Wrist Watch,5075.79,1,5.0,5075.79,253.79,4822.0,Credit Card,False,5.0
ORD101546,2025-05-08,CUST0359,Manish Mukherjee,North,Chandigarh,Beauty & Personal Care,Skincare Kit,3397.71,2,0.0,6795.42,0.0,6795.42,UPI,False,4.0
ORD102881,2025-05-08,CUST0458,Swati Singh,West,Ahmedabad,Fashion,Running Shoes,3558.66,1,0.0,3558.66,0.0,3558.66,UPI,False,4.0
ORD102181,2025-05-08,CUST0057,Deepak Malhotra,West,Surat,Electronics,Wireless Earbuds,8426.0,1,0.0,8426.0,0.0,8426.0,Cash on Delivery,False,4.0
ORD105090,2025-05-09,CUST0532,Sanjay Rao,West,Mumbai,Beauty & Personal Care,Face Serum,3124.61,1,0.0,3124.61,0.0,3124.61,UPI,False,2.0
ORD102480,2025-05-09,CUST0565,Karthik Pillai,East,Patna,Beauty & Personal Care,Skincare Kit,3297.88,1,0.0,3297.88,0.0,3297.88,Debit Card,False,1.0
ORD100926,2025-05-09,CUST0035,Rahul Bose,North,Lucknow,Fashion,Backpack,3235.01,1,0.0,3235.01,0.0,3235.01,UPI,False,4.0
ORD100897,2025-05-09,CUST0621,Meera Patel,South,Bengaluru,Fashion,Running Shoes,679.46,1,0.0,679.46,0.0,679.46,UPI,False,5.0
ORD101397,2025-05-09,CUST0247,Anil Desai,North,Chandigarh,Sports & Fitness,Fitness Band,6271.72,1,0.0,6271.72,0.0,6271.72,UPI,False,4.0
ORD103994,2025-05-09,CUST0161,Deepak Iyer,West,Pune,Home & Kitchen,Water Purifier,11287.2,1,0.0,11287.2,0.0,11287.2,Debit Card,False,5.0
ORD104510,2025-05-09,CUST0057,Deepak Malhotra,West,Surat,Home & Kitchen,Water Purifier,7086.3,1,0.0,7086.3,0.0,7086.3,Cash on Delivery,False,5.0
ORD105237,2025-05-09,CUST0700,Aditya Singh,North,Lucknow,Fashion,Wrist Watch,1871.44,2,0.0,3742.88,0.0,3742.88,UPI,False,4.0
ORD102998,2025-05-09,CUST0070,Sai Pillai,North,Jaipur,Sports & Fitness,Resistance Bands,3294.51,1,10.0,3294.51,329.45,2965.06,UPI,False,4.0
ORD105310,2025-05-09,CUST0112,Diya Reddy,East,Bhubaneswar,Electronics,Laptop,13577.64,2,0.0,27155.28,0.0,27155.28,UPI,False,3.0
ORD102772,2025-05-10,CUST0452,Kavya Joshi,North,Chandigarh,Fashion,Running Shoes,3341.1,1,15.0,3341.1,501.16,2839.94,UPI,False,5.0
ORD104590,2025-05-10,CUST0386,Nisha Pillai,North,Lucknow,Sports & Fitness,Dumbbell Set,1172.54,1,15.0,1172.54,175.88,996.66,Debit Card,False,1.0
ORD102256,2025-05-10,CUST0035,Rahul Bose,North,Lucknow,Sports & Fitness,Dumbbell Set,1315.67,1,0.0,1315.67,0.0,1315.67,Debit Card,False,4.0
ORD101313,2025-05-10,CUST0259,Isha Singh,East,Patna,Fashion,Sunglasses,3692.48,1,0.0,3692.48,0.0,3692.48,Credit Card,False,4.0
ORD105983,2025-05-10,CUST0656,Lakshmi Bose,West,Mumbai,Beauty & Personal Care,Hair Dryer,2847.87,1,0.0,2847.87,0.0,2847.87,UPI,False,5.0
ORD105047,2025-05-11,CUST0661,Diya Reddy,West,Mumbai,Electronics,Laptop,30115.27,2,5.0,60230.54,3011.53,57219.01,Debit Card,False,2.0
ORD105204,2025-05-11,CUST0624,Priya Gupta,West,Ahmedabad,Fashion,Wrist Watch,2212.65,1,20.0,2212.65,442.53,1770.12,Credit Card,False,4.0
ORD102827,2025-05-11,CUST0558,Vivaan Iyer,East,Guwahati,Sports & Fitness,Fitness Band,5657.57,2,5.0,11315.14,565.76,10749.38,Cash on Delivery,False,4.0
ORD101280,2025-05-11,CUST0060,Deepak Kumar,East,Guwahati,Beauty & Personal Care,Hair Dryer,3170.63,1,25.0,3170.63,792.66,2377.97,Cash on Delivery,False,5.0
ORD102528,2025-05-11,CUST0337,Sneha Rao,North,Jaipur,Beauty & Personal Care,Trimmer,2797.05,1,0.0,2797.05,0.0,2797.05,Credit Card,False,5.0
ORD103230,2025-05-11,CUST0651,Zara Reddy,South,Kochi,Fashion,Wrist Watch,4227.38,1,10.0,4227.38,422.74,3804.64,Net Banking,False,2.0
ORD103841,2025-05-11,CUST0464,Ramesh Sharma,West,Surat,Sports & Fitness,Dumbbell Set,1046.12,2,0.0,2092.24,0.0,2092.24,Net Banking,False,5.0
ORD103823,2025-05-12,CUST0302,Ramesh Chopra,West,Mumbai,Sports & Fitness,Resistance Bands,2491.26,2,0.0,4982.52,0.0,4982.52,Credit Card,False,4.0
ORD101044,2025-05-12,CUST0684,Ananya Patel,North,Lucknow,Sports & Fitness,Dumbbell Set,1362.84,1,0.0,1362.84,0.0,1362.84,UPI,False,4.0
ORD102478,2025-05-12,CUST0208,Vikram Bose,East,Kolkata,Fashion,Running Shoes,1622.5,1,0.0,1622.5,0.0,1622.5,Credit Card,False,5.0
ORD105091,2025-05-12,CUST0818,Tara Malhotra,North,Lucknow,Beauty & Personal Care,Skincare Kit,3478.4,1,5.0,3478.4,173.92,3304.48,Cash on Delivery,False,3.0
ORD100957,2025-05-12,CUST0715,Kiran Verma,South,Bengaluru,Sports & Fitness,Dumbbell Set,7585.54,1,5.0,7585.54,379.28,7206.26,Credit Card,False,2.0
ORD104199,2025-05-12,CUST0195,Sanjay Malhotra,South,Chennai,Sports & Fitness,Dumbbell Set,6148.39,1,0.0,6148.39,0.0,6148.39,UPI,False,5.0
ORD101834,2025-05-12,CUST0789,Riya Pillai,North,Lucknow,Fashion,Backpack,3580.33,1,15.0,3580.33,537.05,3043.28,Credit Card,False,5.0
ORD105002,2025-05-12,CUST0370,Sanjay Menon,West,Surat,Beauty & Personal Care,Face Serum,1558.7,1,0.0,1558.7,0.0,1558.7,UPI,False,5.0
ORD105834,2025-05-12,CUST0362,Karthik Rao,West,Surat,Beauty & Personal Care,Trimmer,2431.85,1,0.0,2431.85,0.0,2431.85,Cash on Delivery,False,1.0
ORD103552,2025-05-13,CUST0358,Pooja Iyer,North,Lucknow,Electronics,Smartwatch,2158.6,1,0.0,2158.6,0.0,2158.6,UPI,False,3.0
ORD102412,2025-05-13,CUST0606,Swati Kumar,South,Chennai,Beauty & Personal Care,Perfume,1928.89,1,5.0,1928.89,96.44,1832.45,UPI,False,2.0
ORD102542,2025-05-13,CUST0351,Vivaan Chopra,North,Delhi,Beauty & Personal Care,Hair Dryer,1820.22,2,0.0,3640.44,0.0,3640.44,Net Banking,False,5.0
ORD100088,2025-05-13,CUST0685,Aditya Patel,North,Lucknow,Home & Kitchen,Air Fryer,11906.08,1,0.0,11906.08,0.0,11906.08,Credit Card,False,5.0
ORD105408,2025-05-13,CUST0570,Ishaan Singh,East,Bhubaneswar,Sports & Fitness,Cycling Helmet,6708.46,1,0.0,6708.46,0.0,6708.46,Credit Card,False,3.0
ORD101152,2025-05-13,CUST0713,Sanjay Gupta,West,Ahmedabad,Electronics,Smartwatch,1957.57,1,5.0,1957.57,97.88,1859.69,Credit Card,False,5.0
ORD105385,2025-05-14,CUST0730,Sanjay Reddy,East,Kolkata,Home & Kitchen,Mixer Grinder,5673.48,1,10.0,5673.48,567.35,5106.13,Debit Card,False,3.0
ORD104316,2025-05-14,CUST0306,Anil Verma,South,Kochi,Beauty & Personal Care,Face Serum,1161.66,2,0.0,2323.32,0.0,2323.32,UPI,False,1.0
ORD102932,2025-05-14,CUST0802,Swati Menon,South,Hyderabad,Electronics,Laptop,18159.71,1,15.0,18159.71,2723.96,15435.75,UPI,False,5.0
ORD101675,2025-05-15,CUST0176,Vihaan Rao,North,Jaipur,Fashion,Sunglasses,1317.94,1,10.0,1317.94,131.79,1186.15,UPI,False,5.0
ORD105414,2025-05-15,CUST0165,Krishna Malhotra,North,Lucknow,Home & Kitchen,Non-Stick Cookware Set,12203.78,1,0.0,12203.78,0.0,12203.78,UPI,False,3.0
ORD105505,2025-05-15,CUST0077,Sai Singh,East,Kolkata,Sports & Fitness,Cycling Helmet,4032.28,1,0.0,4032.28,0.0,4032.28,Credit Card,False,4.0
ORD102342,2025-05-15,CUST0550,Saanvi Gupta,North,Chandigarh,Electronics,Laptop,48615.14,1,0.0,48615.14,0.0,48615.14,Debit Card,False,2.0
ORD101418,2025-05-15,CUST0358,Pooja Iyer,North,Lucknow,Sports & Fitness,Dumbbell Set,2513.91,1,10.0,2513.91,251.39,2262.52,UPI,False,5.0
ORD101591,2025-05-16,CUST0362,Karthik Rao,West,Surat,Beauty & Personal Care,Perfume,2400.24,2,0.0,4800.48,0.0,4800.48,Cash on Delivery,False,5.0
ORD100665,2025-05-16,CUST0812,Vihaan Rao,West,Pune,Electronics,Smartphone,28980.51,1,0.0,28980.51,0.0,28980.51,UPI,True,3.0
ORD104525,2025-05-16,CUST0275,Naveen Singh,East,Guwahati,Sports & Fitness,Resistance Bands,6489.24,2,15.0,12978.48,1946.77,11031.71,Debit Card,False,1.0
ORD102177,2025-05-16,CUST0007,Karthik Verma,North,Jaipur,Sports & Fitness,Yoga Mat,7742.39,2,0.0,15484.78,0.0,15484.78,Credit Card,False,5.0
ORD104712,2025-05-16,CUST0384,Naveen Kumar,North,Jaipur,Electronics,Smartphone,31103.96,1,5.0,31103.96,1555.2,29548.76,UPI,False,3.0
ORD103919,2025-05-16,CUST0010,Vivaan Sharma,East,Patna,Beauty & Personal Care,Face Serum,2912.98,1,5.0,2912.98,145.65,2767.33,UPI,False,5.0
ORD100740,2025-05-16,CUST0445,Rahul Reddy,West,Mumbai,Electronics,Bluetooth Speaker,2156.84,1,0.0,2156.84,0.0,2156.84,Net Banking,False,4.0
ORD103395,2025-05-16,CUST0200,Sanjay Reddy,East,Patna,Beauty & Personal Care,Trimmer,3192.65,1,5.0,3192.65,159.63,3033.02,UPI,False,2.0
ORD102988,2025-05-16,CUST0306,Anil Verma,South,Kochi,Electronics,Bluetooth Speaker,26064.12,1,0.0,26064.12,0.0,26064.12,Debit Card,False,4.0
ORD104525,2025-05-16,CUST0275,Naveen Singh,East,Guwahati,Sports & Fitness,Resistance Bands,6489.24,2,15.0,12978.48,1946.77,11031.71,Debit Card,False,1.0
ORD101387,2025-05-16,CUST0806,Neha Patel,West,Mumbai,Beauty & Personal Care,Skincare Kit,737.03,2,5.0,1474.06,73.7,1400.36,UPI,False,3.0
ORD105633,2025-05-17,CUST0259,Isha Singh,East,Patna,Sports & Fitness,Yoga Mat,719.49,1,0.0,719.49,0.0,719.49,UPI,False,3.0
ORD102337,2025-05-17,CUST0533,Vihaan Sharma,East,Bhubaneswar,Fashion,Denim Jacket,720.14,1,10.0,720.14,72.01,648.13,Credit Card,False,4.0
ORD100467,2025-05-17,CUST0682,Vihaan Malhotra,North,Lucknow,Electronics,Laptop,12409.81,1,20.0,12409.81,2481.96,9927.85,Credit Card,False,1.0
ORD105092,2025-05-17,CUST0640,Saanvi Sharma,North,Chandigarh,Fashion,Denim Jacket,1567.34,1,0.0,1567.34,0.0,1567.34,UPI,False,5.0
ORD104540,2025-05-17,CUST0792,Shreya Kumar,West,Ahmedabad,Home & Kitchen,Air Fryer,2142.65,1,5.0,2142.65,107.13,2035.52,UPI,False,4.0
ORD100428,2025-05-17,CUST0636,Lakshmi Menon,West,Ahmedabad,Electronics,Bluetooth Speaker,49232.42,1,10.0,49232.42,4923.24,44309.18,Cash on Delivery,True,2.0
ORD103312,2025-05-18,CUST0355,Priya Singh,South,Hyderabad,Beauty & Personal Care,Face Serum,296.32,1,0.0,296.32,0.0,296.32,UPI,False,4.0
ORD101933,2025-05-18,CUST0656,Lakshmi Bose,West,Mumbai,Fashion,Wrist Watch,1521.36,1,0.0,1521.36,0.0,1521.36,UPI,False,5.0
ORD104999,2025-05-18,CUST0275,Naveen Singh,East,Guwahati,Fashion,Backpack,3990.09,1,20.0,3990.09,798.02,3192.07,Debit Card,False,4.0
ORD100971,2025-05-19,CUST0144,Sai Iyer,South,Bengaluru,Sports & Fitness,Cycling Helmet,4157.86,1,0.0,4157.86,0.0,4157.86,Credit Card,False,4.0
ORD103974,2025-05-19,CUST0408,Naveen Menon,North,Delhi,Home & Kitchen,Water Purifier,2798.45,1,0.0,2798.45,0.0,2798.45,Debit Card,False,5.0
ORD103038,2025-05-20,CUST0463,Meera Kapoor,South,Kochi,Fashion,Running Shoes,5383.88,1,0.0,5383.88,0.0,5383.88,Credit Card,False,3.0
ORD104932,2025-05-20,CUST0177,Pooja Desai,North,Chandigarh,Fashion,Wrist Watch,2244.27,1,0.0,2244.27,0.0,2244.27,UPI,False,4.0
ORD104851,2025-05-20,CUST0535,Aditya Kumar,North,Jaipur,Electronics,Laptop,22610.82,1,0.0,22610.82,0.0,22610.82,Cash on Delivery,False,3.0
ORD101500,2025-05-20,CUST0283,Rahul Menon,East,Kolkata,Electronics,Smartwatch,35161.02,1,10.0,35161.02,3516.1,31644.92,Credit Card,False,4.0
ORD102974,2025-05-21,CUST0417,Tara Desai,East,Kolkata,Home & Kitchen,Vacuum Cleaner,1710.93,1,5.0,1710.93,85.55,1625.38,Net Banking,False,5.0
ORD104641,2025-05-21,CUST0354,Neha Menon,East,Guwahati,Sports & Fitness,Dumbbell Set,7827.87,3,25.0,23483.61,5870.9,17612.71,Cash on Delivery,False,4.0
ORD105573,2025-05-21,CUST0027,Vivaan Rao,South,Kochi,Beauty & Personal Care,Skincare Kit,883.7,1,0.0,883.7,0.0,883.7,Debit Card,False,2.0
ORD102924,2025-05-21,CUST0060,Deepak Kumar,East,Guwahati,Sports & Fitness,Dumbbell Set,7725.36,2,0.0,15450.72,0.0,15450.72,UPI,False,5.0
ORD102387,2025-05-21,CUST0790,Pooja Kapoor,West,Mumbai,Fashion,Sunglasses,5687.65,1,0.0,5687.65,0.0,5687.65,UPI,False,5.0
ORD102363,2025-05-21,CUST0813,Karthik Iyer,East,Kolkata,Fashion,Denim Jacket,5425.42,1,5.0,5425.42,271.27,5154.15,Cash on Delivery,False,4.0
ORD100659,2025-05-21,CUST0077,Sai Singh,East,Kolkata,Beauty & Personal Care,Hair Dryer,2697.9,1,10.0,2697.9,269.79,2428.11,UPI,False,3.0
ORD103693,2025-05-21,CUST0050,Suresh Reddy,East,Kolkata,Beauty & Personal Care,Hair Dryer,1764.0,1,5.0,1764.0,88.2,1675.8,Credit Card,False,4.0
ORD100382,2025-05-21,CUST0327,Swati Verma,South,Chennai,Home & Kitchen,Air Fryer,4963.79,1,5.0,4963.79,248.19,4715.6,UPI,False,4.0
ORD101213,2025-05-21,CUST0588,Vivaan Menon,South,Bengaluru,Beauty & Personal Care,Skincare Kit,1506.75,2,0.0,3013.5,0.0,3013.5,UPI,False,5.0
ORD104781,2025-05-21,CUST0304,Saanvi Joshi,South,Kochi,Home & Kitchen,Water Purifier,11710.36,1,10.0,11710.36,1171.04,10539.32,Net Banking,False,2.0
ORD101733,2025-05-22,CUST0509,Divya Desai,West,Ahmedabad,Home & Kitchen,Non-Stick Cookware Set,13216.0,2,5.0,26432.0,1321.6,25110.4,UPI,True,4.0
ORD101294,2025-05-22,CUST0767,Meera Malhotra,East,Patna,Sports & Fitness,Resistance Bands,2391.57,1,5.0,2391.57,119.58,2271.99,Debit Card,False,3.0
ORD100426,2025-05-22,CUST0227,Anil Nair,West,Ahmedabad,Beauty & Personal Care,Hair Dryer,822.5,1,0.0,822.5,0.0,822.5,UPI,False,4.0
ORD101426,2025-05-22,CUST0540,Aarav Iyer,West,Surat,Beauty & Personal Care,Trimmer,2043.66,1,15.0,2043.66,306.55,1737.11,Credit Card,True,5.0
ORD104806,2025-05-22,CUST0641,Priya Chopra,West,Ahmedabad,Beauty & Personal Care,Hair Dryer,1416.66,2,0.0,2833.32,0.0,2833.32,UPI,False,5.0
ORD103756,2025-05-22,CUST0043,Divya Iyer,West,Ahmedabad,Home & Kitchen,Water Purifier,1670.05,1,0.0,1670.05,0.0,1670.05,UPI,False,5.0
ORD101975,2025-05-22,CUST0261,Manish Verma,West,Mumbai,Home & Kitchen,Water Purifier,6426.77,1,10.0,6426.77,642.68,5784.09,UPI,False,5.0
ORD101866,2025-05-22,CUST0070,Sai Pillai,North,Jaipur,Sports & Fitness,Yoga Mat,6399.93,1,20.0,6399.93,1279.99,5119.94,Net Banking,False,5.0
ORD100113,2025-05-22,CUST0329,Nisha Verma,South,Bengaluru,Electronics,Smartwatch,4739.94,1,0.0,4739.94,0.0,4739.94,Credit Card,False,2.0
ORD104562,2025-05-22,CUST0434,Vikram Rao,West,Mumbai,Fashion,Backpack,4228.68,1,0.0,4228.68,0.0,4228.68,Credit Card,False,5.0
ORD101959,2025-05-22,CUST0755,Naveen Kapoor,North,Lucknow,Fashion,Denim Jacket,4027.44,1,0.0,4027.44,0.0,4027.44,UPI,False,5.0
ORD100753,2025-05-23,CUST0830,Lakshmi Nair,West,Ahmedabad,Beauty & Personal Care,Skincare Kit,2096.68,2,10.0,4193.36,419.34,3774.02,Net Banking,False,2.0
ORD105072,2025-05-23,CUST0640,Saanvi Sharma,North,Chandigarh,Sports & Fitness,Yoga Mat,6980.53,1,5.0,6980.53,349.03,6631.5,Credit Card,False,5.0
ORD100485,2025-05-23,CUST0504,Swati Kapoor,West,Surat,Electronics,Wireless Earbuds,52543.81,1,10.0,52543.81,5254.38,47289.43,UPI,False,4.0
ORD103520,2025-05-23,CUST0053,Aarav Iyer,North,Delhi,Electronics,Bluetooth Speaker,27254.51,2,0.0,54509.02,0.0,54509.02,Credit Card,False,4.0
ORD105634,2025-05-23,CUST0220,Vivaan Joshi,North,Chandigarh,Home & Kitchen,Air Fryer,8743.3,1,0.0,8743.3,0.0,8743.3,UPI,False,5.0
ORD102222,2025-05-23,CUST0605,Aarav Menon,West,Surat,Home & Kitchen,Water Purifier,8591.59,1,0.0,8591.59,0.0,8591.59,Credit Card,False,5.0
ORD104556,2025-05-23,CUST0462,Krishna Kumar,West,Ahmedabad,Home & Kitchen,Air Fryer,4434.86,2,0.0,8869.72,0.0,8869.72,Cash on Delivery,False,3.0
ORD105371,2025-05-24,CUST0085,Riya Das,North,Jaipur,Beauty & Personal Care,Perfume,3443.67,2,0.0,6887.34,0.0,6887.34,Credit Card,False,5.0
ORD102526,2025-05-24,CUST0039,Aarav Gupta,East,Bhubaneswar,Sports & Fitness,Yoga Mat,7649.18,1,0.0,7649.18,0.0,7649.18,UPI,False,5.0
ORD103090,2025-05-24,CUST0685,Aditya Patel,North,Lucknow,Beauty & Personal Care,Perfume,1514.21,1,5.0,1514.21,75.71,1438.5,Net Banking,False,5.0
ORD101784,2025-05-24,CUST0143,Naveen Malhotra,South,Hyderabad,Fashion,Sunglasses,4181.8,1,20.0,4181.8,836.36,3345.44,UPI,False,5.0
ORD101569,2025-05-24,CUST0782,Neha Rao,North,Chandigarh,Home & Kitchen,Non-Stick Cookware Set,8175.67,1,0.0,8175.67,0.0,8175.67,Cash on Delivery,False,4.0
ORD100730,2025-05-24,CUST0555,Vivaan Sharma,North,Delhi,Electronics,Smartwatch,21422.56,2,0.0,42845.12,0.0,42845.12,Debit Card,False,5.0
ORD101750,2025-05-24,CUST0638,Nisha Kapoor,East,Kolkata,Fashion,Sunglasses,2393.67,2,0.0,4787.34,0.0,4787.34,UPI,False,4.0
ORD102698,2025-05-24,CUST0767,Meera Malhotra,East,Patna,Home & Kitchen,Mixer Grinder,8506.85,1,0.0,8506.85,0.0,8506.85,Credit Card,False,4.0
ORD103364,2025-05-24,CUST0802,Swati Menon,South,Hyderabad,Home & Kitchen,Mixer Grinder,11667.94,1,0.0,11667.94,0.0,11667.94,UPI,False,2.0
ORD101128,2025-05-24,CUST0720,Manish Das,East,Patna,Fashion,Sunglasses,601.2,1,15.0,601.2,90.18,511.02,Credit Card,False,5.0
ORD103725,2025-05-24,CUST0377,Vikram Verma,South,Kochi,Fashion,Running Shoes,1761.02,1,0.0,1761.02,0.0,1761.02,UPI,False,5.0
ORD105957,2025-05-24,CUST0003,Krishna Gupta,South,Bengaluru,Fashion,Wrist Watch,5999.4,1,0.0,5999.4,0.0,5999.4,Net Banking,False,5.0
ORD103562,2025-05-24,CUST0208,Vikram Bose,East,Kolkata,Sports & Fitness,Resistance Bands,6853.74,2,0.0,13707.48,0.0,13707.48,Credit Card,False,3.0
ORD104097,2025-05-24,CUST0053,Aarav Iyer,North,Delhi,Sports & Fitness,Fitness Band,1268.52,2,0.0,2537.04,0.0,2537.04,Net Banking,False,5.0
ORD104092,2025-05-24,CUST0160,Nisha Kumar,East,Bhubaneswar,Beauty & Personal Care,Perfume,2198.82,2,0.0,4397.64,0.0,4397.64,UPI,True,2.0
ORD104551,2025-05-25,CUST0157,Vivaan Das,North,Lucknow,Beauty & Personal Care,Skincare Kit,2275.0,1,0.0,2275.0,0.0,2275.0,Cash on Delivery,False,5.0
ORD103813,2025-05-25,CUST0823,Karthik Reddy,East,Bhubaneswar,Beauty & Personal Care,Trimmer,617.17,1,0.0,617.17,0.0,617.17,UPI,False,5.0
ORD100529,2025-05-25,CUST0467,Ramesh Rao,South,Kochi,Fashion,Wrist Watch,1378.32,1,0.0,1378.32,0.0,1378.32,Credit Card,False,5.0
ORD101810,2025-05-25,CUST0313,Sneha Patel,North,Chandigarh,Sports & Fitness,Resistance Bands,6518.88,2,0.0,13037.76,0.0,13037.76,Debit Card,False,4.0
ORD105663,2025-05-25,CUST0808,Krishna Mukherjee,West,Surat,Sports & Fitness,Cycling Helmet,5202.02,1,10.0,5202.02,520.2,4681.82,Credit Card,False,5.0
ORD100925,2025-05-26,CUST0640,Saanvi Sharma,North,Chandigarh,Fashion,Running Shoes,5332.22,1,15.0,5332.22,799.83,4532.39,Net Banking,False,4.0
ORD105556,2025-05-26,CUST0139,Shreya Reddy,South,Bengaluru,Home & Kitchen,Non-Stick Cookware Set,2437.02,1,0.0,2437.02,0.0,2437.02,UPI,False,4.0
ORD103952,2025-05-26,CUST0543,Shreya Kapoor,South,Hyderabad,Home & Kitchen,Non-Stick Cookware Set,4963.07,1,0.0,4963.07,0.0,4963.07,Credit Card,False,2.0
ORD103304,2025-05-27,CUST0820,Krishna Joshi,East,Bhubaneswar,Electronics,Bluetooth Speaker,8497.94,1,0.0,8497.94,0.0,8497.94,UPI,False,5.0
ORD104622,2025-05-27,CUST0209,Vivaan Das,North,Lucknow,Beauty & Personal Care,Hair Dryer,1681.87,2,15.0,3363.74,504.56,2859.18,Credit Card,False,4.0
ORD103484,2025-05-27,CUST0802,Swati Menon,South,Hyderabad,Electronics,Wireless Earbuds,12585.0,1,0.0,12585.0,0.0,12585.0,UPI,False,5.0
ORD102656,2025-05-27,CUST0430,Zara Sharma,West,Ahmedabad,Electronics,Smartwatch,46096.55,2,10.0,92193.1,9219.31,82973.79,Credit Card,False,4.0
ORD100005,2025-05-27,CUST0827,Shreya Gupta,North,Chandigarh,Beauty & Personal Care,Skincare Kit,1331.37,2,0.0,2662.74,0.0,2662.74,Credit Card,False,5.0
ORD104352,2025-05-27,CUST0110,Priya Bose,South,Chennai,Fashion,Backpack,2983.38,1,15.0,2983.38,447.51,2535.87,UPI,False,4.0
ORD100723,2025-05-27,CUST0300,Zara Chopra,West,Pune,Beauty & Personal Care,Skincare Kit,2321.16,1,10.0,2321.16,232.12,2089.04,UPI,False,3.0
ORD101931,2025-05-28,CUST0420,Aarav Malhotra,North,Delhi,Beauty & Personal Care,Face Serum,269.03,1,5.0,269.03,13.45,255.58,UPI,False,3.0
ORD105476,2025-05-28,CUST0196,Arjun Pillai,South,Kochi,Beauty & Personal Care,Skincare Kit,2953.88,1,10.0,2953.88,295.39,2658.49,Credit Card,False,2.0
ORD100779,2025-05-28,CUST0549,Neha Bose,South,Bengaluru,Sports & Fitness,Resistance Bands,6633.53,1,25.0,6633.53,1658.38,4975.15,Cash on Delivery,False,4.0
ORD102516,2025-05-28,CUST0386,Nisha Pillai,North,Lucknow,Fashion,Wrist Watch,4171.73,1,0.0,4171.73,0.0,4171.73,Debit Card,False,4.0
ORD101333,2025-05-28,CUST0643,Sneha Chopra,West,Mumbai,Home & Kitchen,Air Fryer,5701.77,2,0.0,11403.54,0.0,11403.54,UPI,False,2.0
ORD103431,2025-05-28,CUST0522,Zara Singh,West,Ahmedabad,Fashion,Backpack,2622.77,1,0.0,2622.77,0.0,2622.77,Net Banking,False,5.0
ORD101169,2025-05-28,CUST0656,Lakshmi Bose,West,Mumbai,Sports & Fitness,Fitness Band,5281.64,1,15.0,5281.64,792.25,4489.39,UPI,False,5.0
ORD100791,2025-05-28,CUST0507,Rohan Desai,West,Surat,Electronics,Smartwatch,42448.34,2,15.0,84896.68,12734.5,72162.18,Credit Card,False,2.0
ORD102938,2025-05-28,CUST0113,Lakshmi Patel,West,Pune,Fashion,Denim Jacket,5752.36,1,5.0,5752.36,287.62,5464.74,UPI,False,1.0
ORD103780,2025-05-28,CUST0725,Sai Joshi,North,Lucknow,Electronics,Smartwatch,45486.95,1,10.0,45486.95,4548.7,40938.25,Credit Card,False,4.0
ORD101171,2025-05-28,CUST0353,Suresh Bose,North,Delhi,Home & Kitchen,Vacuum Cleaner,12257.29,1,25.0,12257.29,3064.32,9192.97,UPI,False,4.0
ORD100125,2025-05-29,CUST0650,Rohan Gupta,West,Mumbai,Beauty & Personal Care,Trimmer,1373.39,1,0.0,1373.39,0.0,1373.39,Credit Card,False,2.0
ORD103713,2025-05-29,CUST0459,Nisha Joshi,East,Guwahati,Home & Kitchen,Non-Stick Cookware Set,5548.98,1,5.0,5548.98,277.45,5271.53,UPI,False,5.0
ORD101762,2025-05-29,CUST0144,Sai Iyer,South,Bengaluru,Electronics,Smartwatch,16963.23,1,5.0,16963.23,848.16,16115.07,UPI,False,4.0
ORD100586,2025-05-29,CUST0266,Riya Gupta,West,Ahmedabad,Beauty & Personal Care,Hair Dryer,971.48,1,10.0,971.48,97.15,874.33,UPI,False,4.0
ORD102299,2025-05-29,CUST0039,Aarav Gupta,East,Bhubaneswar,Beauty & Personal Care,Face Serum,3324.45,1,0.0,3324.45,0.0,3324.45,UPI,False,3.0
ORD101802,2025-05-29,CUST0685,Aditya Patel,North,Lucknow,Sports & Fitness,Yoga Mat,2998.15,1,0.0,2998.15,0.0,2998.15,Credit Card,False,2.0
ORD102310,2025-05-29,CUST0114,Divya Joshi,South,Chennai,Electronics,Bluetooth Speaker,34764.91,1,0.0,34764.91,0.0,34764.91,Net Banking,False,4.0
ORD101803,2025-05-29,CUST0187,Sneha Bose,West,Ahmedabad,Beauty & Personal Care,Face Serum,3041.25,1,0.0,3041.25,0.0,3041.25,UPI,False,4.0
ORD100096,2025-05-29,CUST0383,Meera Reddy,South,Hyderabad,Sports & Fitness,Cycling Helmet,404.06,1,5.0,404.06,20.2,383.86,Net Banking,False,4.0
ORD104144,2025-05-29,CUST0262,Arjun Reddy,East,Patna,Fashion,Running Shoes,2229.68,1,20.0,2229.68,445.94,1783.74,Credit Card,False,5.0
ORD103273,2025-05-29,CUST0111,Vivaan Sharma,West,Ahmedabad,Beauty & Personal Care,Hair Dryer,1071.19,1,10.0,1071.19,107.12,964.07,Debit Card,False,4.0
ORD102049,2025-05-29,CUST0068,Isha Gupta,South,Bengaluru,Fashion,Wrist Watch,5723.52,1,0.0,5723.52,0.0,5723.52,UPI,False,4.0
ORD101325,2025-05-30,CUST0715,Kiran Verma,South,Bengaluru,Home & Kitchen,Mixer Grinder,14122.1,1,5.0,14122.1,706.1,13416.0,Credit Card,False,5.0
ORD104374,2025-05-30,CUST0672,Arjun Reddy,South,Hyderabad,Fashion,Backpack,1241.22,1,0.0,1241.22,0.0,1241.22,Credit Card,False,4.0
ORD105884,2025-05-30,CUST0056,Aarav Reddy,West,Mumbai,Electronics,Smartwatch,8341.92,2,5.0,16683.84,834.19,15849.65,Debit Card,False,1.0
ORD104603,2025-05-30,CUST0195,Sanjay Malhotra,South,Chennai,Home & Kitchen,Vacuum Cleaner,2514.13,1,10.0,2514.13,251.41,2262.72,UPI,False,5.0
ORD102492,2025-05-30,CUST0306,Anil Verma,South,Kochi,Sports & Fitness,Resistance Bands,1286.04,1,10.0,1286.04,128.6,1157.44,UPI,False,3.0
ORD104247,2025-05-30,CUST0375,Karthik Malhotra,South,Bengaluru,Beauty & Personal Care,Hair Dryer,358.27,2,5.0,716.54,35.83,680.71,Debit Card,False,1.0
ORD100363,2025-05-31,CUST0522,Zara Singh,West,Ahmedabad,Electronics,Smartwatch,43766.41,1,0.0,43766.41,0.0,43766.41,UPI,False,3.0
ORD100930,2025-05-31,CUST0019,Vihaan Malhotra,North,Lucknow,Home & Kitchen,Mixer Grinder,11233.11,1,10.0,11233.11,1123.31,10109.8,Net Banking,False,5.0
ORD104223,2025-05-31,CUST0523,Reyansh Sharma,West,Ahmedabad,Electronics,Bluetooth Speaker,11701.43,1,0.0,11701.43,0.0,11701.43,Net Banking,False,5.0
ORD104100,2025-05-31,CUST0599,Divya Desai,South,Kochi,Fashion,Backpack,2938.22,1,0.0,2938.22,0.0,2938.22,Debit Card,False,2.0
ORD105346,2025-05-31,CUST0743,Meera Joshi,East,Patna,Fashion,Sunglasses,1094.8,1,10.0,1094.8,109.48,985.32,Debit Card,False,5.0
ORD102853,2025-05-31,CUST0780,Rahul Mukherjee,North,Delhi,Beauty & Personal Care,Face Serum,1142.64,1,0.0,1142.64,0.0,1142.64,Net Banking,False,4.0
ORD102040,2025-05-31,CUST0828,Diya Das,East,Guwahati,Home & Kitchen,Water Purifier,3015.31,1,5.0,3015.31,150.77,2864.54,Credit Card,False,5.0
ORD103991,2025-06-01,CUST0693,Arjun Bose,West,Surat,Sports & Fitness,Cycling Helmet,339.82,1,20.0,339.82,67.96,271.86,Net Banking,False,4.0
ORD101893,2025-06-01,CUST0157,Vivaan Das,North,Lucknow,Electronics,Wireless Earbuds,36345.13,1,25.0,36345.13,9086.28,27258.85,Credit Card,False,3.0
ORD104133,2025-06-01,CUST0364,Diya Malhotra,North,Delhi,Fashion,Denim Jacket,3341.2,1,10.0,3341.2,334.12,3007.08,UPI,False,4.0
ORD101236,2025-06-01,CUST0790,Pooja Kapoor,West,Mumbai,Home & Kitchen,Vacuum Cleaner,9771.99,3,25.0,29315.97,7328.99,21986.98,UPI,False,1.0
ORD103962,2025-06-01,CUST0306,Anil Verma,South,Kochi,Electronics,Bluetooth Speaker,2396.03,1,5.0,2396.03,119.8,2276.23,UPI,False,5.0
ORD101538,2025-06-01,CUST0839,Diya Iyer,West,Ahmedabad,Sports & Fitness,Dumbbell Set,3818.12,3,5.0,11454.36,572.72,10881.64,Debit Card,False,3.0
ORD104596,2025-06-02,CUST0306,Anil Verma,South,Kochi,Beauty & Personal Care,Trimmer,440.68,1,15.0,440.68,66.1,374.58,Credit Card,False,5.0
ORD104145,2025-06-02,CUST0404,Neha Singh,North,Lucknow,Electronics,Wireless Earbuds,16148.78,1,0.0,16148.78,0.0,16148.78,Debit Card,False,5.0
ORD101434,2025-06-02,CUST0725,Sai Joshi,North,Lucknow,Beauty & Personal Care,Face Serum,3199.85,3,0.0,9599.55,0.0,9599.55,Cash on Delivery,False,2.0
ORD105275,2025-06-02,CUST0159,Ishaan Menon,East,Guwahati,Electronics,Smartphone,36078.18,1,10.0,36078.18,3607.82,32470.36,Credit Card,False,5.0
ORD100222,2025-06-02,CUST0589,Aarav Joshi,South,Chennai,Electronics,Bluetooth Speaker,51144.46,1,0.0,51144.46,0.0,51144.46,Credit Card,False,3.0
ORD101751,2025-06-02,CUST0751,Kavya Desai,North,Delhi,Beauty & Personal Care,Perfume,366.03,1,5.0,366.03,18.3,347.73,Cash on Delivery,False,5.0
ORD104230,2025-06-02,CUST0555,Vivaan Sharma,North,Delhi,Home & Kitchen,Water Purifier,3502.85,1,0.0,3502.85,0.0,3502.85,UPI,False,4.0
ORD101295,2025-06-02,CUST0820,Krishna Joshi,East,Bhubaneswar,Sports & Fitness,Fitness Band,7000.86,1,5.0,7000.86,350.04,6650.82,Debit Card,False,5.0
ORD103928,2025-06-02,CUST0555,Vivaan Sharma,North,Delhi,Sports & Fitness,Dumbbell Set,3270.76,1,0.0,3270.76,0.0,3270.76,Credit Card,False,2.0
ORD103035,2025-06-03,CUST0622,Deepak Kapoor,South,Bengaluru,Electronics,Smartphone,40692.37,1,0.0,40692.37,0.0,40692.37,Credit Card,False,4.0
ORD103006,2025-06-03,CUST0003,Krishna Gupta,South,Bengaluru,Electronics,Laptop,18031.66,1,10.0,18031.66,1803.17,16228.49,Debit Card,False,4.0
ORD101926,2025-06-03,CUST0350,Sneha Rao,West,Ahmedabad,Electronics,Smartphone,27645.96,1,20.0,27645.96,5529.19,22116.77,UPI,False,5.0
ORD103757,2025-06-03,CUST0685,Aditya Patel,North,Lucknow,Beauty & Personal Care,Hair Dryer,807.28,1,0.0,807.28,0.0,807.28,Debit Card,False,1.0
ORD104935,2025-06-03,CUST0533,Vihaan Sharma,East,Bhubaneswar,Home & Kitchen,Water Purifier,9446.81,1,25.0,9446.81,2361.7,7085.11,Credit Card,True,5.0
ORD105209,2025-06-03,CUST0389,Anil Nair,South,Hyderabad,Electronics,Bluetooth Speaker,16204.73,1,5.0,16204.73,810.24,15394.49,Net Banking,False,5.0
ORD100658,2025-06-04,CUST0003,Krishna Gupta,South,Bengaluru,Fashion,Wrist Watch,4068.14,1,0.0,4068.14,0.0,4068.14,Net Banking,False,5.0
ORD104586,2025-06-04,CUST0574,Vihaan Chopra,West,Pune,Sports & Fitness,Cycling Helmet,5834.07,1,0.0,5834.07,0.0,5834.07,Net Banking,False,3.0
ORD103075,2025-06-04,CUST0631,Nisha Iyer,North,Delhi,Fashion,Backpack,1628.63,1,0.0,1628.63,0.0,1628.63,Credit Card,False,5.0
ORD103447,2025-06-05,CUST0391,Saanvi Kapoor,East,Kolkata,Beauty & Personal Care,Face Serum,1255.67,1,0.0,1255.67,0.0,1255.67,Net Banking,False,2.0
ORD103851,2025-06-05,CUST0501,Suresh Sharma,North,Delhi,Fashion,Sunglasses,4562.58,1,20.0,4562.58,912.52,3650.06,Debit Card,False,3.0
ORD104381,2025-06-05,CUST0413,Ananya Singh,East,Bhubaneswar,Home & Kitchen,Air Fryer,7631.64,2,0.0,15263.28,0.0,15263.28,UPI,False,5.0
ORD100318,2025-06-05,CUST0085,Riya Das,North,Jaipur,Home & Kitchen,Water Purifier,14501.18,1,5.0,14501.18,725.06,13776.12,UPI,False,5.0
ORD104030,2025-06-05,CUST0606,Swati Kumar,South,Chennai,Fashion,Running Shoes,1885.24,2,5.0,3770.48,188.52,3581.96,UPI,False,5.0
ORD100322,2025-06-05,CUST0333,Suresh Kapoor,West,Mumbai,Beauty & Personal Care,Trimmer,276.86,1,10.0,276.86,27.69,249.17,UPI,False,3.0
ORD101965,2025-06-05,CUST0333,Suresh Kapoor,West,Mumbai,Beauty & Personal Care,Hair Dryer,2987.85,1,0.0,2987.85,0.0,2987.85,UPI,False,4.0
ORD101242,2025-06-05,CUST0490,Swati Mukherjee,North,Lucknow,Electronics,Laptop,53787.09,1,5.0,53787.09,2689.35,51097.74,Net Banking,True,5.0
ORD102557,2025-06-05,CUST0116,Zara Sharma,West,Pune,Electronics,Bluetooth Speaker,43128.85,1,10.0,43128.85,4312.88,38815.97,Credit Card,False,5.0
ORD103252,2025-06-05,CUST0828,Diya Das,East,Guwahati,Electronics,Smartwatch,39418.87,3,0.0,118256.61,0.0,118256.61,Credit Card,False,2.0
ORD103479,2025-06-06,CUST0070,Sai Pillai,North,Jaipur,Electronics,Smartphone,11105.61,1,0.0,11105.61,0.0,11105.61,Credit Card,False,2.0
ORD103740,2025-06-06,CUST0408,Naveen Menon,North,Delhi,Electronics,Smartphone,41861.58,1,10.0,41861.58,4186.16,37675.42,UPI,False,3.0
ORD104102,2025-06-06,CUST0789,Riya Pillai,North,Lucknow,Fashion,Running Shoes,5462.68,1,20.0,5462.68,1092.54,4370.14,Net Banking,False,4.0
ORD101588,2025-06-07,CUST0174,Krishna Pillai,East,Patna,Fashion,Sunglasses,3682.2,1,0.0,3682.2,0.0,3682.2,Debit Card,False,4.0
ORD102982,2025-06-07,CUST0624,Priya Gupta,West,Ahmedabad,Electronics,Laptop,52392.49,1,10.0,52392.49,5239.25,47153.24,UPI,False,5.0
ORD102024,2025-06-07,CUST0285,Divya Joshi,North,Jaipur,Home & Kitchen,Air Fryer,6119.5,1,0.0,6119.5,0.0,6119.5,Net Banking,False,5.0
ORD101356,2025-06-07,CUST0062,Pooja Gupta,South,Kochi,Sports & Fitness,Fitness Band,6977.16,1,5.0,6977.16,348.86,6628.3,Debit Card,False,5.0
ORD105641,2025-06-08,CUST0306,Anil Verma,South,Kochi,Fashion,Wrist Watch,5329.67,1,0.0,5329.67,0.0,5329.67,UPI,False,1.0
ORD104134,2025-06-08,CUST0417,Tara Desai,East,Kolkata,Beauty & Personal Care,Trimmer,1374.58,1,20.0,1374.58,274.92,1099.66,Debit Card,False,5.0
ORD104096,2025-06-08,CUST0410,Sai Das,North,Chandigarh,Home & Kitchen,Water Purifier,10317.14,1,5.0,10317.14,515.86,9801.28,UPI,False,5.0
ORD101864,2025-06-09,CUST0452,Kavya Joshi,North,Chandigarh,Sports & Fitness,Cycling Helmet,656.77,1,0.0,656.77,0.0,656.77,Credit Card,False,3.0
ORD103373,2025-06-09,CUST0349,Zara Reddy,South,Kochi,Fashion,Denim Jacket,2492.41,1,15.0,2492.41,373.86,2118.55,Net Banking,True,4.0
ORD105331,2025-06-09,CUST0391,Saanvi Kapoor,East,Kolkata,Sports & Fitness,Resistance Bands,1405.64,1,5.0,1405.64,70.28,1335.36,UPI,False,4.0
ORD100050,2025-06-09,CUST0702,Manish Chopra,West,Surat,Beauty & Personal Care,Face Serum,3387.71,2,5.0,6775.42,338.77,6436.65,UPI,False,1.0
ORD104595,2025-06-09,CUST0787,Karthik Joshi,North,Chandigarh,Fashion,Sunglasses,499.18,1,0.0,499.18,0.0,499.18,Net Banking,False,5.0
ORD104289,2025-06-11,CUST0438,Ishaan Verma,West,Ahmedabad,Fashion,Denim Jacket,3066.44,1,0.0,3066.44,0.0,3066.44,Credit Card,False,5.0
ORD100922,2025-06-11,CUST0675,Zara Das,North,Delhi,Electronics,Laptop,30765.97,1,0.0,30765.97,0.0,30765.97,UPI,False,4.0
ORD102818,2025-06-11,CUST0159,Ishaan Menon,East,Guwahati,Beauty & Personal Care,Skincare Kit,1405.7,1,0.0,1405.7,0.0,1405.7,Net Banking,False,4.0
ORD102783,2025-06-11,CUST0533,Vihaan Sharma,East,Bhubaneswar,Home & Kitchen,Non-Stick Cookware Set,11569.88,2,0.0,23139.76,0.0,23139.76,Credit Card,False,5.0
ORD101164,2025-06-11,CUST0307,Rohan Mukherjee,South,Kochi,Electronics,Smartphone,14221.75,1,0.0,14221.75,0.0,14221.75,Credit Card,False,5.0
ORD103330,2025-06-11,CUST0477,Meera Singh,South,Hyderabad,Sports & Fitness,Dumbbell Set,3507.94,1,15.0,3507.94,526.19,2981.75,Credit Card,False,4.0
ORD104564,2025-06-11,CUST0844,Kiran Bose,West,Surat,Sports & Fitness,Dumbbell Set,6793.0,2,15.0,13586.0,2037.9,11548.1,UPI,False,4.0
ORD105311,2025-06-11,CUST0441,Swati Singh,North,Lucknow,Sports & Fitness,Yoga Mat,2906.79,2,5.0,5813.58,290.68,5522.9,UPI,False,5.0
ORD103748,2025-06-11,CUST0474,Neha Kapoor,South,Bengaluru,Sports & Fitness,Yoga Mat,1786.94,1,0.0,1786.94,0.0,1786.94,UPI,False,5.0
ORD102646,2025-06-11,CUST0676,Divya Mukherjee,East,Patna,Home & Kitchen,Non-Stick Cookware Set,5355.12,1,0.0,5355.12,0.0,5355.12,Credit Card,False,1.0
ORD101534,2025-06-12,CUST0471,Rohan Reddy,East,Bhubaneswar,Home & Kitchen,Non-Stick Cookware Set,10658.82,1,0.0,10658.82,0.0,10658.82,Net Banking,False,5.0
ORD101855,2025-06-12,CUST0838,Nisha Kumar,East,Bhubaneswar,Sports & Fitness,Dumbbell Set,1767.78,1,10.0,1767.78,176.78,1591.0,Net Banking,False,5.0
ORD105016,2025-06-12,CUST0629,Suresh Mukherjee,North,Delhi,Electronics,Smartphone,17026.69,1,15.0,17026.69,2554.0,14472.69,Cash on Delivery,False,4.0
ORD105595,2025-06-12,CUST0417,Tara Desai,East,Kolkata,Beauty & Personal Care,Skincare Kit,1139.41,1,0.0,1139.41,0.0,1139.41,Debit Card,False,4.0
ORD105532,2025-06-12,CUST0298,Kiran Das,North,Lucknow,Electronics,Wireless Earbuds,27664.54,2,10.0,55329.08,5532.91,49796.17,UPI,False,5.0
ORD103290,2025-06-12,CUST0617,Suresh Reddy,South,Chennai,Home & Kitchen,Non-Stick Cookware Set,7572.98,1,0.0,7572.98,0.0,7572.98,Net Banking,False,5.0
ORD102424,2025-06-12,CUST0789,Riya Pillai,North,Lucknow,Sports & Fitness,Fitness Band,3855.34,1,0.0,3855.34,0.0,3855.34,Credit Card,False,5.0
ORD105845,2025-06-13,CUST0741,Ramesh Menon,South,Hyderabad,Fashion,Running Shoes,4919.11,1,0.0,4919.11,0.0,4919.11,Debit Card,False,5.0
ORD104801,2025-06-13,CUST0598,Zara Joshi,East,Patna,Beauty & Personal Care,Trimmer,2482.56,1,0.0,2482.56,0.0,2482.56,Net Banking,False,4.0
ORD103345,2025-06-13,CUST0473,Manisha Chopra,South,Hyderabad,Electronics,Bluetooth Speaker,54586.85,2,15.0,109173.7,16376.06,92797.64,Credit Card,False,5.0
ORD103889,2025-06-13,CUST0564,Divya Desai,South,Bengaluru,Electronics,Laptop,35809.39,1,5.0,35809.39,1790.47,34018.92,Credit Card,False,2.0
ORD100982,2025-06-13,CUST0041,Krishna Menon,North,Lucknow,Electronics,Laptop,27114.8,1,20.0,27114.8,5422.96,21691.84,Credit Card,False,4.0
ORD102060,2025-06-13,CUST0707,Isha Menon,West,Pune,Electronics,Smartwatch,5340.76,1,0.0,5340.76,0.0,5340.76,UPI,False,5.0
ORD104350,2025-06-13,CUST0674,Ishaan Iyer,South,Bengaluru,Fashion,Running Shoes,3326.25,3,10.0,9978.75,997.88,8980.87,UPI,False,5.0
ORD100804,2025-06-13,CUST0363,Aarav Reddy,West,Mumbai,Home & Kitchen,Vacuum Cleaner,1684.53,2,0.0,3369.06,0.0,3369.06,Credit Card,False,5.0
ORD104336,2025-06-14,CUST0202,Arjun Nair,North,Lucknow,Electronics,Smartphone,8530.11,1,0.0,8530.11,0.0,8530.11,Debit Card,False,5.0
ORD100269,2025-06-14,CUST0617,Suresh Reddy,South,Chennai,Sports & Fitness,Cycling Helmet,1964.25,1,20.0,1964.25,392.85,1571.4,Cash on Delivery,False,1.0
ORD100233,2025-06-14,CUST0715,Kiran Verma,South,Bengaluru,Sports & Fitness,Cycling Helmet,1314.43,1,15.0,1314.43,197.16,1117.27,Net Banking,False,5.0
ORD105382,2025-06-14,CUST0515,Vikram Gupta,West,Ahmedabad,Home & Kitchen,Non-Stick Cookware Set,933.66,1,0.0,933.66,0.0,933.66,Debit Card,False,5.0
ORD102073,2025-06-15,CUST0787,Karthik Joshi,North,Chandigarh,Sports & Fitness,Fitness Band,1293.63,1,0.0,1293.63,0.0,1293.63,Credit Card,False,4.0
ORD102854,2025-06-15,CUST0750,Pooja Verma,North,Chandigarh,Sports & Fitness,Fitness Band,3135.88,1,0.0,3135.88,0.0,3135.88,Net Banking,False,2.0
ORD104456,2025-06-15,CUST0577,Saanvi Kumar,East,Guwahati,Home & Kitchen,Air Fryer,7394.68,1,5.0,7394.68,369.73,7024.95,Net Banking,False,2.0
ORD102103,2025-06-15,CUST0428,Vivaan Chopra,South,Hyderabad,Electronics,Smartphone,46549.53,1,0.0,46549.53,0.0,46549.53,Credit Card,False,2.0
ORD103551,2025-06-15,CUST0222,Deepak Singh,North,Jaipur,Sports & Fitness,Dumbbell Set,3728.97,1,0.0,3728.97,0.0,3728.97,Debit Card,False,4.0
ORD100602,2025-06-16,CUST0350,Sneha Rao,West,Ahmedabad,Electronics,Smartwatch,36401.68,1,0.0,36401.68,0.0,36401.68,Credit Card,False,2.0
ORD102353,2025-06-16,CUST0383,Meera Reddy,South,Hyderabad,Sports & Fitness,Yoga Mat,6103.07,1,10.0,6103.07,610.31,5492.76,Debit Card,False,2.0
ORD101528,2025-06-16,CUST0407,Vivaan Desai,North,Delhi,Home & Kitchen,Air Fryer,7970.31,2,10.0,15940.62,1594.06,14346.56,Debit Card,True,4.0
ORD100584,2025-06-16,CUST0480,Vivaan Joshi,East,Guwahati,Electronics,Bluetooth Speaker,46729.67,1,10.0,46729.67,4672.97,42056.7,Credit Card,False,3.0
ORD102090,2025-06-16,CUST0780,Rahul Mukherjee,North,Delhi,Sports & Fitness,Resistance Bands,2109.3,1,15.0,2109.3,316.4,1792.9,Credit Card,False,4.0
ORD103198,2025-06-16,CUST0469,Manish Sharma,North,Lucknow,Sports & Fitness,Fitness Band,2277.13,1,5.0,2277.13,113.86,2163.27,UPI,False,4.0
ORD100854,2025-06-16,CUST0050,Suresh Reddy,East,Kolkata,Electronics,Bluetooth Speaker,37451.2,1,5.0,37451.2,1872.56,35578.64,UPI,False,4.0
ORD102875,2025-06-16,CUST0725,Sai Joshi,North,Lucknow,Home & Kitchen,Vacuum Cleaner,4204.54,2,0.0,8409.08,0.0,8409.08,UPI,False,5.0
ORD105676,2025-06-16,CUST0275,Naveen Singh,East,Guwahati,Electronics,Smartphone,42813.91,2,0.0,85627.82,0.0,85627.82,UPI,False,4.0
ORD102263,2025-06-16,CUST0669,Rohan Menon,South,Kochi,Home & Kitchen,Mixer Grinder,1406.87,1,0.0,1406.87,0.0,1406.87,UPI,False,4.0
ORD100079,2025-06-16,CUST0240,Tara Pillai,North,Chandigarh,Home & Kitchen,Vacuum Cleaner,3749.34,1,0.0,3749.34,0.0,3749.34,Net Banking,False,4.0
ORD103132,2025-06-17,CUST0485,Rohan Singh,West,Ahmedabad,Home & Kitchen,Non-Stick Cookware Set,2053.94,1,0.0,2053.94,0.0,2053.94,UPI,True,5.0
ORD100014,2025-06-17,CUST0220,Vivaan Joshi,North,Chandigarh,Sports & Fitness,Yoga Mat,2117.17,1,0.0,2117.17,0.0,2117.17,Credit Card,False,3.0
ORD103978,2025-06-18,CUST0123,Anil Mukherjee,South,Hyderabad,Home & Kitchen,Water Purifier,3318.25,1,15.0,3318.25,497.74,2820.51,UPI,False,4.0
ORD103161,2025-06-19,CUST0808,Krishna Mukherjee,West,Surat,Beauty & Personal Care,Skincare Kit,2021.76,1,0.0,2021.76,0.0,2021.76,Credit Card,False,1.0
ORD102997,2025-06-19,CUST0101,Tara Iyer,North,Chandigarh,Electronics,Laptop,25267.09,1,25.0,25267.09,6316.77,18950.32,Debit Card,False,2.0
ORD100950,2025-06-19,CUST0631,Nisha Iyer,North,Delhi,Home & Kitchen,Water Purifier,14640.91,1,0.0,14640.91,0.0,14640.91,Credit Card,False,5.0
ORD101441,2025-06-19,CUST0202,Arjun Nair,North,Lucknow,Home & Kitchen,Air Fryer,4628.74,1,15.0,4628.74,694.31,3934.43,Cash on Delivery,False,1.0
ORD105326,2025-06-19,CUST0007,Karthik Verma,North,Jaipur,Sports & Fitness,Cycling Helmet,2216.49,1,25.0,2216.49,554.12,1662.37,Credit Card,False,4.0
ORD105564,2025-06-19,CUST0279,Anil Sharma,North,Chandigarh,Sports & Fitness,Resistance Bands,673.48,1,0.0,673.48,0.0,673.48,UPI,False,3.0
ORD105575,2025-06-20,CUST0591,Deepak Menon,West,Mumbai,Electronics,Smartphone,13601.08,1,0.0,13601.08,0.0,13601.08,Credit Card,False,3.0
ORD101562,2025-06-20,CUST0048,Diya Verma,East,Patna,Beauty & Personal Care,Skincare Kit,1862.67,1,0.0,1862.67,0.0,1862.67,UPI,False,2.0
ORD100732,2025-06-20,CUST0790,Pooja Kapoor,West,Mumbai,Fashion,Backpack,1123.43,2,5.0,2246.86,112.34,2134.52,Net Banking,False,5.0
ORD102782,2025-06-20,CUST0369,Karthik Kapoor,South,Bengaluru,Home & Kitchen,Vacuum Cleaner,10755.82,1,0.0,10755.82,0.0,10755.82,Credit Card,False,5.0
ORD103147,2025-06-20,CUST0834,Kiran Verma,East,Bhubaneswar,Home & Kitchen,Air Fryer,7302.26,1,20.0,7302.26,1460.45,5841.81,Credit Card,False,4.0
ORD105690,2025-06-20,CUST0396,Lakshmi Rao,North,Lucknow,Electronics,Bluetooth Speaker,28064.52,1,0.0,28064.52,0.0,28064.52,Net Banking,False,5.0
ORD101778,2025-06-21,CUST0806,Neha Patel,West,Mumbai,Beauty & Personal Care,Skincare Kit,252.43,1,0.0,252.43,0.0,252.43,Cash on Delivery,False,5.0
ORD100072,2025-06-21,CUST0075,Isha Patel,North,Jaipur,Electronics,Smartphone,48203.88,1,15.0,48203.88,7230.58,40973.3,UPI,False,4.0
ORD105964,2025-06-21,CUST0304,Saanvi Joshi,South,Kochi,Home & Kitchen,Vacuum Cleaner,2955.25,1,5.0,2955.25,147.76,2807.49,Debit Card,False,5.0
ORD103026,2025-06-21,CUST0437,Kavya Menon,South,Kochi,Electronics,Smartphone,5949.02,1,0.0,5949.02,0.0,5949.02,Net Banking,False,4.0
ORD104684,2025-06-21,CUST0464,Ramesh Sharma,West,Surat,Home & Kitchen,Mixer Grinder,12298.66,2,0.0,24597.32,0.0,24597.32,UPI,False,5.0
ORD102885,2025-06-21,CUST0394,Krishna Singh,South,Chennai,Fashion,Running Shoes,3990.75,1,0.0,3990.75,0.0,3990.75,Cash on Delivery,False,5.0
ORD101567,2025-06-21,CUST0343,Vikram Kapoor,East,Patna,Beauty & Personal Care,Hair Dryer,2915.47,2,0.0,5830.94,0.0,5830.94,Net Banking,False,5.0
ORD100729,2025-06-22,CUST0837,Kiran Rao,North,Delhi,Electronics,Smartwatch,12781.68,1,0.0,12781.68,0.0,12781.68,Cash on Delivery,False,4.0
ORD105079,2025-06-22,CUST0316,Sai Das,East,Patna,Electronics,Smartwatch,19319.64,2,5.0,38639.28,1931.96,36707.32,UPI,True,4.0
ORD103362,2025-06-22,CUST0162,Anil Chopra,South,Bengaluru,Sports & Fitness,Cycling Helmet,7963.79,1,0.0,7963.79,0.0,7963.79,Net Banking,False,4.0
ORD103643,2025-06-22,CUST0075,Isha Patel,North,Jaipur,Electronics,Wireless Earbuds,1650.37,1,20.0,1650.37,330.07,1320.3,Debit Card,False,3.0
ORD102754,2025-06-23,CUST0020,Ishaan Verma,East,Bhubaneswar,Beauty & Personal Care,Face Serum,2458.94,2,0.0,4917.88,0.0,4917.88,UPI,False,4.0
ORD102525,2025-06-23,CUST0677,Saanvi Das,West,Surat,Electronics,Bluetooth Speaker,40681.39,3,0.0,122044.17,0.0,122044.17,UPI,False,1.0
ORD102038,2025-06-23,CUST0289,Aditya Bose,South,Bengaluru,Home & Kitchen,Non-Stick Cookware Set,14675.12,2,10.0,29350.24,2935.02,26415.22,UPI,False,5.0
ORD102205,2025-06-23,CUST0224,Deepak Verma,West,Ahmedabad,Beauty & Personal Care,Perfume,2759.91,1,0.0,2759.91,0.0,2759.91,UPI,False,4.0
ORD104458,2025-06-24,CUST0410,Sai Das,North,Chandigarh,Beauty & Personal Care,Trimmer,466.65,2,5.0,933.3,46.66,886.64,Credit Card,False,4.0
ORD102011,2025-06-24,CUST0132,Diya Joshi,East,Bhubaneswar,Fashion,Running Shoes,5386.71,1,0.0,5386.71,0.0,5386.71,Credit Card,False,4.0
ORD101559,2025-06-24,CUST0599,Divya Desai,South,Kochi,Home & Kitchen,Vacuum Cleaner,10544.1,1,0.0,10544.1,0.0,10544.1,UPI,False,4.0
ORD101672,2025-06-25,CUST0159,Ishaan Menon,East,Guwahati,Home & Kitchen,Water Purifier,6995.44,1,5.0,6995.44,349.77,6645.67,Cash on Delivery,False,3.0
ORD102118,2025-06-25,CUST0540,Aarav Iyer,West,Surat,Fashion,Sunglasses,5233.07,1,0.0,5233.07,0.0,5233.07,Net Banking,False,5.0
ORD103389,2025-06-25,CUST0223,Ramesh Kumar,North,Chandigarh,Beauty & Personal Care,Hair Dryer,375.48,1,0.0,375.48,0.0,375.48,Credit Card,False,3.0
ORD105043,2025-06-26,CUST0019,Vihaan Malhotra,North,Lucknow,Fashion,Denim Jacket,1707.84,1,10.0,1707.84,170.78,1537.06,Debit Card,False,5.0
ORD103376,2025-06-26,CUST0552,Shreya Joshi,South,Hyderabad,Beauty & Personal Care,Trimmer,2493.79,1,0.0,2493.79,0.0,2493.79,UPI,False,4.0
ORD100989,2025-06-26,CUST0670,Sneha Patel,North,Lucknow,Fashion,Denim Jacket,642.03,2,0.0,1284.06,0.0,1284.06,UPI,False,5.0
ORD100505,2025-06-26,CUST0124,Saanvi Verma,North,Jaipur,Fashion,Running Shoes,4882.02,1,5.0,4882.02,244.1,4637.92,Credit Card,False,5.0
ORD100939,2025-06-26,CUST0283,Rahul Menon,East,Kolkata,Home & Kitchen,Air Fryer,9764.25,2,10.0,19528.5,1952.85,17575.65,UPI,False,5.0
ORD105661,2025-06-26,CUST0762,Anil Pillai,East,Bhubaneswar,Electronics,Bluetooth Speaker,12902.89,2,0.0,25805.78,0.0,25805.78,Credit Card,False,4.0
ORD102522,2025-06-26,CUST0343,Vikram Kapoor,East,Patna,Beauty & Personal Care,Face Serum,1404.02,1,5.0,1404.02,70.2,1333.82,UPI,False,3.0
ORD105014,2025-06-26,CUST0749,Ramesh Menon,South,Hyderabad,Home & Kitchen,Vacuum Cleaner,11650.2,1,0.0,11650.2,0.0,11650.2,UPI,False,
ORD101050,2025-06-26,CUST0772,Meera Malhotra,South,Bengaluru,Fashion,Denim Jacket,4735.89,1,0.0,4735.89,0.0,4735.89,Credit Card,False,4.0
ORD101635,2025-06-27,CUST0776,Karthik Verma,South,Bengaluru,Sports & Fitness,Resistance Bands,2679.12,1,0.0,2679.12,0.0,2679.12,UPI,False,5.0
ORD100975,2025-06-27,CUST0161,Deepak Iyer,West,Pune,Electronics,Smartphone,11733.17,2,15.0,23466.34,3519.95,19946.39,UPI,False,5.0
ORD102887,2025-06-27,CUST0605,Aarav Menon,West,Surat,Sports & Fitness,Fitness Band,791.41,2,15.0,1582.82,237.42,1345.4,Net Banking,False,5.0
ORD100040,2025-06-27,CUST0481,Kiran Nair,South,Chennai,Beauty & Personal Care,Skincare Kit,3223.21,1,0.0,3223.21,0.0,3223.21,Credit Card,False,2.0
ORD104384,2025-06-28,CUST0406,Vikram Rao,North,Lucknow,Electronics,Laptop,9265.62,2,5.0,18531.24,926.56,17604.68,UPI,False,4.0
ORD105715,2025-06-28,CUST0208,Vikram Bose,East,Kolkata,Fashion,Wrist Watch,2787.93,2,5.0,5575.86,278.79,5297.07,Debit Card,False,4.0
ORD105458,2025-06-28,CUST0179,Divya Singh,West,Pune,Fashion,Wrist Watch,2288.82,1,0.0,2288.82,0.0,2288.82,Credit Card,False,2.0
ORD104025,2025-06-28,CUST0728,Pooja Verma,North,Lucknow,Sports & Fitness,Fitness Band,5539.01,1,0.0,5539.01,0.0,5539.01,UPI,False,4.0
ORD100256,2025-06-28,CUST0380,Suresh Malhotra,South,Chennai,Fashion,Sunglasses,5499.6,3,0.0,16498.8,0.0,16498.8,Debit Card,False,4.0
ORD101770,2025-06-29,CUST0327,Swati Verma,South,Chennai,Fashion,Wrist Watch,2235.69,1,0.0,2235.69,0.0,2235.69,Credit Card,False,3.0
ORD100872,2025-06-29,CUST0083,Vivaan Iyer,North,Lucknow,Fashion,Sunglasses,2869.79,1,0.0,2869.79,0.0,2869.79,Cash on Delivery,False,5.0
ORD103432,2025-06-29,CUST0820,Krishna Joshi,East,Bhubaneswar,Electronics,Bluetooth Speaker,19420.69,1,15.0,19420.69,2913.1,16507.59,Net Banking,False,4.0
ORD104495,2025-06-29,CUST0725,Sai Joshi,North,Lucknow,Home & Kitchen,Mixer Grinder,8256.55,1,15.0,8256.55,1238.48,7018.07,UPI,False,2.0
ORD102659,2025-06-29,CUST0209,Vivaan Das,North,Lucknow,Beauty & Personal Care,Trimmer,1348.54,1,0.0,1348.54,0.0,1348.54,Cash on Delivery,False,3.0
ORD104383,2025-06-30,CUST0111,Vivaan Sharma,West,Ahmedabad,Home & Kitchen,Water Purifier,2907.49,1,0.0,2907.49,0.0,2907.49,Net Banking,False,5.0
ORD100540,2025-06-30,CUST0302,Ramesh Chopra,West,Mumbai,Home & Kitchen,Mixer Grinder,9996.43,1,0.0,9996.43,0.0,9996.43,Cash on Delivery,False,4.0
ORD101038,2025-07-01,CUST0522,Zara Singh,West,Ahmedabad,Beauty & Personal Care,Perfume,2549.55,1,0.0,2549.55,0.0,2549.55,Credit Card,False,5.0
ORD101793,2025-07-01,CUST0811,Zara Bose,South,Chennai,Fashion,Backpack,3675.65,1,10.0,3675.65,367.56,3308.09,UPI,False,4.0
ORD100421,2025-07-01,CUST0555,Vivaan Sharma,North,Delhi,Beauty & Personal Care,Hair Dryer,1912.17,1,5.0,1912.17,95.61,1816.56,Credit Card,False,5.0
ORD103291,2025-07-02,CUST0244,Tara Kapoor,South,Chennai,Sports & Fitness,Fitness Band,7496.93,1,0.0,7496.93,0.0,7496.93,Debit Card,False,5.0
ORD103921,2025-07-02,CUST0271,Deepak Joshi,East,Guwahati,Fashion,Backpack,5575.77,1,0.0,5575.77,0.0,5575.77,Debit Card,False,1.0
ORD100130,2025-07-02,CUST0462,Krishna Kumar,West,Ahmedabad,Electronics,Wireless Earbuds,41676.2,1,5.0,41676.2,2083.81,39592.39,Credit Card,False,5.0
ORD102001,2025-07-02,CUST0812,Vihaan Rao,West,Pune,Home & Kitchen,Air Fryer,5193.08,1,5.0,5193.08,259.65,4933.43,Net Banking,False,4.0
ORD104278,2025-07-02,CUST0008,Vikram Pillai,West,Mumbai,Sports & Fitness,Yoga Mat,5443.22,1,0.0,5443.22,0.0,5443.22,Net Banking,False,5.0
ORD104167,2025-07-02,CUST0685,Aditya Patel,North,Lucknow,Home & Kitchen,Non-Stick Cookware Set,14696.32,1,5.0,14696.32,734.82,13961.5,Debit Card,False,5.0
ORD100809,2025-07-02,CUST0092,Pooja Nair,South,Hyderabad,Beauty & Personal Care,Face Serum,2234.15,1,,2234.15,111.71,2122.44,Debit Card,False,4.0
ORD102062,2025-07-03,CUST0682,Vihaan Malhotra,North,Lucknow,Home & Kitchen,Air Fryer,12407.13,1,10.0,12407.13,1240.71,11166.42,UPI,False,5.0
ORD105870,2025-07-03,CUST0708,Anil Kumar,South,Chennai,Electronics,Smartwatch,29233.94,1,10.0,29233.94,2923.39,26310.55,Cash on Delivery,False,5.0
ORD101298,2025-07-03,CUST0606,Swati Kumar,South,Chennai,Home & Kitchen,Mixer Grinder,4874.22,3,0.0,14622.66,0.0,14622.66,UPI,False,5.0
ORD104769,2025-07-03,CUST0407,Vivaan Desai,North,Delhi,Sports & Fitness,Cycling Helmet,7129.28,1,20.0,7129.28,1425.86,5703.42,Credit Card,False,2.0
ORD100718,2025-07-03,CUST0775,Ishaan Rao,West,Ahmedabad,Electronics,Smartwatch,13615.34,1,5.0,13615.34,680.77,12934.57,Credit Card,False,4.0
ORD105770,2025-07-03,CUST0789,Riya Pillai,North,Lucknow,Electronics,Laptop,35200.88,1,5.0,35200.88,1760.04,33440.84,Net Banking,False,1.0
ORD104261,2025-07-03,CUST0027,Vivaan Rao,South,Kochi,Home & Kitchen,Water Purifier,13373.5,1,20.0,13373.5,2674.7,10698.8,Net Banking,False,4.0
ORD100393,2025-07-03,CUST0370,Sanjay Menon,West,Surat,Sports & Fitness,Cycling Helmet,6794.79,1,0.0,6794.79,0.0,6794.79,UPI,False,3.0
ORD103789,2025-07-04,CUST0266,Riya Gupta,West,Ahmedabad,Home & Kitchen,Water Purifier,5525.25,1,0.0,5525.25,0.0,5525.25,Credit Card,False,5.0
ORD104708,2025-07-04,CUST0481,Kiran Nair,South,Chennai,Fashion,Wrist Watch,1054.16,1,0.0,1054.16,0.0,1054.16,UPI,False,2.0
ORD100621,2025-07-04,CUST0055,Kavya Iyer,North,Jaipur,Fashion,Running Shoes,3118.78,1,0.0,3118.78,0.0,3118.78,UPI,False,4.0
ORD100452,2025-07-04,CUST0849,Kavya Gupta,South,Hyderabad,Sports & Fitness,Dumbbell Set,3513.88,1,20.0,3513.88,702.78,2811.1,Credit Card,False,2.0
ORD102929,2025-07-04,CUST0225,Reyansh Nair,North,Lucknow,Electronics,Wireless Earbuds,11871.96,1,5.0,11871.96,593.6,11278.36,UPI,False,5.0
ORD105234,2025-07-04,CUST0560,Zara Reddy,South,Chennai,Electronics,Laptop,21333.22,1,0.0,21333.22,0.0,21333.22,Cash on Delivery,False,5.0
ORD101872,2025-07-04,CUST0141,Divya Das,South,Chennai,Beauty & Personal Care,Face Serum,499.07,1,15.0,499.07,74.86,424.21,Credit Card,False,5.0
ORD105438,2025-07-04,CUST0011,Diya Pillai,North,Lucknow,Fashion,Running Shoes,451.17,1,20.0,451.17,90.23,360.94,Cash on Delivery,False,5.0
ORD102472,2025-07-04,CUST0284,Lakshmi Nair,West,Pune,Home & Kitchen,Vacuum Cleaner,3363.01,1,0.0,3363.01,0.0,3363.01,Debit Card,False,4.0
ORD103541,2025-07-05,CUST0097,Priya Sharma,South,Chennai,Electronics,Smartphone,30710.96,1,0.0,30710.96,0.0,30710.96,UPI,True,1.0
ORD102482,2025-07-05,CUST0062,Pooja Gupta,South,Kochi,Beauty & Personal Care,Skincare Kit,893.85,1,15.0,893.85,134.08,759.77,UPI,False,5.0
ORD102200,2025-07-05,CUST0476,Vikram Desai,West,Mumbai,Sports & Fitness,Resistance Bands,6844.53,1,15.0,6844.53,1026.68,5817.85,Debit Card,False,4.0
ORD103938,2025-07-05,CUST0231,Kiran Mukherjee,East,Bhubaneswar,Home & Kitchen,Mixer Grinder,1692.62,1,0.0,1692.62,0.0,1692.62,Credit Card,False,5.0
ORD101903,2025-07-05,CUST0264,Krishna Bose,South,Kochi,Sports & Fitness,Yoga Mat,4101.12,1,5.0,4101.12,205.06,3896.06,UPI,False,5.0
ORD100491,2025-07-05,CUST0389,Anil Nair,South,Hyderabad,Beauty & Personal Care,Face Serum,1925.37,1,10.0,1925.37,192.54,1732.83,Debit Card,False,5.0
ORD101021,2025-07-05,CUST0541,Vikram Singh,South,Hyderabad,Beauty & Personal Care,Trimmer,2906.7,1,5.0,2906.7,145.34,2761.36,UPI,False,4.0
ORD102763,2025-07-05,CUST0812,Vihaan Rao,West,Pune,Beauty & Personal Care,Face Serum,1863.21,1,0.0,1863.21,0.0,1863.21,Cash on Delivery,False,2.0
ORD102773,2025-07-05,CUST0306,Anil Verma,South,Kochi,Electronics,Smartphone,5242.64,1,0.0,5242.64,0.0,5242.64,Net Banking,False,5.0
ORD102066,2025-07-06,CUST0612,Tara Reddy,North,Lucknow,Sports & Fitness,Yoga Mat,5561.72,1,5.0,5561.72,278.09,5283.63,Debit Card,False,4.0
ORD100881,2025-07-06,CUST0813,Karthik Iyer,East,Kolkata,Sports & Fitness,Cycling Helmet,3557.5,1,5.0,3557.5,177.88,3379.62,Cash on Delivery,False,1.0
ORD101943,2025-07-06,CUST0358,Pooja Iyer,North,Lucknow,Sports & Fitness,Dumbbell Set,2419.95,1,0.0,2419.95,0.0,2419.95,UPI,False,4.0
ORD103981,2025-07-06,CUST0079,Lakshmi Sharma,South,Chennai,Fashion,Backpack,2790.05,1,15.0,2790.05,418.51,2371.54,Debit Card,False,5.0
ORD105611,2025-07-06,CUST0346,Ramesh Nair,South,Kochi,Electronics,Smartphone,44125.07,1,0.0,44125.07,0.0,44125.07,Net Banking,False,5.0
ORD103074,2025-07-07,CUST0515,Vikram Gupta,West,Ahmedabad,Fashion,Running Shoes,2379.71,1,0.0,2379.71,0.0,2379.71,UPI,False,5.0
ORD100601,2025-07-07,CUST0080,Vikram Kapoor,North,Lucknow,Fashion,Wrist Watch,2706.01,1,0.0,2706.01,0.0,2706.01,Net Banking,False,3.0
ORD105517,2025-07-07,CUST0670,Sneha Patel,North,Lucknow,Electronics,Smartwatch,3040.17,1,0.0,3040.17,0.0,3040.17,Net Banking,False,3.0
ORD102016,2025-07-07,CUST0195,Sanjay Malhotra,South,Chennai,Sports & Fitness,Cycling Helmet,4039.74,1,0.0,4039.74,0.0,4039.74,UPI,False,5.0
ORD100605,2025-07-08,CUST0326,Aarav Das,North,Jaipur,Electronics,Wireless Earbuds,52745.09,1,0.0,52745.09,0.0,52745.09,Net Banking,False,3.0
ORD101688,2025-07-08,CUST0239,Kiran Pillai,East,Patna,Home & Kitchen,Air Fryer,10965.25,2,10.0,21930.5,2193.05,19737.45,UPI,False,5.0
ORD103776,2025-07-08,CUST0302,Ramesh Chopra,West,Mumbai,Sports & Fitness,Fitness Band,6312.53,1,0.0,6312.53,0.0,6312.53,UPI,False,4.0
ORD103248,2025-07-08,CUST0412,Vivaan Kapoor,West,Mumbai,Electronics,Laptop,48072.05,1,10.0,48072.05,4807.2,43264.85,UPI,False,5.0
ORD100335,2025-07-09,CUST0443,Lakshmi Malhotra,East,Bhubaneswar,Sports & Fitness,Yoga Mat,3333.63,1,0.0,3333.63,0.0,3333.63,Debit Card,False,4.0
ORD105787,2025-07-09,CUST0039,Aarav Gupta,East,Bhubaneswar,Electronics,Smartphone,46618.24,1,5.0,46618.24,2330.91,44287.33,UPI,False,3.0
ORD100969,2025-07-09,CUST0084,Lakshmi Das,North,Chandigarh,Beauty & Personal Care,Face Serum,2864.82,2,0.0,5729.64,0.0,5729.64,Credit Card,False,5.0
ORD103828,2025-07-09,CUST0831,Naveen Pillai,North,Lucknow,Home & Kitchen,Non-Stick Cookware Set,9819.31,1,0.0,9819.31,0.0,9819.31,UPI,False,3.0
ORD105871,2025-07-09,CUST0118,Ananya Das,South,Chennai,Beauty & Personal Care,Skincare Kit,3476.59,1,20.0,3476.59,695.32,2781.27,Cash on Delivery,False,5.0
ORD101663,2025-07-09,CUST0724,Divya Bose,East,Patna,Electronics,Wireless Earbuds,7136.41,1,10.0,7136.41,713.64,6422.77,Debit Card,False,5.0
ORD101833,2025-07-09,CUST0029,Deepak Pillai,South,Bengaluru,Fashion,Backpack,4547.33,1,0.0,4547.33,0.0,4547.33,Credit Card,False,5.0
ORD101621,2025-07-10,CUST0263,Manisha Joshi,South,Chennai,Electronics,Smartwatch,30308.56,1,0.0,30308.56,0.0,30308.56,UPI,False,4.0
ORD104065,2025-07-10,CUST0401,Vihaan Menon,West,Surat,Fashion,Denim Jacket,5346.1,1,5.0,5346.1,267.3,5078.8,UPI,False,5.0
ORD104954,2025-07-11,CUST0304,Saanvi Joshi,South,Kochi,Fashion,Backpack,1595.29,1,0.0,1595.29,0.0,1595.29,Net Banking,False,3.0
ORD105743,2025-07-11,CUST0650,Rohan Gupta,West,Mumbai,Fashion,Running Shoes,3069.75,1,0.0,3069.75,0.0,3069.75,Cash on Delivery,False,1.0
ORD102743,2025-07-11,CUST0487,Krishna Kapoor,West,Mumbai,Beauty & Personal Care,Perfume,3090.09,1,15.0,3090.09,463.51,2626.58,Credit Card,False,5.0
ORD102920,2025-07-11,CUST0626,Kavya Kapoor,East,Patna,Home & Kitchen,Non-Stick Cookware Set,13632.7,1,5.0,13632.7,681.64,12951.06,UPI,False,3.0
ORD103160,2025-07-11,CUST0236,Zara Bose,South,Kochi,Fashion,Running Shoes,5196.53,1,20.0,5196.53,1039.31,4157.22,UPI,False,2.0
ORD105626,2025-07-11,CUST0244,Tara Kapoor,South,Chennai,Beauty & Personal Care,Face Serum,3436.46,1,15.0,3436.46,515.47,2920.99,UPI,False,5.0
ORD102850,2025-07-12,CUST0351,Vivaan Chopra,North,Delhi,Sports & Fitness,Fitness Band,7175.23,1,10.0,7175.23,717.52,6457.71,Credit Card,False,4.0
ORD104826,2025-07-12,CUST0372,Aarav Singh,West,Surat,Fashion,Running Shoes,3243.62,1,15.0,3243.62,486.54,2757.08,Credit Card,False,2.0
ORD105210,2025-07-12,CUST0734,Diya Das,North,Delhi,Beauty & Personal Care,Skincare Kit,2791.73,2,25.0,5583.46,1395.86,4187.6,Credit Card,False,4.0
ORD104243,2025-07-13,CUST0553,Tara Nair,East,Bhubaneswar,Beauty & Personal Care,Trimmer,1737.01,1,0.0,1737.01,0.0,1737.01,UPI,False,4.0
ORD100870,2025-07-13,CUST0107,Ananya Mukherjee,South,Bengaluru,Sports & Fitness,Cycling Helmet,7949.33,1,0.0,7949.33,0.0,7949.33,UPI,False,4.0
ORD102466,2025-07-13,CUST0630,Neha Desai,North,Chandigarh,Sports & Fitness,Cycling Helmet,1786.95,1,25.0,1786.95,446.74,1340.21,Net Banking,False,5.0
ORD101678,2025-07-13,CUST0349,Zara Reddy,South,Kochi,Home & Kitchen,Vacuum Cleaner,5554.0,1,5.0,5554.0,277.7,5276.3,Credit Card,False,1.0
ORD101756,2025-07-13,CUST0660,Vikram Nair,South,Chennai,Electronics,Wireless Earbuds,7884.08,1,0.0,7884.08,0.0,7884.08,Cash on Delivery,False,5.0
ORD102296,2025-07-14,CUST0499,Swati Patel,South,Hyderabad,Electronics,Wireless Earbuds,12766.16,1,10.0,12766.16,1276.62,11489.54,Debit Card,False,5.0
ORD100310,2025-07-14,CUST0043,Divya Iyer,West,Ahmedabad,Electronics,Wireless Earbuds,15329.69,1,10.0,15329.69,1532.97,13796.72,UPI,False,3.0
ORD104791,2025-07-14,CUST0466,Manish Nair,East,Kolkata,Sports & Fitness,Cycling Helmet,732.65,1,15.0,732.65,109.9,622.75,Credit Card,False,4.0
ORD103760,2025-07-14,CUST0283,Rahul Menon,East,Kolkata,Fashion,Wrist Watch,4863.14,1,0.0,4863.14,0.0,4863.14,Debit Card,False,2.0
ORD105479,2025-07-15,CUST0700,Aditya Singh,North,Lucknow,Home & Kitchen,Air Fryer,8947.09,1,0.0,8947.09,0.0,8947.09,Debit Card,False,5.0
ORD101972,2025-07-15,CUST0628,Krishna Mukherjee,South,Bengaluru,Fashion,Running Shoes,5217.34,2,15.0,10434.68,1565.2,8869.48,UPI,False,1.0
ORD102834,2025-07-15,CUST0007,Karthik Verma,North,Jaipur,Beauty & Personal Care,Skincare Kit,1897.82,1,20.0,1897.82,379.56,1518.26,Debit Card,False,5.0
ORD101147,2025-07-15,CUST0120,Manisha Singh,West,Pune,Sports & Fitness,Dumbbell Set,2536.88,1,0.0,2536.88,0.0,2536.88,UPI,False,5.0
ORD104987,2025-07-15,CUST0071,Zara Menon,East,Patna,Fashion,Sunglasses,5336.53,1,0.0,5336.53,0.0,5336.53,Credit Card,False,5.0
ORD103120,2025-07-16,CUST0262,Arjun Reddy,East,Patna,Fashion,Denim Jacket,1426.91,1,0.0,1426.91,0.0,1426.91,Credit Card,False,5.0
ORD100649,2025-07-16,CUST0369,Karthik Kapoor,South,Bengaluru,Sports & Fitness,Resistance Bands,2659.13,1,0.0,2659.13,0.0,2659.13,Credit Card,False,4.0
ORD105882,2025-07-16,CUST0510,Anil Menon,East,Guwahati,Sports & Fitness,Cycling Helmet,2402.75,1,0.0,2402.75,0.0,2402.75,Credit Card,False,1.0
ORD100585,2025-07-16,CUST0048,Diya Verma,East,Patna,Sports & Fitness,Fitness Band,4750.21,1,0.0,4750.21,0.0,4750.21,Debit Card,False,1.0
ORD103384,2025-07-17,CUST0301,Naveen Bose,East,Patna,Electronics,Wireless Earbuds,28970.97,1,0.0,28970.97,0.0,28970.97,Debit Card,False,5.0
ORD104710,2025-07-17,CUST0024,Divya Malhotra,South,Kochi,Fashion,Backpack,1869.26,1,0.0,1869.26,0.0,1869.26,Debit Card,False,5.0
ORD102260,2025-07-17,CUST0680,Manisha Chopra,East,Guwahati,Home & Kitchen,Non-Stick Cookware Set,5971.94,1,10.0,5971.94,597.19,5374.75,UPI,False,5.0
ORD103042,2025-07-17,CUST0811,Zara Bose,South,Chennai,Home & Kitchen,Water Purifier,14323.03,1,10.0,14323.03,1432.3,12890.73,Net Banking,False,4.0
ORD100240,2025-07-17,CUST0375,Karthik Malhotra,South,Bengaluru,Beauty & Personal Care,Trimmer,1270.86,1,0.0,1270.86,0.0,1270.86,UPI,False,5.0
ORD101422,2025-07-17,CUST0039,Aarav Gupta,East,Bhubaneswar,Fashion,Wrist Watch,2260.37,1,0.0,2260.37,0.0,2260.37,Debit Card,False,5.0
ORD104837,2025-07-17,CUST0111,Vivaan Sharma,West,Ahmedabad,Electronics,Bluetooth Speaker,14875.56,1,20.0,14875.56,2975.11,11900.45,UPI,False,4.0
ORD103553,2025-07-18,CUST0027,Vivaan Rao,South,Kochi,Home & Kitchen,Mixer Grinder,2367.66,1,0.0,2367.66,0.0,2367.66,UPI,False,3.0
ORD103423,2025-07-18,CUST0461,Aditya Gupta,North,Delhi,Home & Kitchen,Vacuum Cleaner,4548.97,1,15.0,4548.97,682.35,3866.62,UPI,False,5.0
ORD102248,2025-07-18,CUST0133,Karthik Malhotra,South,Hyderabad,Sports & Fitness,Yoga Mat,2547.36,2,0.0,5094.72,0.0,5094.72,Credit Card,False,5.0
ORD104454,2025-07-18,CUST0462,Krishna Kumar,West,Ahmedabad,Sports & Fitness,Dumbbell Set,1956.25,2,10.0,3912.5,391.25,3521.25,UPI,False,1.0
ORD105662,2025-07-18,CUST0021,Zara Kapoor,East,Bhubaneswar,Beauty & Personal Care,Skincare Kit,2771.2,3,0.0,8313.6,0.0,8313.6,UPI,False,2.0
ORD105541,2025-07-18,CUST0709,Kiran Rao,East,Bhubaneswar,Home & Kitchen,Water Purifier,14589.61,2,25.0,29179.22,7294.8,21884.42,Net Banking,False,4.0
ORD103044,2025-07-19,CUST0487,Krishna Kapoor,West,Mumbai,Sports & Fitness,Yoga Mat,3866.03,1,5.0,3866.03,193.3,3672.73,Debit Card,False,5.0
ORD103344,2025-07-19,CUST0283,Rahul Menon,East,Kolkata,Electronics,Laptop,38009.03,2,0.0,76018.06,0.0,76018.06,Credit Card,False,5.0
ORD105584,2025-07-19,CUST0482,Deepak Menon,East,Patna,Sports & Fitness,Cycling Helmet,3226.95,2,0.0,6453.9,0.0,6453.9,Net Banking,False,1.0
ORD102723,2025-07-20,CUST0373,Divya Desai,West,Mumbai,Sports & Fitness,Resistance Bands,6693.98,1,0.0,6693.98,0.0,6693.98,UPI,False,3.0
ORD103712,2025-07-20,CUST0813,Karthik Iyer,East,Kolkata,Beauty & Personal Care,Face Serum,3260.37,1,0.0,3260.37,0.0,3260.37,UPI,False,4.0
ORD100253,2025-07-20,CUST0702,Manish Chopra,West,Surat,Electronics,Smartphone,4921.57,1,0.0,4921.57,0.0,4921.57,Debit Card,False,4.0
ORD104442,2025-07-20,CUST0169,Naveen Verma,West,Ahmedabad,Home & Kitchen,Mixer Grinder,9857.86,2,0.0,19715.72,0.0,19715.72,Credit Card,False,5.0
ORD100697,2025-07-21,CUST0813,Karthik Iyer,East,Kolkata,Electronics,Wireless Earbuds,20664.82,1,15.0,20664.82,3099.72,17565.1,Cash on Delivery,False,3.0
ORD101156,2025-07-21,CUST0267,Anil Chopra,East,Bhubaneswar,Home & Kitchen,Vacuum Cleaner,11788.39,2,0.0,23576.78,0.0,23576.78,UPI,False,4.0
ORD105457,2025-07-21,CUST0306,Anil Verma,South,Kochi,Electronics,Smartwatch,35811.15,1,10.0,35811.15,3581.12,32230.03,Debit Card,False,2.0
ORD105907,2025-07-21,CUST0787,Karthik Joshi,North,Chandigarh,Home & Kitchen,Water Purifier,7563.31,1,5.0,7563.31,378.17,7185.14,Credit Card,False,3.0
ORD101529,2025-07-21,CUST0391,Saanvi Kapoor,East,Kolkata,Sports & Fitness,Resistance Bands,595.29,1,0.0,595.29,0.0,595.29,UPI,False,1.0
ORD103608,2025-07-21,CUST0361,Saanvi Kumar,West,Surat,Sports & Fitness,Yoga Mat,1034.78,1,15.0,1034.78,155.22,879.56,Credit Card,False,1.0
ORD102596,2025-07-22,CUST0287,Kavya Kapoor,South,Hyderabad,Sports & Fitness,Dumbbell Set,1433.6,1,5.0,1433.6,71.68,1361.92,UPI,False,2.0
ORD104549,2025-07-22,CUST0782,Neha Rao,North,Chandigarh,Electronics,Laptop,51982.46,2,5.0,103964.92,5198.25,98766.67,Debit Card,False,3.0
ORD104362,2025-07-22,CUST0675,Zara Das,North,Delhi,Home & Kitchen,Air Fryer,2332.89,3,15.0,6998.67,1049.8,5948.87,UPI,False,4.0
ORD100448,2025-07-22,CUST0061,Isha Joshi,East,Guwahati,Electronics,Bluetooth Speaker,51897.6,2,0.0,103795.2,0.0,103795.2,Credit Card,False,5.0
ORD105108,2025-07-22,CUST0322,Riya Malhotra,East,Guwahati,Electronics,Smartphone,18187.92,1,20.0,18187.92,3637.58,14550.34,Debit Card,False,5.0
ORD101056,2025-07-23,CUST0151,Neha Iyer,West,Surat,Fashion,Backpack,909.97,1,5.0,909.97,45.5,864.47,Net Banking,False,3.0
ORD104467,2025-07-23,CUST0676,Divya Mukherjee,East,Patna,Electronics,Bluetooth Speaker,44648.98,1,20.0,44648.98,8929.8,35719.18,UPI,False,4.0
ORD103802,2025-07-23,CUST0158,Swati Sharma,North,Lucknow,Fashion,Running Shoes,1649.48,1,10.0,1649.48,164.95,1484.53,UPI,False,3.0
ORD105188,2025-07-23,CUST0684,Ananya Patel,North,Lucknow,Sports & Fitness,Dumbbell Set,4703.15,1,0.0,4703.15,0.0,4703.15,Credit Card,False,5.0
ORD101134,2025-07-23,CUST0021,Zara Kapoor,East,Bhubaneswar,Fashion,Running Shoes,3157.84,1,10.0,3157.84,315.78,2842.06,Net Banking,False,3.0
ORD104914,2025-07-23,CUST0537,Sneha Sharma,West,Surat,Electronics,Laptop,3051.67,1,10.0,3051.67,305.17,2746.5,Cash on Delivery,False,2.0
ORD103019,2025-07-23,CUST0117,Vikram Desai,West,Pune,Home & Kitchen,Water Purifier,14779.39,1,15.0,14779.39,2216.91,12562.48,Net Banking,True,5.0
ORD104512,2025-07-24,CUST0333,Suresh Kapoor,West,Mumbai,Sports & Fitness,Dumbbell Set,6901.72,1,0.0,6901.72,0.0,6901.72,Debit Card,False,1.0
ORD101634,2025-07-24,CUST0552,Shreya Joshi,South,Hyderabad,Fashion,Wrist Watch,753.8,2,20.0,1507.6,301.52,1206.08,Net Banking,False,5.0
ORD100885,2025-07-24,CUST0680,Manisha Chopra,East,Guwahati,Fashion,Denim Jacket,4612.94,1,0.0,4612.94,0.0,4612.94,Debit Card,False,5.0
ORD104870,2025-07-24,CUST0233,Diya Das,South,Bengaluru,Beauty & Personal Care,Perfume,1306.38,1,0.0,1306.38,0.0,1306.38,Cash on Delivery,True,5.0
ORD103836,2025-07-25,CUST0787,Karthik Joshi,North,Chandigarh,Fashion,Denim Jacket,1169.25,1,15.0,1169.25,175.39,993.86,UPI,False,5.0
ORD102207,2025-07-25,CUST0322,Riya Malhotra,East,Guwahati,Home & Kitchen,Air Fryer,8221.5,1,20.0,8221.5,1644.3,6577.2,UPI,False,5.0
ORD104973,2025-07-25,CUST0709,Kiran Rao,East,Bhubaneswar,Beauty & Personal Care,Hair Dryer,3135.33,1,5.0,3135.33,156.77,2978.56,UPI,False,4.0
ORD102845,2025-07-25,CUST0299,Ishaan Sharma,East,Kolkata,Electronics,Wireless Earbuds,53107.38,1,0.0,53107.38,0.0,53107.38,UPI,False,1.0
ORD105759,2025-07-25,CUST0728,Pooja Verma,North,Lucknow,Home & Kitchen,Air Fryer,11124.43,1,0.0,11124.43,0.0,11124.43,UPI,False,5.0
ORD101881,2025-07-25,CUST0624,Priya Gupta,West,Ahmedabad,Home & Kitchen,Non-Stick Cookware Set,7835.91,1,20.0,7835.91,1567.18,6268.73,Cash on Delivery,False,4.0
ORD101398,2025-07-25,CUST0680,Manisha Chopra,East,Guwahati,Electronics,Wireless Earbuds,18934.98,1,25.0,18934.98,4733.74,14201.24,Credit Card,False,4.0
ORD101698,2025-07-25,CUST0528,Swati Joshi,West,Pune,Sports & Fitness,Cycling Helmet,2912.83,1,10.0,2912.83,291.28,2621.55,Debit Card,False,4.0
ORD104487,2025-07-25,CUST0307,Rohan Mukherjee,South,Kochi,Electronics,Smartphone,34940.96,1,5.0,34940.96,1747.05,33193.91,Net Banking,False,5.0
ORD105468,2025-07-25,CUST0386,Nisha Pillai,North,Lucknow,Sports & Fitness,Fitness Band,4410.27,2,20.0,8820.54,1764.11,7056.43,Credit Card,False,4.0
ORD100360,2025-07-26,CUST0844,Kiran Bose,West,Surat,Sports & Fitness,Cycling Helmet,5592.9,1,15.0,5592.9,838.94,4753.96,UPI,False,5.0
ORD101129,2025-07-26,CUST0677,Saanvi Das,West,Surat,Beauty & Personal Care,Perfume,349.95,2,0.0,699.9,0.0,699.9,Net Banking,False,3.0
ORD101608,2025-07-26,CUST0492,Swati Menon,North,Jaipur,Electronics,Laptop,2230.81,2,10.0,4461.62,446.16,4015.46,Credit Card,False,5.0
ORD100330,2025-07-26,CUST0370,Sanjay Menon,West,Surat,Home & Kitchen,Air Fryer,8148.54,2,0.0,16297.08,0.0,16297.08,Credit Card,False,5.0
ORD102493,2025-07-26,CUST0085,Riya Das,North,Jaipur,Sports & Fitness,Fitness Band,1558.15,1,0.0,1558.15,0.0,1558.15,Debit Card,False,5.0
ORD103875,2025-07-26,CUST0728,Pooja Verma,North,Lucknow,Fashion,Running Shoes,807.79,1,5.0,807.79,40.39,767.4,Cash on Delivery,False,4.0
ORD102136,2025-07-26,CUST0415,Arjun Rao,North,Chandigarh,Beauty & Personal Care,Skincare Kit,422.42,1,10.0,422.42,42.24,380.18,Debit Card,False,4.0
ORD102486,2025-07-26,CUST0259,Isha Singh,East,Patna,Beauty & Personal Care,Face Serum,465.05,1,0.0,465.05,0.0,465.05,Net Banking,False,5.0
ORD103413,2025-07-26,CUST0791,Priya Desai,North,Delhi,Sports & Fitness,Resistance Bands,1189.65,2,0.0,2379.3,0.0,2379.3,UPI,False,2.0
ORD103829,2025-07-27,CUST0842,Shreya Iyer,North,Lucknow,Electronics,Bluetooth Speaker,40345.34,1,5.0,40345.34,2017.27,38328.07,UPI,False,2.0
ORD103970,2025-07-27,CUST0756,Priya Reddy,West,Mumbai,Fashion,Denim Jacket,5230.1,1,15.0,5230.1,784.52,4445.58,Credit Card,False,2.0
ORD101844,2025-07-27,CUST0596,Vikram Reddy,East,Patna,Beauty & Personal Care,Hair Dryer,1205.73,1,0.0,1205.73,0.0,1205.73,Debit Card,False,5.0
ORD102415,2025-07-27,CUST0324,Aarav Joshi,East,Guwahati,Beauty & Personal Care,Trimmer,2112.7,1,0.0,2112.7,0.0,2112.7,Credit Card,False,3.0
ORD105008,2025-07-27,CUST0444,Sanjay Iyer,North,Chandigarh,Beauty & Personal Care,Face Serum,1972.35,1,0.0,1972.35,0.0,1972.35,Net Banking,False,3.0
ORD103827,2025-07-27,CUST0304,Saanvi Joshi,South,Kochi,Beauty & Personal Care,Hair Dryer,1646.56,1,0.0,1646.56,0.0,1646.56,UPI,False,5.0
ORD100105,2025-07-28,CUST0380,Suresh Malhotra,South,Chennai,Fashion,Wrist Watch,3665.18,3,10.0,10995.54,1099.55,9895.99,UPI,False,4.0
ORD103179,2025-07-28,CUST0612,Tara Reddy,North,Lucknow,Beauty & Personal Care,Trimmer,892.39,1,0.0,892.39,0.0,892.39,Cash on Delivery,False,3.0
ORD103233,2025-07-28,CUST0413,Ananya Singh,East,Bhubaneswar,Home & Kitchen,Mixer Grinder,8065.18,1,0.0,8065.18,0.0,8065.18,Debit Card,False,5.0
ORD102778,2025-07-28,CUST0576,Ananya Rao,West,Ahmedabad,Electronics,Smartphone,4875.63,1,0.0,4875.63,0.0,4875.63,UPI,False,
ORD100944,2025-07-28,CUST0284,Lakshmi Nair,West,Pune,Electronics,Wireless Earbuds,14989.62,3,0.0,44968.86,0.0,44968.86,Debit Card,False,3.0
ORD101888,2025-07-28,CUST0175,Arjun Gupta,North,Lucknow,Electronics,Bluetooth Speaker,3582.99,1,0.0,3582.99,0.0,3582.99,Credit Card,False,5.0
ORD101483,2025-07-29,CUST0581,Anil Rao,South,Chennai,Electronics,Wireless Earbuds,27346.18,2,0.0,54692.36,0.0,54692.36,Credit Card,False,4.0
ORD105083,2025-07-29,CUST0333,Suresh Kapoor,West,Mumbai,Sports & Fitness,Resistance Bands,5056.86,1,20.0,5056.86,1011.37,4045.49,Debit Card,False,4.0
ORD100437,2025-07-29,CUST0763,Saanvi Kapoor,East,Patna,Sports & Fitness,Dumbbell Set,6820.23,1,10.0,6820.23,682.02,6138.21,UPI,False,4.0
ORD101683,2025-07-30,CUST0354,Neha Menon,East,Guwahati,Fashion,Backpack,4970.8,1,15.0,4970.8,745.62,4225.18,Cash on Delivery,False,2.0
ORD100192,2025-07-30,CUST0563,Sneha Pillai,West,Mumbai,Home & Kitchen,Water Purifier,2605.55,1,5.0,2605.55,130.28,2475.27,Credit Card,False,5.0
ORD103256,2025-07-30,CUST0271,Deepak Joshi,East,Guwahati,Fashion,Sunglasses,5960.71,1,25.0,5960.71,1490.18,4470.53,UPI,False,2.0
ORD104330,2025-07-30,CUST0785,Manisha Patel,North,Lucknow,Fashion,Sunglasses,5809.75,1,20.0,5809.75,1161.95,4647.8,Credit Card,False,3.0
ORD100874,2025-07-30,CUST0604,Swati Das,South,Bengaluru,Electronics,Laptop,38237.07,1,0.0,38237.07,0.0,38237.07,Credit Card,False,5.0
ORD103123,2025-07-30,CUST0486,Manisha Rao,South,Chennai,Electronics,Smartphone,8429.24,1,0.0,8429.24,0.0,8429.24,UPI,False,5.0
ORD100597,2025-07-31,CUST0438,Ishaan Verma,West,Ahmedabad,Home & Kitchen,Non-Stick Cookware Set,2718.02,1,15.0,2718.02,407.7,2310.32,Net Banking,False,5.0
ORD103070,2025-07-31,CUST0643,Sneha Chopra,West,Mumbai,Beauty & Personal Care,Trimmer,652.86,1,0.0,652.86,0.0,652.86,UPI,False,4.0
ORD105594,2025-07-31,CUST0374,Meera Kapoor,East,Kolkata,Home & Kitchen,Air Fryer,8347.2,1,0.0,8347.2,0.0,8347.2,UPI,False,3.0
ORD105698,2025-07-31,CUST0806,Neha Patel,West,Mumbai,Electronics,Wireless Earbuds,14871.13,2,0.0,29742.26,0.0,29742.26,Credit Card,False,5.0
ORD100567,2025-07-31,CUST0403,Aditya Joshi,South,Chennai,Electronics,Bluetooth Speaker,48156.44,1,5.0,48156.44,2407.82,45748.62,UPI,False,4.0
ORD100958,2025-07-31,CUST0832,Zara Mukherjee,West,Pune,Beauty & Personal Care,Trimmer,3021.39,1,0.0,3021.39,0.0,3021.39,UPI,False,3.0
ORD102631,2025-07-31,CUST0672,Arjun Reddy,South,Hyderabad,Electronics,Smartphone,48018.56,1,0.0,48018.56,0.0,48018.56,UPI,False,2.0
ORD105818,2025-08-01,CUST0463,Meera Kapoor,South,Kochi,Fashion,Sunglasses,3580.51,1,0.0,3580.51,0.0,3580.51,UPI,False,5.0
ORD105588,2025-08-02,CUST0717,Ramesh Pillai,North,Chandigarh,Fashion,Denim Jacket,1397.17,1,10.0,1397.17,139.72,1257.45,Cash on Delivery,False,5.0
ORD100093,2025-08-02,CUST0532,Sanjay Rao,West,Mumbai,Electronics,Smartphone,32988.61,1,0.0,32988.61,0.0,32988.61,Net Banking,False,5.0
ORD104376,2025-08-02,CUST0553,Tara Nair,East,Bhubaneswar,Home & Kitchen,Air Fryer,14492.37,1,15.0,14492.37,2173.86,12318.51,UPI,False,4.0
ORD102871,2025-08-02,CUST0396,Lakshmi Rao,North,Lucknow,Home & Kitchen,Water Purifier,7706.53,1,10.0,7706.53,770.65,6935.88,Net Banking,False,5.0
ORD101827,2025-08-02,CUST0222,Deepak Singh,North,Jaipur,Fashion,Backpack,3151.07,1,0.0,3151.07,0.0,3151.07,UPI,False,4.0
ORD103879,2025-08-02,CUST0792,Shreya Kumar,West,Ahmedabad,Fashion,Denim Jacket,3663.37,1,0.0,3663.37,0.0,3663.37,Net Banking,False,4.0
ORD103980,2025-08-02,CUST0361,Saanvi Kumar,West,Surat,Beauty & Personal Care,Perfume,1425.04,3,10.0,4275.12,427.51,3847.61,UPI,False,5.0
ORD102483,2025-08-02,CUST0476,Vikram Desai,West,Mumbai,Beauty & Personal Care,Trimmer,2036.26,1,0.0,2036.26,0.0,2036.26,UPI,False,4.0
ORD105470,2025-08-02,CUST0527,Ramesh Bose,North,Jaipur,Sports & Fitness,Cycling Helmet,1799.2,1,5.0,1799.2,89.96,1709.24,Credit Card,False,4.0
ORD101701,2025-08-03,CUST0231,Kiran Mukherjee,East,Bhubaneswar,Electronics,Laptop,10042.48,1,10.0,10042.48,1004.25,9038.23,Debit Card,False,3.0
ORD105461,2025-08-03,CUST0017,Reyansh Patel,West,Mumbai,Electronics,Wireless Earbuds,27677.11,2,10.0,55354.22,5535.42,49818.8,Debit Card,False,2.0
ORD102126,2025-08-04,CUST0406,Vikram Rao,North,Lucknow,Beauty & Personal Care,Trimmer,2986.7,1,5.0,2986.7,149.34,2837.36,UPI,True,4.0
ORD102140,2025-08-04,CUST0059,Meera Kapoor,West,Pune,Beauty & Personal Care,Skincare Kit,3435.97,1,20.0,3435.97,687.19,2748.78,Debit Card,False,5.0
ORD102842,2025-08-04,CUST0305,Arjun Kapoor,West,Mumbai,Home & Kitchen,Vacuum Cleaner,5746.57,1,0.0,5746.57,0.0,5746.57,Credit Card,False,5.0
ORD100696,2025-08-04,CUST0714,Neha Mukherjee,East,Patna,Sports & Fitness,Dumbbell Set,1002.63,1,5.0,1002.63,50.13,952.5,UPI,False,4.0
ORD104812,2025-08-05,CUST0468,Shreya Reddy,West,Mumbai,Fashion,Backpack,5417.2,1,0.0,5417.2,0.0,5417.2,UPI,False,5.0
ORD103831,2025-08-05,CUST0391,Saanvi Kapoor,East,Kolkata,Beauty & Personal Care,Face Serum,1682.72,2,15.0,3365.44,504.82,2860.62,Credit Card,False,4.0
ORD101659,2025-08-05,CUST0187,Sneha Bose,West,Ahmedabad,Fashion,Denim Jacket,1980.9,1,10.0,1980.9,198.09,1782.81,Cash on Delivery,False,3.0
ORD104163,2025-08-05,CUST0396,Lakshmi Rao,North,Lucknow,Electronics,Smartphone,34382.61,1,10.0,34382.61,3438.26,30944.35,UPI,False,5.0
ORD103999,2025-08-05,CUST0772,Meera Malhotra,South,Bengaluru,Fashion,Running Shoes,5207.05,2,10.0,10414.1,1041.41,9372.69,Net Banking,False,2.0
ORD105603,2025-08-05,CUST0770,Vikram Iyer,South,Hyderabad,Home & Kitchen,Water Purifier,2864.75,1,20.0,2864.75,572.95,2291.8,UPI,False,2.0
ORD104529,2025-08-05,CUST0752,Karthik Menon,North,Lucknow,Sports & Fitness,Dumbbell Set,6545.78,1,0.0,6545.78,0.0,6545.78,Credit Card,False,5.0
ORD103591,2025-08-05,CUST0782,Neha Rao,North,Chandigarh,Electronics,Bluetooth Speaker,43397.4,3,0.0,130192.2,0.0,130192.2,Debit Card,False,5.0
ORD104358,2025-08-06,CUST0781,Sanjay Mukherjee,West,Surat,Electronics,Bluetooth Speaker,33927.17,1,10.0,33927.17,3392.72,30534.45,Net Banking,False,5.0
ORD102219,2025-08-06,CUST0259,Isha Singh,East,Patna,Electronics,Smartphone,29153.73,2,10.0,58307.46,5830.75,52476.71,UPI,False,5.0
ORD101785,2025-08-06,CUST0537,Sneha Sharma,West,Surat,Home & Kitchen,Non-Stick Cookware Set,4932.85,1,0.0,4932.85,0.0,4932.85,Debit Card,False,4.0
ORD100134,2025-08-06,CUST0262,Arjun Reddy,East,Patna,Fashion,Wrist Watch,596.88,1,10.0,596.88,59.69,537.19,Credit Card,True,2.0
ORD105305,2025-08-06,CUST0176,Vihaan Rao,North,Jaipur,Electronics,Bluetooth Speaker,13173.49,1,0.0,13173.49,0.0,13173.49,UPI,False,5.0
ORD101409,2025-08-06,CUST0396,Lakshmi Rao,North,Lucknow,Electronics,Wireless Earbuds,10482.21,1,0.0,10482.21,0.0,10482.21,Debit Card,False,3.0
ORD100924,2025-08-06,CUST0811,Zara Bose,South,Chennai,Sports & Fitness,Fitness Band,7562.36,1,15.0,7562.36,1134.35,6428.01,Net Banking,True,5.0
ORD103858,2025-08-06,CUST0463,Meera Kapoor,South,Kochi,Beauty & Personal Care,Trimmer,2479.89,1,20.0,2479.89,495.98,1983.91,UPI,False,4.0
ORD105899,2025-08-07,CUST0251,Nisha Malhotra,West,Mumbai,Beauty & Personal Care,Face Serum,891.22,2,0.0,1782.44,0.0,1782.44,Net Banking,False,5.0
ORD104706,2025-08-07,CUST0520,Reyansh Das,West,Pune,Beauty & Personal Care,Skincare Kit,1191.6,1,0.0,1191.6,0.0,1191.6,Cash on Delivery,False,5.0
ORD101744,2025-08-07,CUST0802,Swati Menon,South,Hyderabad,Fashion,Running Shoes,3043.07,1,20.0,3043.07,608.61,2434.46,Cash on Delivery,False,5.0
ORD101737,2025-08-07,CUST0352,Ananya Joshi,South,Kochi,Electronics,Laptop,47017.5,1,5.0,47017.5,2350.88,44666.62,UPI,False,4.0
ORD100009,2025-08-07,CUST0818,Tara Malhotra,North,Lucknow,Electronics,Smartwatch,15334.39,1,0.0,15334.39,0.0,15334.39,Net Banking,False,3.0
ORD104275,2025-08-07,CUST0350,Sneha Rao,West,Ahmedabad,Sports & Fitness,Fitness Band,3600.24,1,0.0,3600.24,0.0,3600.24,UPI,False,5.0
ORD103124,2025-08-07,CUST0563,Sneha Pillai,West,Mumbai,Sports & Fitness,Fitness Band,4208.02,1,0.0,4208.02,0.0,4208.02,UPI,False,2.0
ORD103519,2025-08-08,CUST0640,Saanvi Sharma,North,Chandigarh,Fashion,Denim Jacket,2380.87,1,5.0,2380.87,119.04,2261.83,UPI,False,5.0
ORD102742,2025-08-08,CUST0391,Saanvi Kapoor,East,Kolkata,Beauty & Personal Care,Face Serum,1580.9,1,0.0,1580.9,0.0,1580.9,Net Banking,False,4.0
ORD101652,2025-08-08,CUST0377,Vikram Verma,South,Kochi,Home & Kitchen,Non-Stick Cookware Set,10427.92,1,25.0,10427.92,2606.98,7820.94,UPI,False,4.0
ORD102257,2025-08-08,CUST0244,Tara Kapoor,South,Chennai,Electronics,Smartwatch,18875.21,1,5.0,18875.21,943.76,17931.45,Net Banking,False,4.0
ORD100292,2025-08-08,CUST0621,Meera Patel,South,Bengaluru,Sports & Fitness,Yoga Mat,1728.55,1,10.0,1728.55,172.86,1555.69,UPI,False,5.0
ORD103709,2025-08-08,CUST0588,Vivaan Menon,South,Bengaluru,Electronics,Bluetooth Speaker,42066.82,2,10.0,84133.64,8413.36,75720.28,Net Banking,False,5.0
ORD101323,2025-08-08,CUST0379,Reyansh Iyer,West,Mumbai,Sports & Fitness,Cycling Helmet,5088.05,2,10.0,10176.1,1017.61,9158.49,UPI,False,5.0
ORD102391,2025-08-08,CUST0017,Reyansh Patel,West,Mumbai,Fashion,Wrist Watch,5829.07,1,0.0,5829.07,0.0,5829.07,Debit Card,False,5.0
ORD102485,2025-08-09,CUST0525,Sanjay Joshi,North,Chandigarh,Electronics,Smartphone,18137.2,1,0.0,18137.2,0.0,18137.2,Cash on Delivery,True,5.0
ORD103151,2025-08-09,CUST0570,Ishaan Singh,East,Bhubaneswar,Home & Kitchen,Non-Stick Cookware Set,8805.62,1,0.0,8805.62,0.0,8805.62,Debit Card,False,2.0
ORD101388,2025-08-09,CUST0409,Vihaan Kapoor,South,Chennai,Fashion,Running Shoes,574.27,3,10.0,1722.81,172.28,1550.53,UPI,False,3.0
ORD101341,2025-08-09,CUST0434,Vikram Rao,West,Mumbai,Beauty & Personal Care,Face Serum,554.84,1,0.0,554.84,0.0,554.84,Credit Card,False,4.0
ORD104338,2025-08-09,CUST0174,Krishna Pillai,East,Patna,Home & Kitchen,Non-Stick Cookware Set,12515.97,1,15.0,12515.97,1877.4,10638.57,Credit Card,False,5.0
ORD102781,2025-08-09,CUST0137,Rahul Sharma,East,Guwahati,Home & Kitchen,Air Fryer,3355.44,1,0.0,3355.44,0.0,3355.44,Credit Card,False,2.0
ORD101884,2025-08-09,CUST0232,Nisha Reddy,West,Mumbai,Home & Kitchen,Air Fryer,1257.6,1,0.0,1257.6,0.0,1257.6,Debit Card,False,4.0
ORD103057,2025-08-09,CUST0797,Isha Desai,West,Ahmedabad,Home & Kitchen,Mixer Grinder,13519.39,1,10.0,13519.39,1351.94,12167.45,UPI,False,5.0
ORD103442,2025-08-09,CUST0111,Vivaan Sharma,West,Ahmedabad,Electronics,Smartphone,43442.62,1,0.0,43442.62,0.0,43442.62,UPI,False,5.0
ORD104004,2025-08-09,CUST0025,Riya Nair,East,Guwahati,Fashion,Sunglasses,4563.66,1,15.0,4563.66,684.55,3879.11,Cash on Delivery,False,2.0
ORD102333,2025-08-10,CUST0709,Kiran Rao,East,Bhubaneswar,Sports & Fitness,Dumbbell Set,1824.67,1,15.0,1824.67,273.7,1550.97,Cash on Delivery,False,3.0
ORD103207,2025-08-10,CUST0716,Kavya Chopra,West,Ahmedabad,Electronics,Wireless Earbuds,40991.15,1,0.0,40991.15,0.0,40991.15,UPI,False,5.0
ORD101691,2025-08-10,CUST0306,Anil Verma,South,Kochi,Home & Kitchen,Air Fryer,1683.58,1,0.0,1683.58,0.0,1683.58,UPI,False,1.0
ORD105836,2025-08-10,CUST0790,Pooja Kapoor,West,Mumbai,Electronics,Wireless Earbuds,25678.92,1,5.0,25678.92,1283.95,24394.97,Credit Card,False,5.0
ORD103043,2025-08-10,CUST0789,Riya Pillai,North,Lucknow,Beauty & Personal Care,Hair Dryer,1141.13,3,15.0,3423.39,513.51,2909.88,UPI,False,5.0
ORD104186,2025-08-10,CUST0041,Krishna Menon,North,Lucknow,Beauty & Personal Care,Skincare Kit,1406.48,1,25.0,1406.48,351.62,1054.86,Net Banking,False,5.0
ORD103482,2025-08-10,CUST0519,Rahul Das,North,Lucknow,Electronics,Smartphone,49238.27,1,0.0,49238.27,0.0,49238.27,Net Banking,False,5.0
ORD101595,2025-08-10,CUST0225,Reyansh Nair,North,Lucknow,Fashion,Sunglasses,3540.14,1,10.0,3540.14,354.01,3186.13,Debit Card,False,5.0
ORD105087,2025-08-11,CUST0596,Vikram Reddy,East,Patna,Sports & Fitness,Resistance Bands,7947.22,1,15.0,7947.22,1192.08,6755.14,UPI,False,5.0
ORD101636,2025-08-11,CUST0845,Sanjay Kumar,North,Lucknow,Home & Kitchen,Mixer Grinder,5218.65,1,0.0,5218.65,0.0,5218.65,Debit Card,False,5.0
ORD104863,2025-08-11,CUST0043,Divya Iyer,West,Ahmedabad,Sports & Fitness,Yoga Mat,7808.05,1,0.0,7808.05,0.0,7808.05,UPI,False,4.0
ORD100956,2025-08-11,CUST0043,Divya Iyer,West,Ahmedabad,Fashion,Wrist Watch,790.97,1,0.0,790.97,0.0,790.97,Cash on Delivery,False,3.0
ORD101777,2025-08-11,CUST0496,Lakshmi Singh,East,Guwahati,Fashion,Backpack,5204.22,1,0.0,5204.22,0.0,5204.22,Debit Card,False,2.0
ORD100464,2025-08-11,CUST0124,Saanvi Verma,North,Jaipur,Home & Kitchen,Vacuum Cleaner,2932.31,2,20.0,5864.62,1172.92,4691.7,UPI,False,5.0
ORD103130,2025-08-11,CUST0030,Sneha Kumar,North,Chandigarh,Beauty & Personal Care,Hair Dryer,1066.05,1,0.0,1066.05,0.0,1066.05,Credit Card,False,3.0
ORD102805,2025-08-11,CUST0657,Aarav Malhotra,North,Lucknow,Beauty & Personal Care,Trimmer,1374.48,1,15.0,1374.48,206.17,1168.31,UPI,False,1.0
ORD104496,2025-08-11,CUST0003,Krishna Gupta,South,Bengaluru,Sports & Fitness,Resistance Bands,7389.79,1,0.0,7389.79,0.0,7389.79,UPI,False,4.0
ORD101601,2025-08-11,CUST0043,Divya Iyer,West,Ahmedabad,Electronics,Wireless Earbuds,36496.63,1,15.0,36496.63,5474.49,31022.14,Net Banking,False,4.0
ORD100626,2025-08-11,CUST0510,Anil Menon,East,Guwahati,Fashion,Backpack,5943.26,1,0.0,5943.26,0.0,5943.26,Net Banking,False,3.0
ORD104055,2025-08-12,CUST0449,Anil Mukherjee,North,Chandigarh,Home & Kitchen,Vacuum Cleaner,12986.22,1,0.0,12986.22,0.0,12986.22,Cash on Delivery,False,4.0
ORD104747,2025-08-12,CUST0763,Saanvi Kapoor,East,Patna,Electronics,Wireless Earbuds,43269.64,1,15.0,43269.64,6490.45,36779.19,Credit Card,False,3.0
ORD100230,2025-08-12,CUST0231,Kiran Mukherjee,East,Bhubaneswar,Fashion,Sunglasses,3094.65,1,0.0,3094.65,0.0,3094.65,Debit Card,False,4.0
ORD103004,2025-08-12,CUST0398,Sai Reddy,East,Patna,Home & Kitchen,Vacuum Cleaner,10851.32,1,10.0,10851.32,1085.13,9766.19,Credit Card,True,5.0
ORD101511,2025-08-12,CUST0649,Priya Pillai,South,Kochi,Home & Kitchen,Mixer Grinder,7255.22,1,5.0,7255.22,362.76,6892.46,Cash on Delivery,False,5.0
ORD104823,2025-08-12,CUST0010,Vivaan Sharma,East,Patna,Fashion,Wrist Watch,2687.78,2,0.0,5375.56,0.0,5375.56,Net Banking,True,4.0
ORD102730,2025-08-12,CUST0565,Karthik Pillai,East,Patna,Sports & Fitness,Cycling Helmet,5798.49,2,10.0,11596.98,1159.7,10437.28,Cash on Delivery,False,2.0
ORD100841,2025-08-12,CUST0498,Ramesh Malhotra,South,Bengaluru,Sports & Fitness,Yoga Mat,7108.3,1,0.0,7108.3,0.0,7108.3,Credit Card,False,4.0
ORD103158,2025-08-12,CUST0605,Aarav Menon,West,Surat,Sports & Fitness,Yoga Mat,4841.91,1,0.0,4841.91,0.0,4841.91,Net Banking,False,4.0
ORD101024,2025-08-12,CUST0845,Sanjay Kumar,North,Lucknow,Electronics,Laptop,19933.11,1,0.0,19933.11,0.0,19933.11,Cash on Delivery,False,5.0
ORD105412,2025-08-12,CUST0471,Rohan Reddy,East,Bhubaneswar,Beauty & Personal Care,Skincare Kit,441.4,1,5.0,441.4,22.07,419.33,UPI,False,2.0
ORD103996,2025-08-12,CUST0594,Nisha Singh,South,Kochi,Home & Kitchen,Non-Stick Cookware Set,13186.03,1,0.0,13186.03,0.0,13186.03,Cash on Delivery,False,3.0
ORD102897,2025-08-12,CUST0003,Krishna Gupta,South,Bengaluru,Sports & Fitness,Resistance Bands,2915.94,2,0.0,5831.88,0.0,5831.88,Debit Card,False,5.0
ORD100561,2025-08-13,CUST0474,Neha Kapoor,South,Bengaluru,Fashion,Running Shoes,1520.37,1,0.0,1520.37,0.0,1520.37,Credit Card,False,5.0
ORD103219,2025-08-13,CUST0043,Divya Iyer,West,Ahmedabad,Electronics,Smartphone,17984.05,1,0.0,17984.05,0.0,17984.05,Cash on Delivery,False,5.0
ORD100974,2025-08-13,CUST0707,Isha Menon,West,Pune,Fashion,Denim Jacket,1388.7,1,0.0,1388.7,0.0,1388.7,Net Banking,False,4.0
ORD104164,2025-08-13,CUST0464,Ramesh Sharma,West,Surat,Fashion,Running Shoes,3508.63,1,0.0,3508.63,0.0,3508.63,Cash on Delivery,False,3.0
ORD105255,2025-08-13,CUST0751,Kavya Desai,North,Delhi,Electronics,Laptop,49023.86,2,0.0,98047.72,0.0,98047.72,Credit Card,False,3.0
ORD102604,2025-08-13,CUST0053,Aarav Iyer,North,Delhi,Beauty & Personal Care,Trimmer,1477.13,1,25.0,1477.13,369.28,1107.85,Credit Card,False,3.0
ORD104117,2025-08-13,CUST0575,Sneha Reddy,South,Bengaluru,Home & Kitchen,Mixer Grinder,3393.49,1,0.0,3393.49,0.0,3393.49,UPI,False,4.0
ORD100260,2025-08-13,CUST0461,Aditya Gupta,North,Delhi,Fashion,Denim Jacket,2197.24,1,5.0,2197.24,109.86,2087.38,UPI,False,2.0
ORD103703,2025-08-13,CUST0443,Lakshmi Malhotra,East,Bhubaneswar,Fashion,Backpack,3512.5,1,0.0,3512.5,0.0,3512.5,Debit Card,False,4.0
ORD103616,2025-08-13,CUST0475,Kiran Chopra,East,Bhubaneswar,Fashion,Running Shoes,5904.94,1,0.0,5904.94,0.0,5904.94,Credit Card,False,1.0
ORD105545,2025-08-13,CUST0392,Kiran Kapoor,North,Lucknow,Sports & Fitness,Cycling Helmet,2209.03,1,0.0,2209.03,0.0,2209.03,UPI,False,3.0
ORD103416,2025-08-14,CUST0337,Sneha Rao,North,Jaipur,Electronics,Smartwatch,38980.42,2,0.0,77960.84,0.0,77960.84,Credit Card,False,5.0
ORD100352,2025-08-14,CUST0247,Anil Desai,North,Chandigarh,Electronics,Bluetooth Speaker,16566.71,1,15.0,16566.71,2485.01,14081.7,UPI,True,5.0
ORD104686,2025-08-14,CUST0048,Diya Verma,East,Patna,Sports & Fitness,Cycling Helmet,819.88,1,5.0,819.88,40.99,778.89,UPI,False,4.0
ORD101148,2025-08-14,CUST0153,Vikram Mukherjee,West,Mumbai,Home & Kitchen,Water Purifier,7659.7,1,10.0,7659.7,765.97,6893.73,Cash on Delivery,False,4.0
ORD100087,2025-08-14,CUST0068,Isha Gupta,South,Bengaluru,Home & Kitchen,Non-Stick Cookware Set,1622.26,1,0.0,1622.26,0.0,1622.26,Credit Card,False,3.0
ORD103187,2025-08-15,CUST0283,Rahul Menon,East,Kolkata,Beauty & Personal Care,Perfume,497.93,1,0.0,497.93,0.0,497.93,UPI,False,2.0
ORD100178,2025-08-15,CUST0222,Deepak Singh,North,Jaipur,Beauty & Personal Care,Skincare Kit,3042.81,1,20.0,3042.81,608.56,2434.25,UPI,False,4.0
ORD101941,2025-08-15,CUST0413,Ananya Singh,East,Bhubaneswar,Home & Kitchen,Air Fryer,2024.89,1,0.0,2024.89,0.0,2024.89,Credit Card,False,5.0
ORD101274,2025-08-15,CUST0813,Karthik Iyer,East,Kolkata,Electronics,Wireless Earbuds,27245.52,2,0.0,54491.04,0.0,54491.04,Net Banking,False,4.0
ORD105187,2025-08-15,CUST0386,Nisha Pillai,North,Lucknow,Fashion,Backpack,1304.0,2,0.0,2608.0,0.0,2608.0,UPI,False,5.0
ORD103718,2025-08-15,CUST0346,Ramesh Nair,South,Kochi,Sports & Fitness,Resistance Bands,7932.36,1,25.0,7932.36,1983.09,5949.27,UPI,False,3.0
ORD100358,2025-08-15,CUST0127,Vihaan Sharma,West,Ahmedabad,Beauty & Personal Care,Hair Dryer,2510.34,1,10.0,2510.34,251.03,2259.31,Cash on Delivery,False,4.0
ORD101135,2025-08-15,CUST0283,Rahul Menon,East,Kolkata,Fashion,Backpack,576.95,2,0.0,1153.9,0.0,1153.9,Cash on Delivery,False,4.0
ORD100947,2025-08-15,CUST0651,Zara Reddy,South,Kochi,Fashion,Backpack,3671.62,1,0.0,3671.62,0.0,3671.62,Cash on Delivery,False,5.0
ORD102025,2025-08-15,CUST0789,Riya Pillai,North,Lucknow,Home & Kitchen,Water Purifier,7283.49,1,0.0,7283.49,0.0,7283.49,Credit Card,False,5.0
ORD105525,2025-08-16,CUST0406,Vikram Rao,North,Lucknow,Fashion,Running Shoes,5976.88,1,20.0,5976.88,1195.38,4781.5,Cash on Delivery,False,4.0
ORD104857,2025-08-16,CUST0536,Rohan Joshi,North,Lucknow,Fashion,Sunglasses,2752.09,1,0.0,2752.09,0.0,2752.09,Credit Card,False,2.0
ORD104845,2025-08-16,CUST0201,Suresh Kumar,East,Guwahati,Home & Kitchen,Mixer Grinder,14686.52,1,25.0,14686.52,3671.63,11014.89,UPI,False,2.0
ORD103914,2025-08-16,CUST0263,Manisha Joshi,South,Chennai,Electronics,Smartphone,6889.13,2,15.0,13778.26,2066.74,11711.52,Credit Card,False,5.0
ORD104573,2025-08-16,CUST0284,Lakshmi Nair,West,Pune,Fashion,Wrist Watch,2141.76,1,0.0,2141.76,0.0,2141.76,UPI,False,2.0
ORD100895,2025-08-16,CUST0762,Anil Pillai,East,Bhubaneswar,Sports & Fitness,Resistance Bands,1451.9,2,0.0,2903.8,0.0,2903.8,Cash on Delivery,False,4.0
ORD105374,2025-08-16,CUST0461,Aditya Gupta,North,Delhi,Fashion,Backpack,4817.95,1,0.0,4817.95,0.0,4817.95,UPI,False,5.0
ORD103238,2025-08-16,CUST0702,Manish Chopra,West,Surat,Beauty & Personal Care,Trimmer,2216.85,1,10.0,2216.85,221.68,1995.17,Credit Card,False,4.0
ORD101191,2025-08-17,CUST0288,Neha Sharma,East,Guwahati,Sports & Fitness,Yoga Mat,3912.27,1,20.0,3912.27,782.45,3129.82,UPI,False,4.0
ORD100296,2025-08-17,CUST0068,Isha Gupta,South,Bengaluru,Home & Kitchen,Non-Stick Cookware Set,8838.48,1,0.0,8838.48,0.0,8838.48,Debit Card,False,4.0
ORD100747,2025-08-17,CUST0416,Deepak Nair,South,Chennai,Sports & Fitness,Fitness Band,861.97,2,0.0,1723.94,0.0,1723.94,Net Banking,False,5.0
ORD105971,2025-08-17,CUST0741,Ramesh Menon,South,Hyderabad,Home & Kitchen,Vacuum Cleaner,6580.64,2,0.0,13161.28,0.0,13161.28,Net Banking,False,5.0
ORD101310,2025-08-17,CUST0362,Karthik Rao,West,Surat,Fashion,Wrist Watch,4277.11,1,0.0,4277.11,0.0,4277.11,Debit Card,False,5.0
ORD100702,2025-08-17,CUST0713,Sanjay Gupta,West,Ahmedabad,Sports & Fitness,Cycling Helmet,3527.84,1,0.0,3527.84,0.0,3527.84,UPI,False,5.0
ORD103979,2025-08-17,CUST0027,Vivaan Rao,South,Kochi,Electronics,Smartwatch,18763.8,1,0.0,18763.8,0.0,18763.8,UPI,False,4.0
ORD100276,2025-08-17,CUST0098,Ishaan Rao,North,Chandigarh,Electronics,Bluetooth Speaker,4697.04,2,0.0,9394.08,0.0,9394.08,Net Banking,False,4.0
ORD105271,2025-08-17,CUST0399,Shreya Rao,West,Pune,Sports & Fitness,Yoga Mat,6502.91,1,0.0,6502.91,0.0,6502.91,Cash on Delivery,False,5.0
ORD105409,2025-08-18,CUST0365,Sneha Das,South,Hyderabad,Electronics,Wireless Earbuds,30820.93,1,0.0,30820.93,0.0,30820.93,UPI,False,5.0
ORD104257,2025-08-18,CUST0781,Sanjay Mukherjee,West,Surat,Home & Kitchen,Air Fryer,12378.49,1,0.0,12378.49,0.0,12378.49,Credit Card,False,2.0
ORD103246,2025-08-18,CUST0017,Reyansh Patel,West,Mumbai,Beauty & Personal Care,Face Serum,416.64,1,5.0,416.64,20.83,395.81,Debit Card,False,4.0
ORD104804,2025-08-18,CUST0053,Aarav Iyer,North,Delhi,Electronics,Laptop,3245.97,1,10.0,3245.97,324.6,2921.37,UPI,False,2.0
ORD103670,2025-08-18,CUST0820,Krishna Joshi,East,Bhubaneswar,Beauty & Personal Care,Trimmer,1540.13,3,0.0,4620.39,0.0,4620.39,Net Banking,False,4.0
ORD101405,2025-08-18,CUST0020,Ishaan Verma,East,Bhubaneswar,Electronics,Bluetooth Speaker,18667.19,1,0.0,18667.19,0.0,18667.19,Credit Card,False,2.0
ORD100636,2025-08-18,CUST0133,Karthik Malhotra,South,Hyderabad,Sports & Fitness,Yoga Mat,4366.05,1,0.0,4366.05,0.0,4366.05,UPI,False,5.0
ORD103605,2025-08-18,CUST0713,Sanjay Gupta,West,Ahmedabad,Home & Kitchen,Air Fryer,4917.47,1,0.0,4917.47,0.0,4917.47,Net Banking,False,4.0
ORD105155,2025-08-18,CUST0468,Shreya Reddy,West,Mumbai,Home & Kitchen,Non-Stick Cookware Set,4715.28,1,0.0,4715.28,0.0,4715.28,UPI,False,5.0
ORD102613,2025-08-19,CUST0841,Rahul Kapoor,West,Surat,Electronics,Smartwatch,38823.52,1,20.0,38823.52,7764.7,31058.82,UPI,True,5.0
ORD102830,2025-08-19,CUST0027,Vivaan Rao,South,Kochi,Beauty & Personal Care,Skincare Kit,2985.94,2,15.0,5971.88,895.78,5076.1,Credit Card,False,5.0
ORD102429,2025-08-19,CUST0533,Vihaan Sharma,East,Bhubaneswar,Fashion,Denim Jacket,4359.3,1,0.0,4359.3,0.0,4359.3,UPI,False,5.0
ORD100122,2025-08-19,CUST0036,Saanvi Kapoor,North,Lucknow,Fashion,Denim Jacket,5184.64,1,0.0,5184.64,0.0,5184.64,UPI,False,
ORD101066,2025-08-20,CUST0636,Lakshmi Menon,West,Ahmedabad,Electronics,Wireless Earbuds,34443.21,1,0.0,34443.21,0.0,34443.21,Credit Card,False,5.0
ORD102224,2025-08-20,CUST0043,Divya Iyer,West,Ahmedabad,Electronics,Laptop,37539.29,1,0.0,37539.29,0.0,37539.29,Debit Card,False,5.0
ORD103400,2025-08-20,CUST0087,Naveen Reddy,South,Chennai,Electronics,Smartwatch,15207.61,2,0.0,30415.22,0.0,30415.22,Credit Card,False,5.0
ORD100284,2025-08-20,CUST0327,Swati Verma,South,Chennai,Beauty & Personal Care,Trimmer,1719.59,1,0.0,1719.59,0.0,1719.59,Credit Card,False,3.0
ORD105036,2025-08-20,CUST0085,Riya Das,North,Jaipur,Beauty & Personal Care,Trimmer,722.68,1,0.0,722.68,0.0,722.68,UPI,False,4.0
ORD104269,2025-08-20,CUST0354,Neha Menon,East,Guwahati,Home & Kitchen,Air Fryer,5087.19,1,0.0,5087.19,0.0,5087.19,Net Banking,False,4.0
ORD100473,2025-08-20,CUST0289,Aditya Bose,South,Bengaluru,Sports & Fitness,Yoga Mat,2583.06,1,0.0,2583.06,0.0,2583.06,Credit Card,False,4.0
ORD103265,2025-08-20,CUST0705,Priya Singh,West,Surat,Sports & Fitness,Dumbbell Set,7694.31,1,15.0,7694.31,1154.15,6540.16,Net Banking,False,4.0
ORD105723,2025-08-20,CUST0529,Saanvi Sharma,South,Chennai,Beauty & Personal Care,Skincare Kit,2462.99,1,0.0,2462.99,0.0,2462.99,Credit Card,True,3.0
ORD105829,2025-08-20,CUST0350,Sneha Rao,West,Ahmedabad,Home & Kitchen,Vacuum Cleaner,5322.6,2,0.0,10645.2,0.0,10645.2,UPI,False,1.0
ORD100339,2025-08-20,CUST0554,Ramesh Mukherjee,North,Delhi,Fashion,Denim Jacket,3854.17,1,0.0,3854.17,0.0,3854.17,Net Banking,False,5.0
ORD102104,2025-08-21,CUST0244,Tara Kapoor,South,Chennai,Home & Kitchen,Air Fryer,14358.57,2,15.0,28717.14,4307.57,24409.57,Net Banking,False,5.0
ORD102462,2025-08-21,CUST0737,Kavya Kapoor,East,Guwahati,Sports & Fitness,Fitness Band,4167.73,1,0.0,4167.73,0.0,4167.73,UPI,False,5.0
ORD103183,2025-08-21,CUST0677,Saanvi Das,West,Surat,Home & Kitchen,Water Purifier,8658.22,3,10.0,25974.66,2597.47,23377.19,Net Banking,False,4.0
ORD105199,2025-08-21,CUST0636,Lakshmi Menon,West,Ahmedabad,Beauty & Personal Care,Hair Dryer,1304.95,1,0.0,1304.95,0.0,1304.95,UPI,False,4.0
ORD102092,2025-08-22,CUST0097,Priya Sharma,South,Chennai,Beauty & Personal Care,Trimmer,420.11,3,0.0,1260.33,0.0,1260.33,Net Banking,False,5.0
ORD100131,2025-08-22,CUST0569,Riya Malhotra,East,Guwahati,Fashion,Backpack,1619.57,1,15.0,1619.57,242.94,1376.63,Debit Card,False,4.0
ORD104120,2025-08-22,CUST0613,Riya Kumar,South,Bengaluru,Beauty & Personal Care,Hair Dryer,3274.17,1,0.0,3274.17,0.0,3274.17,UPI,False,4.0
ORD105259,2025-08-22,CUST0475,Kiran Chopra,East,Bhubaneswar,Beauty & Personal Care,Face Serum,2841.3,3,0.0,8523.9,0.0,8523.9,UPI,False,5.0
ORD101380,2025-08-23,CUST0627,Reyansh Patel,North,Lucknow,Sports & Fitness,Fitness Band,2722.13,1,10.0,2722.13,272.21,2449.92,Net Banking,False,5.0
ORD103370,2025-08-23,CUST0753,Manish Iyer,South,Bengaluru,Fashion,Running Shoes,3404.53,1,0.0,3404.53,0.0,3404.53,Credit Card,False,5.0
ORD102766,2025-08-23,CUST0763,Saanvi Kapoor,East,Patna,Fashion,Denim Jacket,2944.91,2,5.0,5889.82,294.49,5595.33,UPI,False,4.0
ORD105377,2025-08-23,CUST0712,Rohan Menon,North,Delhi,Sports & Fitness,Dumbbell Set,4019.06,1,0.0,4019.06,0.0,4019.06,UPI,False,3.0
ORD101414,2025-08-23,CUST0430,Zara Sharma,West,Ahmedabad,Beauty & Personal Care,Skincare Kit,1835.22,1,5.0,1835.22,91.76,1743.46,UPI,False,3.0
ORD105230,2025-08-23,CUST0565,Karthik Pillai,East,Patna,Fashion,Sunglasses,872.34,1,5.0,872.34,43.62,828.72,UPI,False,4.0
ORD101264,2025-08-23,CUST0765,Anil Das,West,Pune,Home & Kitchen,Water Purifier,7694.67,3,15.0,23084.01,3462.6,19621.41,Net Banking,False,5.0
ORD104961,2025-08-23,CUST0220,Vivaan Joshi,North,Chandigarh,Fashion,Wrist Watch,3918.18,1,0.0,3918.18,0.0,3918.18,UPI,False,3.0
ORD103923,2025-08-23,CUST0329,Nisha Verma,South,Bengaluru,Home & Kitchen,Non-Stick Cookware Set,10932.12,1,5.0,10932.12,546.61,10385.51,Credit Card,False,2.0
ORD105749,2025-08-24,CUST0707,Isha Menon,West,Pune,Sports & Fitness,Fitness Band,7442.44,1,0.0,7442.44,0.0,7442.44,UPI,False,5.0
ORD102382,2025-08-24,CUST0160,Nisha Kumar,East,Bhubaneswar,Fashion,Running Shoes,4242.14,1,5.0,4242.14,212.11,4030.03,Cash on Delivery,False,5.0
ORD105498,2025-08-24,CUST0216,Shreya Singh,East,Guwahati,Fashion,Sunglasses,4474.74,1,15.0,4474.74,671.21,3803.53,UPI,False,2.0
ORD100553,2025-08-24,CUST0085,Riya Das,North,Jaipur,Fashion,Running Shoes,3111.59,2,15.0,6223.18,933.48,5289.7,UPI,False,2.0
ORD102928,2025-08-24,CUST0804,Ishaan Rao,West,Mumbai,Fashion,Wrist Watch,3440.75,1,25.0,3440.75,860.19,2580.56,Net Banking,False,4.0
ORD101085,2025-08-24,CUST0187,Sneha Bose,West,Ahmedabad,Home & Kitchen,Mixer Grinder,11248.5,2,0.0,22497.0,0.0,22497.0,UPI,False,4.0
ORD102267,2025-08-24,CUST0237,Anil Chopra,South,Bengaluru,Home & Kitchen,Mixer Grinder,6704.97,2,0.0,13409.94,0.0,13409.94,Debit Card,False,5.0
ORD101730,2025-08-24,CUST0208,Vikram Bose,East,Kolkata,Fashion,Running Shoes,1504.28,1,0.0,1504.28,0.0,1504.28,UPI,False,5.0
ORD104783,2025-08-25,CUST0704,Vikram Joshi,North,Chandigarh,Fashion,Running Shoes,4945.13,1,15.0,4945.13,741.77,4203.36,Net Banking,False,2.0
ORD100786,2025-08-25,CUST0472,Rohan Sharma,South,Bengaluru,Fashion,Running Shoes,3263.42,1,10.0,3263.42,326.34,2937.08,UPI,False,5.0
ORD105151,2025-08-25,CUST0574,Vihaan Chopra,West,Pune,Sports & Fitness,Yoga Mat,469.98,2,0.0,939.96,0.0,939.96,UPI,False,5.0
ORD102357,2025-08-25,CUST0060,Deepak Kumar,East,Guwahati,Home & Kitchen,Water Purifier,14446.86,1,0.0,14446.86,0.0,14446.86,Credit Card,False,4.0
ORD103806,2025-08-25,CUST0256,Rohan Pillai,East,Patna,Home & Kitchen,Air Fryer,4913.41,1,0.0,4913.41,0.0,4913.41,UPI,False,4.0
ORD104241,2025-08-25,CUST0117,Vikram Desai,West,Pune,Electronics,Laptop,11144.82,1,5.0,11144.82,557.24,10587.58,Credit Card,False,1.0
ORD100525,2025-08-25,CUST0386,Nisha Pillai,North,Lucknow,Home & Kitchen,Vacuum Cleaner,5468.06,1,5.0,5468.06,273.4,5194.66,UPI,False,2.0
ORD103176,2025-08-25,CUST0208,Vikram Bose,East,Kolkata,Electronics,Laptop,25908.11,1,0.0,25908.11,0.0,25908.11,UPI,False,4.0
ORD104919,2025-08-25,CUST0306,Anil Verma,South,Kochi,Electronics,Smartwatch,16294.55,1,20.0,16294.55,3258.91,13035.64,UPI,False,5.0
ORD102242,2025-08-25,CUST0730,Sanjay Reddy,East,Kolkata,Home & Kitchen,Mixer Grinder,14407.6,1,10.0,14407.6,1440.76,12966.84,Credit Card,False,5.0
ORD103742,2025-08-25,CUST0639,Vihaan Chopra,West,Pune,Electronics,Laptop,38111.42,1,0.0,38111.42,0.0,38111.42,Cash on Delivery,False,5.0
ORD103211,2025-08-26,CUST0532,Sanjay Rao,West,Mumbai,Beauty & Personal Care,Skincare Kit,748.0,1,10.0,748.0,74.8,673.2,Credit Card,False,5.0
ORD105384,2025-08-26,CUST0527,Ramesh Bose,North,Jaipur,Electronics,Laptop,34995.08,1,15.0,34995.08,5249.26,29745.82,Credit Card,False,4.0
ORD102714,2025-08-26,CUST0787,Karthik Joshi,North,Chandigarh,Home & Kitchen,Vacuum Cleaner,9152.51,1,0.0,9152.51,0.0,9152.51,Debit Card,False,3.0
ORD105489,2025-08-26,CUST0187,Sneha Bose,West,Ahmedabad,Electronics,Smartwatch,20728.54,1,15.0,20728.54,3109.28,17619.26,Net Banking,False,5.0
ORD102538,2025-08-26,CUST0612,Tara Reddy,North,Lucknow,Home & Kitchen,Air Fryer,9021.21,1,15.0,9021.21,1353.18,7668.03,Credit Card,False,4.0
ORD102721,2025-08-26,CUST0396,Lakshmi Rao,North,Lucknow,Sports & Fitness,Cycling Helmet,3493.86,2,0.0,6987.72,0.0,6987.72,Debit Card,False,5.0
ORD102669,2025-08-26,CUST0003,Krishna Gupta,South,Bengaluru,Beauty & Personal Care,Trimmer,2959.28,1,10.0,2959.28,295.93,2663.35,UPI,False,5.0
ORD103275,2025-08-26,CUST0677,Saanvi Das,West,Surat,Home & Kitchen,Water Purifier,4249.15,1,0.0,4249.15,0.0,4249.15,UPI,False,2.0
ORD100709,2025-08-27,CUST0425,Sai Mukherjee,East,Guwahati,Fashion,Backpack,1584.23,1,0.0,1584.23,0.0,1584.23,UPI,False,5.0
ORD101653,2025-08-27,CUST0244,Tara Kapoor,South,Chennai,Home & Kitchen,Vacuum Cleaner,3910.56,2,15.0,7821.12,1173.17,6647.95,UPI,False,5.0
ORD102687,2025-08-27,CUST0070,Sai Pillai,North,Jaipur,Electronics,Bluetooth Speaker,7874.08,1,10.0,7874.08,787.41,7086.67,UPI,False,4.0
ORD103745,2025-08-27,CUST0838,Nisha Kumar,East,Bhubaneswar,Electronics,Smartwatch,10035.92,1,10.0,10035.92,1003.59,9032.33,Credit Card,False,4.0
ORD101746,2025-08-27,CUST0437,Kavya Menon,South,Kochi,Sports & Fitness,Resistance Bands,6522.9,1,25.0,6522.9,1630.72,4892.18,Credit Card,False,4.0
ORD104523,2025-08-27,CUST0445,Rahul Reddy,West,Mumbai,Home & Kitchen,Air Fryer,13331.3,2,0.0,26662.6,0.0,26662.6,UPI,False,4.0
ORD102158,2025-08-27,CUST0192,Diya Bose,West,Mumbai,Electronics,Smartwatch,10717.84,1,20.0,10717.84,2143.57,8574.27,Credit Card,False,5.0
ORD101948,2025-08-28,CUST0329,Nisha Verma,South,Bengaluru,Home & Kitchen,Non-Stick Cookware Set,13305.08,1,10.0,13305.08,1330.51,11974.57,Debit Card,False,5.0
ORD103077,2025-08-28,CUST0018,Nisha Mukherjee,West,Surat,Home & Kitchen,Vacuum Cleaner,7114.72,1,0.0,7114.72,0.0,7114.72,Debit Card,False,2.0
ORD105348,2025-08-28,CUST0361,Saanvi Kumar,West,Surat,Beauty & Personal Care,Face Serum,393.73,3,25.0,1181.19,295.3,885.89,UPI,False,4.0
ORD102696,2025-08-28,CUST0047,Ishaan Singh,North,Delhi,Beauty & Personal Care,Face Serum,1441.04,1,0.0,1441.04,0.0,1441.04,Debit Card,True,5.0
ORD100722,2025-08-28,CUST0763,Saanvi Kapoor,East,Patna,Home & Kitchen,Air Fryer,1002.26,3,10.0,3006.78,300.68,2706.1,Credit Card,False,5.0
ORD100475,2025-08-28,CUST0034,Kavya Singh,North,Lucknow,Sports & Fitness,Dumbbell Set,2944.34,1,0.0,2944.34,0.0,2944.34,UPI,False,4.0
ORD100052,2025-08-28,CUST0359,Manish Mukherjee,North,Chandigarh,Electronics,Smartwatch,7676.34,1,20.0,7676.34,1535.27,6141.07,Net Banking,False,4.0
ORD102548,2025-08-28,CUST0039,Aarav Gupta,East,Bhubaneswar,Sports & Fitness,Dumbbell Set,6303.35,1,20.0,6303.35,1260.67,5042.68,Debit Card,False,4.0
ORD102175,2025-08-29,CUST0670,Sneha Patel,North,Lucknow,Electronics,Smartwatch,10563.49,1,0.0,10563.49,0.0,10563.49,Cash on Delivery,False,4.0
ORD100092,2025-08-29,CUST0196,Arjun Pillai,South,Kochi,Fashion,Wrist Watch,5858.66,2,5.0,11717.32,585.87,11131.45,UPI,False,5.0
ORD102018,2025-08-29,CUST0282,Rahul Bose,East,Guwahati,Beauty & Personal Care,Skincare Kit,3020.64,1,0.0,3020.64,0.0,3020.64,Debit Card,False,2.0
ORD105211,2025-08-29,CUST0520,Reyansh Das,West,Pune,Fashion,Sunglasses,5663.66,2,0.0,11327.32,0.0,11327.32,Net Banking,False,2.0
ORD103665,2025-08-29,CUST0109,Divya Gupta,West,Pune,Sports & Fitness,Resistance Bands,5573.78,1,10.0,5573.78,557.38,5016.4,Net Banking,False,3.0
ORD104368,2025-08-29,CUST0322,Riya Malhotra,East,Guwahati,Sports & Fitness,Fitness Band,630.91,1,0.0,630.91,0.0,630.91,Net Banking,False,2.0
ORD100006,2025-08-29,CUST0764,Priya Singh,North,Jaipur,Fashion,Sunglasses,4351.45,1,0.0,4351.45,0.0,4351.45,Debit Card,False,3.0
ORD101315,2025-08-29,CUST0036,Saanvi Kapoor,North,Lucknow,Electronics,Wireless Earbuds,5223.6,1,0.0,5223.6,0.0,5223.6,UPI,False,3.0
ORD105120,2025-08-29,CUST0155,Karthik Verma,South,Chennai,Fashion,Denim Jacket,1290.7,1,0.0,1290.7,0.0,1290.7,Credit Card,False,3.0
ORD103696,2025-08-30,CUST0285,Divya Joshi,North,Jaipur,Fashion,Wrist Watch,4644.49,1,0.0,4644.49,0.0,4644.49,UPI,False,1.0
ORD105125,2025-08-30,CUST0085,Riya Das,North,Jaipur,Home & Kitchen,Water Purifier,3222.52,2,0.0,6445.04,0.0,6445.04,UPI,False,4.0
ORD100600,2025-08-30,CUST0514,Manish Das,East,Patna,Home & Kitchen,Air Fryer,13830.01,1,0.0,13830.01,0.0,13830.01,UPI,False,4.0
ORD103708,2025-08-30,CUST0071,Zara Menon,East,Patna,Electronics,Laptop,2600.42,1,0.0,2600.42,0.0,2600.42,Cash on Delivery,False,4.0
ORD101271,2025-08-30,CUST0812,Vihaan Rao,West,Pune,Fashion,Backpack,1758.6,1,10.0,1758.6,175.86,1582.74,Net Banking,False,2.0
ORD105989,2025-08-30,CUST0450,Swati Singh,East,Kolkata,Fashion,Running Shoes,2361.62,1,15.0,2361.62,354.24,2007.38,Debit Card,False,5.0
ORD101954,2025-08-30,CUST0677,Saanvi Das,West,Surat,Electronics,Smartphone,42856.87,1,15.0,42856.87,6428.53,36428.34,Credit Card,False,1.0
ORD101288,2025-08-30,CUST0684,Ananya Patel,North,Lucknow,Fashion,Denim Jacket,2029.06,1,5.0,2029.06,101.45,1927.61,UPI,False,4.0
ORD105993,2025-08-30,CUST0298,Kiran Das,North,Lucknow,Electronics,Wireless Earbuds,33791.36,1,15.0,33791.36,5068.7,28722.66,Cash on Delivery,False,5.0
ORD100148,2025-08-31,CUST0800,Nisha Malhotra,North,Jaipur,Fashion,Backpack,4092.4,1,0.0,4092.4,0.0,4092.4,Net Banking,False,4.0
ORD100115,2025-08-31,CUST0250,Nisha Chopra,North,Jaipur,Fashion,Wrist Watch,1704.25,2,10.0,3408.5,340.85,3067.65,UPI,False,5.0
ORD104319,2025-08-31,CUST0258,Reyansh Malhotra,West,Mumbai,Beauty & Personal Care,Perfume,3340.62,2,10.0,6681.24,668.12,6013.12,UPI,False,3.0
ORD104577,2025-08-31,CUST0027,Vivaan Rao,South,Kochi,Home & Kitchen,Non-Stick Cookware Set,4140.18,1,10.0,4140.18,414.02,3726.16,UPI,False,5.0
ORD103260,2025-08-31,CUST0406,Vikram Rao,North,Lucknow,Beauty & Personal Care,Hair Dryer,2965.21,1,10.0,2965.21,296.52,2668.69,UPI,False,4.0
ORD100228,2025-09-01,CUST0413,Ananya Singh,East,Bhubaneswar,Electronics,Laptop,30732.57,1,0.0,30732.57,0.0,30732.57,Debit Card,False,5.0
ORD105981,2025-09-01,CUST0014,Naveen Bose,North,Chandigarh,Sports & Fitness,Resistance Bands,3865.78,2,0.0,7731.56,0.0,7731.56,Net Banking,False,4.0
ORD101143,2025-09-01,CUST0617,Suresh Reddy,South,Chennai,Fashion,Backpack,5387.59,1,25.0,5387.59,1346.9,4040.69,UPI,False,5.0
ORD101089,2025-09-01,CUST0678,Vikram Iyer,East,Guwahati,Sports & Fitness,Yoga Mat,5750.77,1,0.0,5750.77,0.0,5750.77,Net Banking,False,5.0
ORD101479,2025-09-01,CUST0085,Riya Das,North,Jaipur,Electronics,Bluetooth Speaker,15515.97,1,15.0,15515.97,2327.4,13188.57,Credit Card,False,4.0
ORD103181,2025-09-01,CUST0564,Divya Desai,South,Bengaluru,Home & Kitchen,Vacuum Cleaner,14000.45,1,10.0,14000.45,1400.04,12600.41,Credit Card,False,2.0
ORD104472,2025-09-01,CUST0345,Riya Reddy,East,Bhubaneswar,Fashion,Sunglasses,2479.71,1,15.0,2479.71,371.96,2107.75,UPI,False,5.0
ORD100712,2025-09-01,CUST0511,Manisha Verma,West,Ahmedabad,Fashion,Running Shoes,1712.67,1,0.0,1712.67,0.0,1712.67,UPI,False,5.0
ORD100694,2025-09-02,CUST0242,Naveen Malhotra,West,Pune,Sports & Fitness,Fitness Band,5651.25,1,0.0,5651.25,0.0,5651.25,UPI,False,5.0
ORD100949,2025-09-02,CUST0282,Rahul Bose,East,Guwahati,Electronics,Bluetooth Speaker,53107.48,1,20.0,53107.48,10621.5,42485.98,Credit Card,True,3.0
ORD105789,2025-09-02,CUST0326,Aarav Das,North,Jaipur,Fashion,Denim Jacket,941.02,1,0.0,941.02,0.0,941.02,UPI,False,5.0
ORD105261,2025-09-02,CUST0139,Shreya Reddy,South,Bengaluru,Home & Kitchen,Mixer Grinder,13953.9,1,0.0,13953.9,0.0,13953.9,Credit Card,False,5.0
ORD103287,2025-09-02,CUST0075,Isha Patel,North,Jaipur,Sports & Fitness,Yoga Mat,7960.02,1,0.0,7960.02,0.0,7960.02,Credit Card,False,3.0
ORD103601,2025-09-02,CUST0008,Vikram Pillai,West,Mumbai,Sports & Fitness,Dumbbell Set,873.83,1,0.0,873.83,0.0,873.83,Debit Card,False,5.0
ORD104794,2025-09-02,CUST0003,Krishna Gupta,South,Bengaluru,Fashion,Wrist Watch,4331.38,1,10.0,4331.38,433.14,3898.24,Credit Card,False,2.0
ORD105071,2025-09-03,CUST0821,Saanvi Rao,West,Ahmedabad,Sports & Fitness,Yoga Mat,428.49,1,0.0,428.49,0.0,428.49,Debit Card,False,5.0
ORD105357,2025-09-03,CUST0396,Lakshmi Rao,North,Lucknow,Home & Kitchen,Vacuum Cleaner,2489.03,1,0.0,2489.03,0.0,2489.03,Credit Card,False,5.0
ORD105029,2025-09-03,CUST0705,Priya Singh,West,Surat,Fashion,Denim Jacket,1113.05,1,15.0,1113.05,166.96,946.09,UPI,False,5.0
ORD105671,2025-09-03,CUST0804,Ishaan Rao,West,Mumbai,Electronics,Bluetooth Speaker,40279.95,1,10.0,40279.95,4028.0,36251.95,UPI,False,2.0
ORD101142,2025-09-03,CUST0348,Rohan Das,North,Lucknow,Sports & Fitness,Yoga Mat,1666.34,1,0.0,1666.34,0.0,1666.34,Credit Card,False,5.0
ORD103850,2025-09-03,CUST0601,Sneha Patel,South,Hyderabad,Electronics,Wireless Earbuds,49571.3,1,5.0,49571.3,2478.56,47092.74,UPI,False,4.0
ORD101220,2025-09-03,CUST0384,Naveen Kumar,North,Jaipur,Electronics,Laptop,35872.92,2,0.0,71745.84,0.0,71745.84,Net Banking,False,4.0
ORD103706,2025-09-03,CUST0728,Pooja Verma,North,Lucknow,Electronics,Wireless Earbuds,28666.46,2,0.0,57332.92,0.0,57332.92,UPI,False,2.0
ORD101563,2025-09-03,CUST0802,Swati Menon,South,Hyderabad,Beauty & Personal Care,Hair Dryer,1302.41,1,0.0,1302.41,0.0,1302.41,Credit Card,False,2.0
ORD104821,2025-09-03,CUST0003,Krishna Gupta,South,Bengaluru,Sports & Fitness,Dumbbell Set,5938.26,1,0.0,5938.26,0.0,5938.26,UPI,False,3.0
ORD101227,2025-09-03,CUST0170,Vivaan Joshi,South,Hyderabad,Beauty & Personal Care,Skincare Kit,1949.05,1,0.0,1949.05,0.0,1949.05,Cash on Delivery,False,5.0
ORD101045,2025-09-04,CUST0391,Saanvi Kapoor,East,Kolkata,Home & Kitchen,Non-Stick Cookware Set,987.18,1,0.0,987.18,0.0,987.18,Debit Card,False,5.0
ORD104042,2025-09-04,CUST0319,Suresh Reddy,South,Bengaluru,Beauty & Personal Care,Trimmer,3287.64,1,20.0,3287.64,657.53,2630.11,UPI,False,5.0
ORD102187,2025-09-04,CUST0685,Aditya Patel,North,Lucknow,Beauty & Personal Care,Perfume,2677.31,1,20.0,2677.31,535.46,2141.85,Net Banking,False,4.0
ORD103309,2025-09-04,CUST0604,Swati Das,South,Bengaluru,Beauty & Personal Care,Face Serum,2829.68,2,5.0,5659.36,282.97,5376.39,UPI,False,5.0
ORD100075,2025-09-04,CUST0288,Neha Sharma,East,Guwahati,Sports & Fitness,Yoga Mat,570.73,1,5.0,570.73,28.54,542.19,Credit Card,False,4.0
ORD100962,2025-09-05,CUST0120,Manisha Singh,West,Pune,Fashion,Backpack,467.85,1,15.0,467.85,70.18,397.67,UPI,False,4.0
ORD104063,2025-09-05,CUST0547,Priya Nair,South,Kochi,Electronics,Smartphone,13020.6,1,0.0,13020.6,0.0,13020.6,Debit Card,False,3.0
ORD102590,2025-09-05,CUST0805,Ishaan Gupta,West,Pune,Home & Kitchen,Mixer Grinder,9448.7,1,0.0,9448.7,0.0,9448.7,Credit Card,False,4.0
ORD100300,2025-09-05,CUST0045,Nisha Patel,West,Surat,Fashion,Backpack,3183.7,1,15.0,3183.7,477.56,2706.14,Credit Card,False,4.0
ORD102332,2025-09-06,CUST0756,Priya Reddy,West,Mumbai,Sports & Fitness,Yoga Mat,1660.09,1,5.0,1660.09,83.0,1577.09,Cash on Delivery,False,3.0
ORD105325,2025-09-06,CUST0281,Pooja Chopra,East,Patna,Fashion,Denim Jacket,2564.95,1,0.0,2564.95,0.0,2564.95,Debit Card,False,3.0
ORD101525,2025-09-06,CUST0560,Zara Reddy,South,Chennai,Home & Kitchen,Mixer Grinder,5419.19,1,5.0,5419.19,270.96,5148.23,UPI,False,3.0
ORD103890,2025-09-06,CUST0411,Sanjay Rao,South,Hyderabad,Fashion,Backpack,4757.56,1,10.0,4757.56,475.76,4281.8,Credit Card,False,1.0
ORD104400,2025-09-06,CUST0789,Riya Pillai,North,Lucknow,Home & Kitchen,Air Fryer,2857.04,1,25.0,2857.04,714.26,2142.78,Cash on Delivery,False,3.0
ORD103322,2025-09-06,CUST0787,Karthik Joshi,North,Chandigarh,Beauty & Personal Care,Hair Dryer,2971.94,1,5.0,2971.94,148.6,2823.34,Credit Card,False,4.0
ORD102902,2025-09-06,CUST0749,Ramesh Menon,South,Hyderabad,Beauty & Personal Care,Skincare Kit,3082.25,2,5.0,6164.5,308.23,5856.27,Credit Card,False,5.0
ORD102658,2025-09-06,CUST0815,Saanvi Pillai,West,Ahmedabad,Electronics,Wireless Earbuds,45765.17,1,10.0,45765.17,4576.52,41188.65,Cash on Delivery,False,4.0
ORD102985,2025-09-06,CUST0754,Riya Pillai,North,Jaipur,Electronics,Smartphone,51135.88,2,0.0,102271.76,0.0,102271.76,Credit Card,False,5.0
ORD103159,2025-09-07,CUST0475,Kiran Chopra,East,Bhubaneswar,Fashion,Wrist Watch,638.1,1,20.0,638.1,127.62,510.48,Net Banking,False,4.0
ORD100080,2025-09-07,CUST0614,Diya Bose,North,Chandigarh,Fashion,Wrist Watch,1523.99,2,0.0,3047.98,0.0,3047.98,Debit Card,False,4.0
ORD104166,2025-09-07,CUST0343,Vikram Kapoor,East,Patna,Electronics,Wireless Earbuds,8174.2,1,0.0,8174.2,0.0,8174.2,UPI,False,1.0
ORD105644,2025-09-07,CUST0060,Deepak Kumar,East,Guwahati,Fashion,Wrist Watch,1732.52,2,10.0,3465.04,346.5,3118.54,Debit Card,False,4.0
ORD102549,2025-09-07,CUST0175,Arjun Gupta,North,Lucknow,Beauty & Personal Care,Perfume,3282.56,1,20.0,3282.56,656.51,2626.05,UPI,False,5.0
ORD100262,2025-09-07,CUST0039,Aarav Gupta,East,Bhubaneswar,Sports & Fitness,Cycling Helmet,5068.98,1,0.0,5068.98,0.0,5068.98,Debit Card,False,2.0
ORD103506,2025-09-08,CUST0604,Swati Das,South,Bengaluru,Fashion,Sunglasses,4732.53,1,25.0,4732.53,1183.13,3549.4,UPI,False,4.0
ORD100129,2025-09-08,CUST0287,Kavya Kapoor,South,Hyderabad,Electronics,Smartwatch,14453.54,1,0.0,14453.54,0.0,14453.54,Debit Card,False,5.0
ORD104408,2025-09-08,CUST0488,Deepak Malhotra,South,Bengaluru,Electronics,Wireless Earbuds,16314.11,1,0.0,16314.11,0.0,16314.11,UPI,False,4.0
ORD101782,2025-09-08,CUST0212,Divya Sharma,North,Chandigarh,Beauty & Personal Care,Hair Dryer,2249.53,1,10.0,2249.53,224.95,2024.58,UPI,False,4.0
ORD103010,2025-09-08,CUST0674,Ishaan Iyer,South,Bengaluru,Fashion,Running Shoes,4875.46,1,5.0,4875.46,243.77,4631.69,Debit Card,False,2.0
ORD101950,2025-09-08,CUST0053,Aarav Iyer,North,Delhi,Electronics,Smartphone,46218.02,2,0.0,92436.04,0.0,92436.04,UPI,False,2.0
ORD105816,2025-09-08,CUST0173,Lakshmi Sharma,South,Kochi,Sports & Fitness,Fitness Band,7026.95,1,0.0,7026.95,0.0,7026.95,UPI,False,4.0
ORD103328,2025-09-08,CUST0264,Krishna Bose,South,Kochi,Home & Kitchen,Mixer Grinder,13889.04,3,10.0,41667.12,4166.71,37500.41,UPI,False,5.0
ORD104918,2025-09-08,CUST0443,Lakshmi Malhotra,East,Bhubaneswar,Beauty & Personal Care,Skincare Kit,825.31,1,0.0,825.31,0.0,825.31,Net Banking,False,1.0
ORD102410,2025-09-09,CUST0437,Kavya Menon,South,Kochi,Electronics,Laptop,25919.41,1,5.0,25919.41,1295.97,24623.44,Credit Card,False,4.0
ORD103788,2025-09-09,CUST0230,Divya Bose,East,Patna,Beauty & Personal Care,Skincare Kit,2647.12,1,0.0,2647.12,0.0,2647.12,Cash on Delivery,False,5.0
ORD105421,2025-09-09,CUST0379,Reyansh Iyer,West,Mumbai,Home & Kitchen,Non-Stick Cookware Set,14784.2,1,0.0,14784.2,0.0,14784.2,UPI,False,2.0
ORD101303,2025-09-09,CUST0367,Manish Patel,North,Delhi,Electronics,Laptop,53852.29,1,0.0,53852.29,0.0,53852.29,Debit Card,False,3.0
ORD104640,2025-09-10,CUST0182,Riya Joshi,North,Delhi,Electronics,Smartwatch,13097.15,3,0.0,39291.45,0.0,39291.45,UPI,False,2.0
ORD100785,2025-09-10,CUST0394,Krishna Singh,South,Chennai,Electronics,Wireless Earbuds,26333.97,1,0.0,26333.97,0.0,26333.97,UPI,False,4.0
ORD101994,2025-09-10,CUST0325,Isha Nair,West,Pune,Home & Kitchen,Water Purifier,1858.58,1,15.0,1858.58,278.79,1579.79,UPI,False,2.0
ORD105499,2025-09-10,CUST0289,Aditya Bose,South,Bengaluru,Electronics,Bluetooth Speaker,42694.9,1,25.0,42694.9,10673.72,32021.18,UPI,False,5.0
ORD101445,2025-09-10,CUST0040,Ishaan Sharma,West,Ahmedabad,Beauty & Personal Care,Hair Dryer,1171.41,2,5.0,2342.82,117.14,2225.68,Credit Card,False,3.0
ORD103483,2025-09-10,CUST0463,Meera Kapoor,South,Kochi,Sports & Fitness,Cycling Helmet,5915.05,1,20.0,5915.05,1183.01,4732.04,UPI,False,5.0
ORD103820,2025-09-10,CUST0794,Shreya Verma,North,Jaipur,Home & Kitchen,Vacuum Cleaner,2697.92,1,0.0,2697.92,0.0,2697.92,Net Banking,False,4.0
ORD104683,2025-09-10,CUST0540,Aarav Iyer,West,Surat,Electronics,Laptop,47900.59,1,10.0,47900.59,4790.06,43110.53,UPI,False,5.0
ORD102756,2025-09-10,CUST0565,Karthik Pillai,East,Patna,Fashion,Backpack,2439.57,1,0.0,2439.57,0.0,2439.57,Credit Card,False,2.0
ORD102171,2025-09-10,CUST0821,Saanvi Rao,West,Ahmedabad,Beauty & Personal Care,Skincare Kit,579.69,1,0.0,579.69,0.0,579.69,Credit Card,False,2.0
ORD101490,2025-09-11,CUST0214,Lakshmi Pillai,South,Bengaluru,Fashion,Denim Jacket,3324.4,1,0.0,3324.4,0.0,3324.4,Cash on Delivery,False,4.0
ORD105811,2025-09-11,CUST0097,Priya Sharma,South,Chennai,Beauty & Personal Care,Trimmer,466.4,1,0.0,466.4,0.0,466.4,UPI,False,3.0
ORD100577,2025-09-11,CUST0488,Deepak Malhotra,South,Bengaluru,Home & Kitchen,Non-Stick Cookware Set,1124.1,1,5.0,1124.1,56.2,1067.9,UPI,False,4.0
ORD105297,2025-09-11,CUST0018,Nisha Mukherjee,West,Surat,Home & Kitchen,Air Fryer,8931.55,1,0.0,8931.55,0.0,8931.55,Debit Card,True,5.0
ORD104517,2025-09-11,CUST0298,Kiran Das,North,Lucknow,Beauty & Personal Care,Face Serum,3180.07,1,5.0,3180.07,159.0,3021.07,UPI,False,3.0
ORD101102,2025-09-11,CUST0492,Swati Menon,North,Jaipur,Beauty & Personal Care,Perfume,1236.72,1,0.0,1236.72,0.0,1236.72,Net Banking,False,5.0
ORD101801,2025-09-11,CUST0829,Sanjay Desai,North,Delhi,Beauty & Personal Care,Trimmer,2507.2,1,5.0,2507.2,125.36,2381.84,Debit Card,False,5.0
ORD103148,2025-09-11,CUST0326,Aarav Das,North,Jaipur,Home & Kitchen,Air Fryer,1297.39,1,10.0,1297.39,129.74,1167.65,UPI,False,2.0
ORD105885,2025-09-12,CUST0441,Swati Singh,North,Lucknow,Beauty & Personal Care,Trimmer,1380.12,1,0.0,1380.12,0.0,1380.12,Credit Card,False,2.0
ORD104020,2025-09-12,CUST0063,Pooja Nair,West,Pune,Electronics,Laptop,28663.93,1,15.0,28663.93,4299.59,24364.34,Credit Card,False,5.0
ORD103380,2025-09-12,CUST0496,Lakshmi Singh,East,Guwahati,Home & Kitchen,Water Purifier,1355.37,1,10.0,1355.37,135.54,1219.83,Credit Card,False,5.0
ORD103305,2025-09-12,CUST0095,Sneha Rao,East,Kolkata,Home & Kitchen,Air Fryer,2218.37,1,25.0,2218.37,554.59,1663.78,Net Banking,False,2.0
ORD102189,2025-09-12,CUST0037,Vikram Chopra,West,Surat,Beauty & Personal Care,Trimmer,3089.9,1,5.0,3089.9,154.5,2935.4,Net Banking,False,4.0
ORD102867,2025-09-12,CUST0045,Nisha Patel,West,Surat,Electronics,Smartwatch,18103.68,1,20.0,18103.68,3620.74,14482.94,Credit Card,False,3.0
ORD104663,2025-09-12,CUST0577,Saanvi Kumar,East,Guwahati,Home & Kitchen,Non-Stick Cookware Set,7511.09,2,0.0,15022.18,0.0,15022.18,Debit Card,False,3.0
ORD104305,2025-09-12,CUST0304,Saanvi Joshi,South,Kochi,Electronics,Bluetooth Speaker,6506.29,1,5.0,6506.29,325.31,6180.98,Net Banking,False,4.0
ORD102829,2025-09-12,CUST0642,Vivaan Iyer,West,Surat,Electronics,Wireless Earbuds,43636.8,2,10.0,87273.6,8727.36,78546.24,UPI,False,3.0
ORD103216,2025-09-12,CUST0306,Anil Verma,South,Kochi,Fashion,Sunglasses,1575.64,1,15.0,1575.64,236.35,1339.29,Cash on Delivery,False,4.0
ORD104479,2025-09-12,CUST0562,Sanjay Patel,South,Chennai,Home & Kitchen,Non-Stick Cookware Set,7450.67,2,15.0,14901.34,2235.2,12666.14,UPI,False,5.0
ORD105636,2025-09-12,CUST0374,Meera Kapoor,East,Kolkata,Fashion,Denim Jacket,3893.75,2,0.0,7787.5,0.0,7787.5,UPI,False,4.0
ORD104975,2025-09-13,CUST0519,Rahul Das,North,Lucknow,Electronics,Laptop,8504.61,1,0.0,8504.61,0.0,8504.61,Credit Card,False,4.0
ORD100450,2025-09-13,CUST0325,Isha Nair,West,Pune,Electronics,Bluetooth Speaker,10024.85,2,10.0,20049.7,2004.97,18044.73,Debit Card,False,2.0
ORD100796,2025-09-13,CUST0124,Saanvi Verma,North,Jaipur,Fashion,Backpack,5044.01,1,0.0,5044.01,0.0,5044.01,UPI,False,2.0
ORD100726,2025-09-14,CUST0479,Vihaan Pillai,North,Delhi,Beauty & Personal Care,Perfume,3153.36,1,0.0,3153.36,0.0,3153.36,UPI,False,5.0
ORD105344,2025-09-14,CUST0396,Lakshmi Rao,North,Lucknow,Home & Kitchen,Vacuum Cleaner,2574.33,1,0.0,2574.33,0.0,2574.33,Cash on Delivery,False,4.0
ORD103860,2025-09-14,CUST0008,Vikram Pillai,West,Mumbai,Fashion,Backpack,3551.88,2,10.0,7103.76,710.38,6393.38,Debit Card,False,3.0
ORD100183,2025-09-14,CUST0474,Neha Kapoor,South,Bengaluru,Beauty & Personal Care,Face Serum,1964.36,2,15.0,3928.72,589.31,3339.41,Cash on Delivery,False,4.0
ORD103441,2025-09-14,CUST0095,Sneha Rao,East,Kolkata,Home & Kitchen,Mixer Grinder,6277.07,1,0.0,6277.07,0.0,6277.07,UPI,False,4.0
ORD104463,2025-09-15,CUST0356,Vihaan Singh,West,Pune,Home & Kitchen,Water Purifier,8395.89,2,5.0,16791.78,839.59,15952.19,Net Banking,False,5.0
ORD105142,2025-09-15,CUST0112,Diya Reddy,East,Bhubaneswar,Electronics,Laptop,29724.4,1,25.0,29724.4,7431.1,22293.3,Credit Card,False,5.0
ORD105959,2025-09-15,CUST0711,Neha Kumar,East,Kolkata,Sports & Fitness,Resistance Bands,6991.82,1,0.0,6991.82,0.0,6991.82,UPI,False,4.0
ORD101219,2025-09-15,CUST0846,Kavya Malhotra,West,Surat,Sports & Fitness,Fitness Band,1749.76,1,0.0,1749.76,0.0,1749.76,UPI,False,5.0
ORD100031,2025-09-15,CUST0589,Aarav Joshi,South,Chennai,Home & Kitchen,Vacuum Cleaner,2194.06,1,15.0,2194.06,329.11,1864.95,Credit Card,False,5.0
ORD105445,2025-09-16,CUST0558,Vivaan Iyer,East,Guwahati,Electronics,Smartphone,30597.97,1,0.0,30597.97,0.0,30597.97,Net Banking,False,4.0
ORD105912,2025-09-16,CUST0019,Vihaan Malhotra,North,Lucknow,Home & Kitchen,Mixer Grinder,10965.92,1,10.0,10965.92,1096.59,9869.33,UPI,False,3.0
ORD102490,2025-09-16,CUST0161,Deepak Iyer,West,Pune,Sports & Fitness,Cycling Helmet,5958.51,1,5.0,5958.51,297.93,5660.58,Debit Card,False,5.0
ORD103358,2025-09-16,CUST0612,Tara Reddy,North,Lucknow,Home & Kitchen,Water Purifier,12009.51,1,15.0,12009.51,1801.43,10208.08,UPI,False,5.0
ORD103014,2025-09-16,CUST0187,Sneha Bose,West,Ahmedabad,Electronics,Smartphone,26252.95,1,0.0,26252.95,0.0,26252.95,Credit Card,True,5.0
ORD100487,2025-09-16,CUST0406,Vikram Rao,North,Lucknow,Beauty & Personal Care,Hair Dryer,322.69,1,0.0,322.69,0.0,322.69,Credit Card,False,3.0
ORD103489,2025-09-17,CUST0701,Sneha Singh,East,Patna,Beauty & Personal Care,Face Serum,2278.88,1,10.0,2278.88,227.89,2050.99,UPI,False,5.0
ORD105762,2025-09-17,CUST0281,Pooja Chopra,East,Patna,Beauty & Personal Care,Trimmer,2922.76,1,5.0,2922.76,146.14,2776.62,Credit Card,False,4.0
ORD102609,2025-09-17,CUST0525,Sanjay Joshi,North,Chandigarh,Home & Kitchen,Non-Stick Cookware Set,2647.36,1,0.0,2647.36,0.0,2647.36,Cash on Delivery,False,4.0
ORD101192,2025-09-18,CUST0781,Sanjay Mukherjee,West,Surat,Fashion,Running Shoes,1079.53,1,20.0,1079.53,215.91,863.62,UPI,False,2.0
ORD104498,2025-09-18,CUST0068,Isha Gupta,South,Bengaluru,Fashion,Denim Jacket,4757.76,1,0.0,4757.76,0.0,4757.76,Credit Card,False,5.0
ORD101848,2025-09-18,CUST0728,Pooja Verma,North,Lucknow,Beauty & Personal Care,Trimmer,1298.72,1,0.0,1298.72,0.0,1298.72,UPI,False,5.0
ORD105411,2025-09-18,CUST0812,Vihaan Rao,West,Pune,Home & Kitchen,Air Fryer,9260.47,2,10.0,18520.94,1852.09,16668.85,UPI,False,4.0
ORD102905,2025-09-18,CUST0291,Diya Kumar,North,Lucknow,Fashion,Backpack,3373.98,1,15.0,3373.98,506.1,2867.88,UPI,False,3.0
ORD105320,2025-09-18,CUST0733,Vihaan Das,East,Patna,Sports & Fitness,Yoga Mat,3498.53,1,0.0,3498.53,0.0,3498.53,Cash on Delivery,False,5.0
ORD101898,2025-09-18,CUST0279,Anil Sharma,North,Chandigarh,Home & Kitchen,Non-Stick Cookware Set,900.29,1,25.0,900.29,225.07,675.22,Credit Card,False,3.0
ORD104965,2025-09-18,CUST0362,Karthik Rao,West,Surat,Home & Kitchen,Mixer Grinder,3860.45,1,0.0,3860.45,0.0,3860.45,Cash on Delivery,False,5.0
ORD100258,2025-09-18,CUST0566,Vikram Das,South,Chennai,Home & Kitchen,Air Fryer,13129.7,1,10.0,13129.7,1312.97,11816.73,Cash on Delivery,False,5.0
ORD104533,2025-09-19,CUST0216,Shreya Singh,East,Guwahati,Sports & Fitness,Fitness Band,2250.92,1,0.0,2250.92,0.0,2250.92,Cash on Delivery,True,3.0
ORD104990,2025-09-19,CUST0658,Meera Patel,East,Patna,Beauty & Personal Care,Trimmer,2713.42,2,5.0,5426.84,271.34,5155.5,UPI,False,5.0
ORD104225,2025-09-19,CUST0220,Vivaan Joshi,North,Chandigarh,Electronics,Bluetooth Speaker,31074.28,2,10.0,62148.56,6214.86,55933.7,Cash on Delivery,False,3.0
ORD105176,2025-09-19,CUST0417,Tara Desai,East,Kolkata,Sports & Fitness,Cycling Helmet,5838.04,1,20.0,5838.04,1167.61,4670.43,UPI,False,5.0
ORD100070,2025-09-19,CUST0831,Naveen Pillai,North,Lucknow,Electronics,Smartphone,37206.5,2,0.0,74413.0,0.0,74413.0,UPI,False,1.0
ORD103825,2025-09-19,CUST0818,Tara Malhotra,North,Lucknow,Beauty & Personal Care,Trimmer,1439.0,1,5.0,1439.0,71.95,1367.05,UPI,False,4.0
ORD103529,2025-09-19,CUST0476,Vikram Desai,West,Mumbai,Beauty & Personal Care,Perfume,660.5,2,10.0,1321.0,132.1,1188.9,Credit Card,False,4.0
ORD101214,2025-09-20,CUST0643,Sneha Chopra,West,Mumbai,Sports & Fitness,Cycling Helmet,6116.13,1,0.0,6116.13,0.0,6116.13,UPI,False,5.0
ORD100454,2025-09-20,CUST0358,Pooja Iyer,North,Lucknow,Beauty & Personal Care,Skincare Kit,1192.8,1,0.0,1192.8,0.0,1192.8,UPI,False,5.0
ORD102068,2025-09-20,CUST0304,Saanvi Joshi,South,Kochi,Fashion,Denim Jacket,3397.93,3,10.0,10193.79,1019.38,9174.41,Credit Card,False,5.0
ORD102813,2025-09-20,CUST0639,Vihaan Chopra,West,Pune,Sports & Fitness,Fitness Band,3276.04,1,10.0,3276.04,327.6,2948.44,UPI,False,3.0
ORD101852,2025-09-20,CUST0799,Vivaan Rao,North,Jaipur,Home & Kitchen,Water Purifier,1786.05,1,10.0,1786.05,178.6,1607.45,UPI,False,5.0
ORD104403,2025-09-20,CUST0358,Pooja Iyer,North,Lucknow,Electronics,Laptop,52917.13,1,0.0,52917.13,0.0,52917.13,Credit Card,False,5.0
ORD104611,2025-09-21,CUST0521,Zara Patel,West,Pune,Electronics,Bluetooth Speaker,20362.02,1,0.0,20362.02,0.0,20362.02,Net Banking,True,3.0
ORD102261,2025-09-21,CUST0141,Divya Das,South,Chennai,Beauty & Personal Care,Hair Dryer,2842.78,1,0.0,2842.78,0.0,2842.78,UPI,False,5.0
ORD103547,2025-09-21,CUST0483,Manish Reddy,South,Kochi,Beauty & Personal Care,Perfume,484.46,2,5.0,968.92,48.45,920.47,UPI,False,4.0
ORD102686,2025-09-21,CUST0396,Lakshmi Rao,North,Lucknow,Fashion,Running Shoes,1161.1,1,20.0,1161.1,232.22,928.88,UPI,False,5.0
ORD102734,2025-09-21,CUST0582,Diya Kumar,North,Lucknow,Sports & Fitness,Fitness Band,7020.52,1,0.0,7020.52,0.0,7020.52,Cash on Delivery,False,4.0
ORD102738,2025-09-21,CUST0118,Ananya Das,South,Chennai,Home & Kitchen,Air Fryer,2905.09,1,15.0,2905.09,435.76,2469.33,UPI,False,3.0
ORD102020,2025-09-22,CUST0064,Sanjay Reddy,East,Kolkata,Electronics,Laptop,2372.93,1,0.0,2372.93,0.0,2372.93,Credit Card,False,4.0
ORD105711,2025-09-22,CUST0650,Rohan Gupta,West,Mumbai,Fashion,Running Shoes,4056.76,1,0.0,4056.76,0.0,4056.76,Net Banking,False,5.0
ORD104896,2025-09-22,CUST0306,Anil Verma,South,Kochi,Fashion,Wrist Watch,670.44,1,10.0,670.44,67.04,603.4,UPI,False,3.0
ORD105910,2025-09-22,CUST0473,Manisha Chopra,South,Hyderabad,Electronics,Wireless Earbuds,5555.05,1,0.0,5555.05,0.0,5555.05,Debit Card,False,4.0
ORD102518,2025-09-22,CUST0537,Sneha Sharma,West,Surat,Fashion,Backpack,1173.77,1,0.0,1173.77,0.0,1173.77,Debit Card,False,1.0
ORD103798,2025-09-22,CUST0629,Suresh Mukherjee,North,Delhi,Fashion,Running Shoes,4671.33,1,5.0,4671.33,233.57,4437.76,Net Banking,False,5.0
ORD101799,2025-09-23,CUST0422,Ananya Nair,North,Lucknow,Beauty & Personal Care,Perfume,1218.28,2,0.0,2436.56,0.0,2436.56,UPI,False,4.0
ORD104151,2025-09-23,CUST0244,Tara Kapoor,South,Chennai,Fashion,Wrist Watch,5719.18,2,10.0,11438.36,1143.84,10294.52,Debit Card,False,3.0
ORD105076,2025-09-23,CUST0656,Lakshmi Bose,West,Mumbai,Electronics,Bluetooth Speaker,25869.99,1,0.0,25869.99,0.0,25869.99,Credit Card,False,5.0
ORD102327,2025-09-24,CUST0350,Sneha Rao,West,Ahmedabad,Beauty & Personal Care,Perfume,2460.36,1,0.0,2460.36,0.0,2460.36,Credit Card,False,5.0
ORD101229,2025-09-24,CUST0225,Reyansh Nair,North,Lucknow,Electronics,Wireless Earbuds,43815.29,1,20.0,43815.29,8763.06,35052.23,Credit Card,False,5.0
ORD104299,2025-09-24,CUST0486,Manisha Rao,South,Chennai,Electronics,Smartwatch,48513.24,1,0.0,48513.24,0.0,48513.24,Credit Card,False,4.0
ORD105896,2025-09-24,CUST0306,Anil Verma,South,Kochi,Fashion,Wrist Watch,4070.63,1,0.0,4070.63,0.0,4070.63,UPI,False,2.0
ORD100790,2025-09-24,CUST0211,Vikram Pillai,East,Kolkata,Electronics,Laptop,8116.96,1,0.0,8116.96,0.0,8116.96,UPI,False,4.0
ORD101343,2025-09-24,CUST0220,Vivaan Joshi,North,Chandigarh,Electronics,Smartphone,53318.94,1,10.0,53318.94,5331.89,47987.05,Debit Card,False,5.0
ORD100321,2025-09-24,CUST0063,Pooja Nair,West,Pune,Fashion,Wrist Watch,3912.98,1,25.0,3912.98,978.24,2934.74,UPI,False,4.0
ORD100521,2025-09-24,CUST0443,Lakshmi Malhotra,East,Bhubaneswar,Sports & Fitness,Cycling Helmet,771.02,1,0.0,771.02,0.0,771.02,Credit Card,False,4.0
ORD100764,2025-09-24,CUST0718,Nisha Verma,East,Kolkata,Electronics,Laptop,33304.55,1,25.0,33304.55,8326.14,24978.41,UPI,False,3.0
ORD102467,2025-09-25,CUST0749,Ramesh Menon,South,Hyderabad,Fashion,Backpack,3894.64,1,5.0,3894.64,194.73,3699.91,UPI,True,5.0
ORD103644,2025-09-25,CUST0226,Ananya Nair,East,Kolkata,Beauty & Personal Care,Hair Dryer,1168.73,1,15.0,1168.73,175.31,993.42,Credit Card,False,2.0
ORD104073,2025-09-25,CUST0632,Saanvi Kumar,South,Chennai,Sports & Fitness,Yoga Mat,3475.13,1,15.0,3475.13,521.27,2953.86,UPI,False,4.0
ORD102585,2025-09-25,CUST0313,Sneha Patel,North,Chandigarh,Beauty & Personal Care,Hair Dryer,674.67,1,10.0,674.67,67.47,607.2,Credit Card,False,1.0
ORD104224,2025-09-25,CUST0789,Riya Pillai,North,Lucknow,Beauty & Personal Care,Trimmer,2251.26,1,0.0,2251.26,0.0,2251.26,UPI,False,3.0
ORD103069,2025-09-25,CUST0155,Karthik Verma,South,Chennai,Beauty & Personal Care,Hair Dryer,2786.26,1,5.0,2786.26,139.31,2646.95,Cash on Delivery,False,5.0
ORD103500,2025-09-25,CUST0394,Krishna Singh,South,Chennai,Home & Kitchen,Non-Stick Cookware Set,12976.58,2,5.0,25953.16,1297.66,24655.5,Credit Card,False,5.0
ORD101466,2025-09-26,CUST0569,Riya Malhotra,East,Guwahati,Home & Kitchen,Mixer Grinder,14995.15,1,25.0,14995.15,3748.79,11246.36,Credit Card,False,5.0
ORD103109,2025-09-26,CUST0475,Kiran Chopra,East,Bhubaneswar,Beauty & Personal Care,Trimmer,1670.84,1,5.0,1670.84,83.54,1587.3,Credit Card,False,5.0
ORD104623,2025-09-26,CUST0724,Divya Bose,East,Patna,Sports & Fitness,Resistance Bands,6728.22,1,0.0,6728.22,0.0,6728.22,UPI,True,5.0
ORD105077,2025-09-26,CUST0657,Aarav Malhotra,North,Lucknow,Beauty & Personal Care,Skincare Kit,1612.26,2,0.0,3224.52,0.0,3224.52,Debit Card,False,4.0
ORD100392,2025-09-26,CUST0078,Manish Patel,East,Kolkata,Beauty & Personal Care,Skincare Kit,1155.96,1,20.0,1155.96,231.19,924.77,Credit Card,False,3.0
ORD101233,2025-09-27,CUST0813,Karthik Iyer,East,Kolkata,Beauty & Personal Care,Trimmer,365.11,1,5.0,365.11,18.26,346.85,Credit Card,False,5.0
ORD102922,2025-09-27,CUST0503,Kiran Sharma,West,Mumbai,Home & Kitchen,Mixer Grinder,1453.45,1,20.0,1453.45,290.69,1162.76,Net Banking,False,5.0
ORD100116,2025-09-27,CUST0192,Diya Bose,West,Mumbai,Electronics,Bluetooth Speaker,2535.17,2,0.0,5070.34,0.0,5070.34,Credit Card,False,2.0
ORD101713,2025-09-27,CUST0383,Meera Reddy,South,Hyderabad,Fashion,Backpack,5117.22,1,25.0,5117.22,1279.3,3837.92,Cash on Delivery,False,4.0
ORD105939,2025-09-27,CUST0715,Kiran Verma,South,Bengaluru,Sports & Fitness,Fitness Band,6331.88,1,15.0,6331.88,949.78,5382.1,Debit Card,True,5.0
ORD100200,2025-09-27,CUST0722,Neha Verma,South,Kochi,Sports & Fitness,Resistance Bands,595.4,2,5.0,1190.8,59.54,1131.26,Credit Card,False,4.0
ORD103838,2025-09-27,CUST0525,Sanjay Joshi,North,Chandigarh,Electronics,Smartwatch,46892.39,1,5.0,46892.39,2344.62,44547.77,UPI,False,5.0
ORD103208,2025-09-27,CUST0537,Sneha Sharma,West,Surat,Electronics,Smartphone,54299.38,1,10.0,54299.38,5429.94,48869.44,Credit Card,False,4.0
ORD105147,2025-09-27,CUST0091,Deepak Rao,North,Delhi,Electronics,Smartphone,52308.42,2,0.0,104616.84,0.0,104616.84,UPI,False,
ORD102617,2025-09-27,CUST0562,Sanjay Patel,South,Chennai,Fashion,Sunglasses,4506.6,1,0.0,4506.6,0.0,4506.6,Credit Card,False,5.0
ORD102608,2025-09-27,CUST0828,Diya Das,East,Guwahati,Sports & Fitness,Cycling Helmet,1161.96,1,20.0,1161.96,232.39,929.57,Debit Card,False,5.0
ORD105460,2025-09-27,CUST0491,Anil Sharma,North,Jaipur,Home & Kitchen,Vacuum Cleaner,9975.11,1,0.0,9975.11,0.0,9975.11,Credit Card,False,
ORD103809,2025-09-27,CUST0212,Divya Sharma,North,Chandigarh,Home & Kitchen,Water Purifier,3053.25,2,0.0,6106.5,0.0,6106.5,UPI,False,2.0
ORD102815,2025-09-27,CUST0849,Kavya Gupta,South,Hyderabad,Beauty & Personal Care,Hair Dryer,2169.05,1,0.0,2169.05,0.0,2169.05,Debit Card,False,5.0
ORD103847,2025-09-27,CUST0048,Diya Verma,East,Patna,Electronics,Wireless Earbuds,29246.45,2,5.0,58492.9,2924.64,55568.26,UPI,False,2.0
ORD104011,2025-09-28,CUST0302,Ramesh Chopra,West,Mumbai,Sports & Fitness,Fitness Band,845.19,2,20.0,1690.38,338.08,1352.3,Credit Card,False,4.0
ORD100858,2025-09-28,CUST0802,Swati Menon,South,Hyderabad,Sports & Fitness,Cycling Helmet,2858.15,1,5.0,2858.15,142.91,2715.24,Credit Card,False,5.0
ORD100846,2025-09-28,CUST0042,Riya Singh,North,Chandigarh,Fashion,Sunglasses,3190.62,2,15.0,6381.24,957.19,5424.05,Net Banking,False,5.0
ORD101555,2025-09-28,CUST0233,Diya Das,South,Bengaluru,Home & Kitchen,Air Fryer,9084.06,1,0.0,9084.06,0.0,9084.06,UPI,False,3.0
ORD104026,2025-09-28,CUST0386,Nisha Pillai,North,Lucknow,Fashion,Denim Jacket,4053.08,2,25.0,8106.16,2026.54,6079.62,Debit Card,False,4.0
ORD101647,2025-09-28,CUST0791,Priya Desai,North,Delhi,Fashion,Denim Jacket,1368.49,1,5.0,1368.49,68.42,1300.07,Cash on Delivery,False,5.0
ORD102271,2025-09-28,CUST0777,Vikram Singh,West,Surat,Home & Kitchen,Non-Stick Cookware Set,6880.92,1,5.0,6880.92,344.05,6536.87,Net Banking,False,4.0
ORD103258,2025-09-28,CUST0671,Aditya Rao,South,Hyderabad,Sports & Fitness,Dumbbell Set,3147.15,1,10.0,3147.15,314.71,2832.44,Credit Card,False,1.0
ORD105531,2025-09-28,CUST0458,Swati Singh,West,Ahmedabad,Home & Kitchen,Vacuum Cleaner,10604.44,1,10.0,10604.44,1060.44,9544.0,UPI,False,5.0
ORD104644,2025-09-28,CUST0766,Ramesh Singh,West,Mumbai,Sports & Fitness,Dumbbell Set,1069.13,1,5.0,1069.13,53.46,1015.67,Credit Card,False,4.0
ORD105294,2025-09-28,CUST0144,Sai Iyer,South,Bengaluru,Home & Kitchen,Air Fryer,10572.95,1,0.0,10572.95,0.0,10572.95,UPI,False,4.0
ORD102707,2025-09-29,CUST0781,Sanjay Mukherjee,West,Surat,Electronics,Smartwatch,6722.74,1,10.0,6722.74,672.27,6050.47,Debit Card,False,2.0
ORD100059,2025-09-29,CUST0388,Isha Desai,West,Ahmedabad,Home & Kitchen,Air Fryer,7441.5,1,20.0,7441.5,1488.3,5953.2,Cash on Delivery,False,4.0
ORD101554,2025-09-29,CUST0078,Manish Patel,East,Kolkata,Home & Kitchen,Vacuum Cleaner,2286.36,3,15.0,6859.08,1028.86,5830.22,Net Banking,False,2.0
ORD102035,2025-09-29,CUST0821,Saanvi Rao,West,Ahmedabad,Beauty & Personal Care,Trimmer,2322.97,2,0.0,4645.94,0.0,4645.94,Credit Card,True,4.0
ORD101377,2025-09-29,CUST0781,Sanjay Mukherjee,West,Surat,Electronics,Smartwatch,15170.54,1,0.0,15170.54,0.0,15170.54,Cash on Delivery,False,5.0
ORD103097,2025-09-29,CUST0820,Krishna Joshi,East,Bhubaneswar,Electronics,Smartphone,7014.01,1,0.0,7014.01,0.0,7014.01,Net Banking,False,2.0
ORD101456,2025-09-29,CUST0019,Vihaan Malhotra,North,Lucknow,Sports & Fitness,Cycling Helmet,4097.75,1,5.0,4097.75,204.89,3892.86,UPI,False,5.0
ORD100992,2025-09-30,CUST0018,Nisha Mukherjee,West,Surat,Fashion,Wrist Watch,1086.67,1,15.0,1086.67,163.0,923.67,Debit Card,False,4.0
ORD100494,2025-09-30,CUST0240,Tara Pillai,North,Chandigarh,Home & Kitchen,Water Purifier,13829.4,1,10.0,13829.4,1382.94,12446.46,UPI,False,5.0
ORD100394,2025-09-30,CUST0786,Krishna Menon,South,Bengaluru,Home & Kitchen,Vacuum Cleaner,7718.66,1,0.0,7718.66,0.0,7718.66,Credit Card,False,4.0
ORD102747,2025-09-30,CUST0388,Isha Desai,West,Ahmedabad,Fashion,Running Shoes,1983.72,1,0.0,1983.72,0.0,1983.72,Cash on Delivery,False,4.0
ORD101771,2025-10-01,CUST0627,Reyansh Patel,North,Lucknow,Beauty & Personal Care,Perfume,2851.01,1,0.0,2851.01,0.0,2851.01,UPI,False,3.0
ORD102195,2025-10-01,CUST0391,Saanvi Kapoor,East,Kolkata,Home & Kitchen,Vacuum Cleaner,14172.9,1,0.0,14172.9,0.0,14172.9,UPI,False,5.0
ORD104423,2025-10-01,CUST0495,Vihaan Reddy,North,Chandigarh,Electronics,Smartwatch,16410.67,1,0.0,16410.67,0.0,16410.67,Net Banking,False,4.0
ORD103674,2025-10-01,CUST0230,Divya Bose,East,Patna,Electronics,Smartwatch,7521.5,1,0.0,7521.5,0.0,7521.5,UPI,False,5.0
ORD100218,2025-10-01,CUST0756,Priya Reddy,West,Mumbai,Beauty & Personal Care,Hair Dryer,3286.38,1,0.0,3286.38,0.0,3286.38,Cash on Delivery,False,5.0
ORD100761,2025-10-01,CUST0838,Nisha Kumar,East,Bhubaneswar,Sports & Fitness,Dumbbell Set,7112.98,1,10.0,7112.98,711.3,6401.68,UPI,False,4.0
ORD105440,2025-10-01,CUST0479,Vihaan Pillai,North,Delhi,Fashion,Running Shoes,1734.79,1,0.0,1734.79,0.0,1734.79,UPI,False,5.0
ORD100257,2025-10-01,CUST0095,Sneha Rao,East,Kolkata,Beauty & Personal Care,Trimmer,2655.98,1,15.0,2655.98,398.4,2257.58,Net Banking,False,1.0
ORD102894,2025-10-02,CUST0589,Aarav Joshi,South,Chennai,Fashion,Sunglasses,690.15,1,10.0,690.15,69.02,621.13,Net Banking,False,4.0
ORD101736,2025-10-02,CUST0640,Saanvi Sharma,North,Chandigarh,Fashion,Sunglasses,1118.06,1,0.0,1118.06,0.0,1118.06,Credit Card,False,5.0
ORD101158,2025-10-02,CUST0125,Divya Bose,North,Delhi,Beauty & Personal Care,Hair Dryer,962.4,1,5.0,962.4,48.12,914.28,Credit Card,True,5.0
ORD103024,2025-10-02,CUST0786,Krishna Menon,South,Bengaluru,Home & Kitchen,Non-Stick Cookware Set,5128.44,1,0.0,5128.44,0.0,5128.44,Cash on Delivery,False,5.0
ORD100191,2025-10-02,CUST0240,Tara Pillai,North,Chandigarh,Sports & Fitness,Dumbbell Set,3997.04,1,0.0,3997.04,0.0,3997.04,UPI,False,2.0
ORD102593,2025-10-02,CUST0010,Vivaan Sharma,East,Patna,Sports & Fitness,Cycling Helmet,3072.12,2,0.0,6144.24,0.0,6144.24,Net Banking,False,5.0
ORD104265,2025-10-02,CUST0680,Manisha Chopra,East,Guwahati,Sports & Fitness,Fitness Band,3444.76,2,0.0,6889.52,0.0,6889.52,UPI,False,4.0
ORD104053,2025-10-02,CUST0687,Diya Kumar,South,Chennai,Electronics,Smartwatch,38854.34,1,15.0,38854.34,5828.15,33026.19,Credit Card,False,5.0
ORD102527,2025-10-02,CUST0208,Vikram Bose,East,Kolkata,Fashion,Denim Jacket,2564.73,1,25.0,2564.73,641.18,1923.55,Credit Card,False,5.0
ORD103335,2025-10-02,CUST0146,Neha Iyer,South,Chennai,Electronics,Smartwatch,25832.67,1,20.0,25832.67,5166.53,20666.14,UPI,False,5.0
ORD100407,2025-10-02,CUST0080,Vikram Kapoor,North,Lucknow,Beauty & Personal Care,Skincare Kit,419.8,1,10.0,419.8,41.98,377.82,UPI,False,5.0
ORD103793,2025-10-02,CUST0011,Diya Pillai,North,Lucknow,Electronics,Smartphone,7358.35,1,10.0,7358.35,735.84,6622.51,Debit Card,False,4.0
ORD102444,2025-10-02,CUST0760,Manisha Kapoor,North,Lucknow,Beauty & Personal Care,Skincare Kit,3345.68,1,10.0,3345.68,334.57,3011.11,UPI,False,5.0
ORD101973,2025-10-02,CUST0569,Riya Malhotra,East,Guwahati,Fashion,Wrist Watch,3999.38,1,0.0,3999.38,0.0,3999.38,UPI,False,4.0
ORD103594,2025-10-02,CUST0414,Deepak Joshi,East,Patna,Sports & Fitness,Dumbbell Set,3438.25,1,0.0,3438.25,0.0,3438.25,UPI,True,5.0
ORD103617,2025-10-02,CUST0358,Pooja Iyer,North,Lucknow,Fashion,Denim Jacket,2782.34,1,0.0,2782.34,0.0,2782.34,Credit Card,False,2.0
ORD105761,2025-10-03,CUST0334,Lakshmi Malhotra,South,Kochi,Beauty & Personal Care,Trimmer,2461.49,2,0.0,4922.98,0.0,4922.98,Credit Card,False,3.0
ORD103188,2025-10-03,CUST0593,Kiran Das,West,Mumbai,Home & Kitchen,Air Fryer,4749.58,1,0.0,4749.58,0.0,4749.58,Credit Card,False,5.0
ORD104903,2025-10-03,CUST0639,Vihaan Chopra,West,Pune,Electronics,Smartphone,40824.36,1,10.0,40824.36,4082.44,36741.92,Cash on Delivery,False,5.0
ORD101886,2025-10-03,CUST0244,Tara Kapoor,South,Chennai,Home & Kitchen,Air Fryer,13429.87,1,0.0,13429.87,0.0,13429.87,Debit Card,False,2.0
ORD103550,2025-10-03,CUST0018,Nisha Mukherjee,West,Surat,Electronics,Bluetooth Speaker,43928.0,1,0.0,43928.0,0.0,43928.0,Net Banking,False,5.0
ORD101977,2025-10-03,CUST0629,Suresh Mukherjee,North,Delhi,Fashion,Backpack,5995.9,1,5.0,5995.9,299.8,5696.1,Net Banking,False,4.0
ORD102320,2025-10-03,CUST0022,Reyansh Pillai,East,Guwahati,Fashion,Denim Jacket,1016.52,1,0.0,1016.52,0.0,1016.52,UPI,False,1.0
ORD105923,2025-10-03,CUST0373,Divya Desai,West,Mumbai,Fashion,Wrist Watch,3443.61,1,10.0,3443.61,344.36,3099.25,Credit Card,False,1.0
ORD101154,2025-10-03,CUST0293,Krishna Rao,West,Surat,Fashion,Sunglasses,877.35,1,10.0,877.35,87.74,789.61,Credit Card,False,3.0
ORD101566,2025-10-03,CUST0820,Krishna Joshi,East,Bhubaneswar,Beauty & Personal Care,Hair Dryer,2458.7,1,5.0,2458.7,122.94,2335.76,Cash on Delivery,False,5.0
ORD104500,2025-10-03,CUST0567,Rohan Malhotra,East,Guwahati,Beauty & Personal Care,Perfume,1504.3,1,0.0,1504.3,0.0,1504.3,Net Banking,False,5.0
ORD102162,2025-10-04,CUST0327,Swati Verma,South,Chennai,Electronics,Smartwatch,17486.05,1,0.0,17486.05,0.0,17486.05,Net Banking,False,2.0
ORD102318,2025-10-04,CUST0828,Diya Das,East,Guwahati,Beauty & Personal Care,Skincare Kit,1972.77,2,10.0,3945.54,394.55,3550.99,Credit Card,False,3.0
ORD101004,2025-10-04,CUST0304,Saanvi Joshi,South,Kochi,Electronics,Wireless Earbuds,47633.06,1,0.0,47633.06,0.0,47633.06,Credit Card,False,5.0
ORD101631,2025-10-04,CUST0383,Meera Reddy,South,Hyderabad,Beauty & Personal Care,Trimmer,2795.89,1,0.0,2795.89,0.0,2795.89,Debit Card,False,5.0
ORD101218,2025-10-04,CUST0107,Ananya Mukherjee,South,Bengaluru,Sports & Fitness,Resistance Bands,2745.2,1,0.0,2745.2,0.0,2745.2,Cash on Delivery,False,4.0
ORD104160,2025-10-04,CUST0003,Krishna Gupta,South,Bengaluru,Home & Kitchen,Non-Stick Cookware Set,5155.1,1,0.0,5155.1,0.0,5155.1,Debit Card,False,3.0
ORD105121,2025-10-04,CUST0535,Aditya Kumar,North,Jaipur,Fashion,Sunglasses,1266.54,1,5.0,1266.54,63.33,1203.21,UPI,False,1.0
ORD104398,2025-10-04,CUST0602,Deepak Verma,East,Guwahati,Fashion,Running Shoes,4512.12,2,5.0,9024.24,451.21,8573.03,UPI,False,5.0
ORD104123,2025-10-04,CUST0637,Swati Pillai,North,Jaipur,Home & Kitchen,Water Purifier,10131.59,2,0.0,20263.18,0.0,20263.18,UPI,False,5.0
ORD105916,2025-10-04,CUST0123,Anil Mukherjee,South,Hyderabad,Sports & Fitness,Fitness Band,1577.66,1,0.0,1577.66,0.0,1577.66,Credit Card,False,4.0
ORD103155,2025-10-04,CUST0003,Krishna Gupta,South,Bengaluru,Home & Kitchen,Mixer Grinder,10418.89,1,5.0,10418.89,520.94,9897.95,Debit Card,False,4.0
ORD104129,2025-10-04,CUST0715,Kiran Verma,South,Bengaluru,Electronics,Wireless Earbuds,47925.65,1,0.0,47925.65,0.0,47925.65,Net Banking,False,3.0
ORD102178,2025-10-04,CUST0596,Vikram Reddy,East,Patna,Electronics,Wireless Earbuds,46571.31,1,15.0,46571.31,6985.7,39585.61,Credit Card,False,3.0
ORD105051,2025-10-05,CUST0499,Swati Patel,South,Hyderabad,Sports & Fitness,Cycling Helmet,1451.2,2,20.0,2902.4,580.48,2321.92,Credit Card,False,5.0
ORD101578,2025-10-05,CUST0222,Deepak Singh,North,Jaipur,Beauty & Personal Care,Skincare Kit,292.84,1,10.0,292.84,29.28,263.56,UPI,False,4.0
ORD102883,2025-10-05,CUST0068,Isha Gupta,South,Bengaluru,Home & Kitchen,Mixer Grinder,7935.33,1,0.0,7935.33,0.0,7935.33,Credit Card,False,2.0
ORD102602,2025-10-05,CUST0441,Swati Singh,North,Lucknow,Beauty & Personal Care,Perfume,2467.98,1,0.0,2467.98,0.0,2467.98,Credit Card,False,4.0
ORD104626,2025-10-05,CUST0018,Nisha Mukherjee,West,Surat,Fashion,Backpack,1824.65,1,0.0,1824.65,0.0,1824.65,Cash on Delivery,False,4.0
ORD101627,2025-10-05,CUST0728,Pooja Verma,North,Lucknow,Home & Kitchen,Mixer Grinder,10695.02,3,5.0,32085.06,1604.25,30480.81,UPI,False,4.0
ORD103045,2025-10-05,CUST0728,Pooja Verma,North,Lucknow,Electronics,Smartphone,26896.91,1,0.0,26896.91,0.0,26896.91,Net Banking,False,5.0
ORD103920,2025-10-06,CUST0267,Anil Chopra,East,Bhubaneswar,Beauty & Personal Care,Face Serum,551.71,1,0.0,551.71,0.0,551.71,Credit Card,False,2.0
ORD105428,2025-10-06,CUST0288,Neha Sharma,East,Guwahati,Beauty & Personal Care,Skincare Kit,705.9,1,0.0,705.9,0.0,705.9,Credit Card,False,4.0
ORD105530,2025-10-06,CUST0019,Vihaan Malhotra,North,Lucknow,Home & Kitchen,Water Purifier,11842.08,1,0.0,11842.08,0.0,11842.08,Cash on Delivery,False,3.0
ORD105462,2025-10-06,CUST0407,Vivaan Desai,North,Delhi,Electronics,Laptop,24498.69,1,5.0,24498.69,1224.93,23273.76,Debit Card,False,4.0
ORD101417,2025-10-06,CUST0306,Anil Verma,South,Kochi,Electronics,Laptop,17897.55,1,0.0,17897.55,0.0,17897.55,UPI,False,5.0
ORD103901,2025-10-06,CUST0849,Kavya Gupta,South,Hyderabad,Sports & Fitness,Fitness Band,7123.37,1,10.0,7123.37,712.34,6411.03,Credit Card,False,5.0
ORD101580,2025-10-06,CUST0007,Karthik Verma,North,Jaipur,Beauty & Personal Care,Perfume,3252.97,1,0.0,3252.97,0.0,3252.97,Debit Card,False,3.0
ORD105117,2025-10-06,CUST0413,Ananya Singh,East,Bhubaneswar,Home & Kitchen,Water Purifier,11356.4,1,10.0,11356.4,1135.64,10220.76,Credit Card,False,4.0
ORD102413,2025-10-06,CUST0246,Divya Pillai,West,Mumbai,Electronics,Laptop,2742.62,3,25.0,8227.86,2056.96,6170.9,UPI,False,4.0
ORD100635,2025-10-06,CUST0389,Anil Nair,South,Hyderabad,Home & Kitchen,Vacuum Cleaner,14164.11,1,15.0,14164.11,2124.62,12039.49,Credit Card,False,4.0
ORD100344,2025-10-06,CUST0555,Vivaan Sharma,North,Delhi,Electronics,Wireless Earbuds,39155.34,1,10.0,39155.34,3915.53,35239.81,Credit Card,False,3.0
ORD104297,2025-10-06,CUST0805,Ishaan Gupta,West,Pune,Home & Kitchen,Non-Stick Cookware Set,8564.95,1,10.0,8564.95,856.5,7708.45,UPI,False,5.0
ORD105994,2025-10-07,CUST0374,Meera Kapoor,East,Kolkata,Beauty & Personal Care,Hair Dryer,3336.99,1,0.0,3336.99,0.0,3336.99,Credit Card,False,3.0
ORD104904,2025-10-07,CUST0626,Kavya Kapoor,East,Patna,Beauty & Personal Care,Trimmer,1578.51,2,0.0,3157.02,0.0,3157.02,Credit Card,False,5.0
ORD105196,2025-10-07,CUST0160,Nisha Kumar,East,Bhubaneswar,Fashion,Running Shoes,439.91,1,0.0,439.91,0.0,439.91,Credit Card,False,5.0
ORD100242,2025-10-07,CUST0775,Ishaan Rao,West,Ahmedabad,Beauty & Personal Care,Skincare Kit,2281.07,1,20.0,2281.07,456.21,1824.86,Cash on Delivery,False,5.0
ORD105296,2025-10-07,CUST0356,Vihaan Singh,West,Pune,Fashion,Running Shoes,3368.39,1,15.0,3368.39,505.26,2863.13,Credit Card,True,3.0
ORD102070,2025-10-07,CUST0085,Riya Das,North,Jaipur,Fashion,Denim Jacket,907.42,1,0.0,907.42,0.0,907.42,Credit Card,False,4.0
ORD105106,2025-10-07,CUST0471,Rohan Reddy,East,Bhubaneswar,Fashion,Wrist Watch,4016.02,1,0.0,4016.02,0.0,4016.02,UPI,False,4.0
ORD105207,2025-10-07,CUST0781,Sanjay Mukherjee,West,Surat,Beauty & Personal Care,Trimmer,429.93,1,10.0,429.93,42.99,386.94,Net Banking,False,5.0
ORD105099,2025-10-07,CUST0351,Vivaan Chopra,North,Delhi,Home & Kitchen,Mixer Grinder,2706.0,1,10.0,2706.0,270.6,2435.4,UPI,False,5.0
ORD103607,2025-10-07,CUST0107,Ananya Mukherjee,South,Bengaluru,Fashion,Backpack,4506.91,1,0.0,4506.91,0.0,4506.91,Net Banking,False,5.0
ORD103078,2025-10-07,CUST0202,Arjun Nair,North,Lucknow,Beauty & Personal Care,Trimmer,2525.15,2,0.0,5050.3,0.0,5050.3,Credit Card,False,1.0
ORD101846,2025-10-08,CUST0332,Arjun Das,West,Surat,Home & Kitchen,Mixer Grinder,10805.24,1,0.0,10805.24,0.0,10805.24,Debit Card,False,5.0
ORD104884,2025-10-08,CUST0634,Kavya Iyer,North,Chandigarh,Beauty & Personal Care,Skincare Kit,2331.32,2,15.0,4662.64,699.4,3963.24,UPI,False,4.0
ORD102389,2025-10-08,CUST0406,Vikram Rao,North,Lucknow,Home & Kitchen,Air Fryer,14136.1,1,20.0,14136.1,2827.22,11308.88,Net Banking,False,4.0
ORD102977,2025-10-08,CUST0560,Zara Reddy,South,Chennai,Fashion,Backpack,930.77,1,0.0,930.77,0.0,930.77,Net Banking,False,2.0
ORD103397,2025-10-08,CUST0820,Krishna Joshi,East,Bhubaneswar,Home & Kitchen,Air Fryer,11054.85,1,10.0,11054.85,1105.48,9949.37,UPI,False,5.0
ORD105082,2025-10-08,CUST0562,Sanjay Patel,South,Chennai,Electronics,Bluetooth Speaker,49267.67,1,5.0,49267.67,2463.38,46804.29,Debit Card,False,4.0
ORD100124,2025-10-08,CUST0175,Arjun Gupta,North,Lucknow,Electronics,Bluetooth Speaker,23941.4,1,0.0,23941.4,0.0,23941.4,Debit Card,False,3.0
ORD100224,2025-10-08,CUST0624,Priya Gupta,West,Ahmedabad,Electronics,Smartwatch,41100.11,1,10.0,41100.11,4110.01,36990.1,Debit Card,False,5.0
ORD105500,2025-10-08,CUST0372,Aarav Singh,West,Surat,Electronics,Wireless Earbuds,46212.45,1,0.0,46212.45,0.0,46212.45,Debit Card,False,3.0
ORD104399,2025-10-08,CUST0622,Deepak Kapoor,South,Bengaluru,Beauty & Personal Care,Skincare Kit,1805.19,1,10.0,1805.19,180.52,1624.67,Debit Card,False,4.0
ORD104752,2025-10-08,CUST0850,Anil Desai,West,Mumbai,Electronics,Smartwatch,23671.28,2,5.0,47342.56,2367.13,44975.43,Credit Card,False,5.0
ORD102366,2025-10-08,CUST0724,Divya Bose,East,Patna,Beauty & Personal Care,Trimmer,594.89,1,0.0,594.89,0.0,594.89,UPI,True,5.0
ORD104897,2025-10-08,CUST0555,Vivaan Sharma,North,Delhi,Electronics,Laptop,19421.23,1,0.0,19421.23,0.0,19421.23,Net Banking,False,4.0
ORD105238,2025-10-08,CUST0209,Vivaan Das,North,Lucknow,Fashion,Sunglasses,3040.82,1,25.0,3040.82,760.2,2280.62,Credit Card,False,2.0
ORD103505,2025-10-08,CUST0050,Suresh Reddy,East,Kolkata,Sports & Fitness,Dumbbell Set,6869.98,1,15.0,6869.98,1030.5,5839.48,Net Banking,False,5.0
ORD102820,2025-10-08,CUST0079,Lakshmi Sharma,South,Chennai,Electronics,Smartphone,37986.66,1,5.0,37986.66,1899.33,36087.33,Credit Card,False,5.0
ORD105242,2025-10-08,CUST0672,Arjun Reddy,South,Hyderabad,Beauty & Personal Care,Perfume,1893.51,1,0.0,1893.51,0.0,1893.51,Credit Card,False,5.0
ORD101385,2025-10-08,CUST0258,Reyansh Malhotra,West,Mumbai,Electronics,Laptop,9692.11,1,25.0,9692.11,2423.03,7269.08,Credit Card,False,1.0
ORD104614,2025-10-08,CUST0532,Sanjay Rao,West,Mumbai,Beauty & Personal Care,Perfume,2460.27,1,10.0,2460.27,246.03,2214.24,Credit Card,False,5.0
ORD103902,2025-10-09,CUST0010,Vivaan Sharma,East,Patna,Electronics,Bluetooth Speaker,53440.25,1,0.0,53440.25,0.0,53440.25,Debit Card,False,5.0
ORD100169,2025-10-09,CUST0780,Rahul Mukherjee,North,Delhi,Electronics,Wireless Earbuds,26954.15,1,10.0,26954.15,2695.42,24258.73,Credit Card,False,4.0
ORD104685,2025-10-09,CUST0846,Kavya Malhotra,West,Surat,Sports & Fitness,Resistance Bands,1192.74,1,0.0,1192.74,0.0,1192.74,Net Banking,False,4.0
ORD104532,2025-10-09,CUST0116,Zara Sharma,West,Pune,Fashion,Denim Jacket,5233.32,1,10.0,5233.32,523.33,4709.99,Credit Card,False,5.0
ORD100812,2025-10-09,CUST0685,Aditya Patel,North,Lucknow,Home & Kitchen,Water Purifier,4760.87,3,15.0,14282.61,2142.39,12140.22,UPI,False,5.0
ORD103539,2025-10-09,CUST0248,Rahul Nair,North,Jaipur,Electronics,Wireless Earbuds,23472.63,1,10.0,23472.63,2347.26,21125.37,UPI,False,4.0
ORD103966,2025-10-09,CUST0485,Rohan Singh,West,Ahmedabad,Sports & Fitness,Cycling Helmet,3037.71,1,0.0,3037.71,0.0,3037.71,Credit Card,False,4.0
ORD102293,2025-10-09,CUST0328,Naveen Singh,North,Jaipur,Beauty & Personal Care,Hair Dryer,2248.01,1,0.0,2248.01,0.0,2248.01,Net Banking,False,3.0
ORD100411,2025-10-09,CUST0406,Vikram Rao,North,Lucknow,Beauty & Personal Care,Face Serum,2756.19,1,0.0,2756.19,0.0,2756.19,UPI,False,1.0
ORD105925,2025-10-09,CUST0813,Karthik Iyer,East,Kolkata,Sports & Fitness,Fitness Band,2610.92,1,25.0,2610.92,652.73,1958.19,UPI,False,4.0
ORD102227,2025-10-10,CUST0557,Ananya Kumar,East,Kolkata,Home & Kitchen,Mixer Grinder,14483.18,1,15.0,14483.18,2172.48,12310.7,Credit Card,False,3.0
ORD100236,2025-10-10,CUST0715,Kiran Verma,South,Bengaluru,Electronics,Smartwatch,23580.24,1,0.0,23580.24,0.0,23580.24,Credit Card,False,4.0
ORD103555,2025-10-10,CUST0631,Nisha Iyer,North,Delhi,Fashion,Running Shoes,1753.6,1,15.0,1753.6,263.04,1490.56,UPI,False,3.0
ORD102359,2025-10-10,CUST0812,Vihaan Rao,West,Pune,Electronics,Laptop,23942.35,3,0.0,71827.05,0.0,71827.05,Credit Card,False,3.0
ORD100654,2025-10-10,CUST0495,Vihaan Reddy,North,Chandigarh,Fashion,Running Shoes,4354.28,3,5.0,13062.84,653.14,12409.7,Credit Card,False,2.0
ORD104745,2025-10-10,CUST0326,Aarav Das,North,Jaipur,Home & Kitchen,Air Fryer,8334.96,1,20.0,8334.96,1666.99,6667.97,Credit Card,False,4.0
ORD103448,2025-10-10,CUST0033,Meera Singh,South,Hyderabad,Sports & Fitness,Cycling Helmet,7546.14,1,0.0,7546.14,0.0,7546.14,Credit Card,False,5.0
ORD103262,2025-10-10,CUST0540,Aarav Iyer,West,Surat,Beauty & Personal Care,Trimmer,2534.78,1,15.0,2534.78,380.22,2154.56,UPI,False,4.0
ORD103926,2025-10-10,CUST0558,Vivaan Iyer,East,Guwahati,Fashion,Running Shoes,5720.26,2,0.0,11440.52,0.0,11440.52,Credit Card,False,4.0
ORD101478,2025-10-10,CUST0569,Riya Malhotra,East,Guwahati,Sports & Fitness,Cycling Helmet,7149.99,1,5.0,7149.99,357.5,6792.49,UPI,False,3.0
ORD101583,2025-10-10,CUST0424,Aditya Sharma,East,Guwahati,Sports & Fitness,Fitness Band,5751.93,1,20.0,5751.93,1150.39,4601.54,Credit Card,False,5.0
ORD105928,2025-10-10,CUST0263,Manisha Joshi,South,Chennai,Home & Kitchen,Mixer Grinder,1799.69,1,0.0,1799.69,0.0,1799.69,Credit Card,False,3.0
ORD104508,2025-10-10,CUST0438,Ishaan Verma,West,Ahmedabad,Fashion,Running Shoes,5926.64,1,25.0,5926.64,1481.66,4444.98,Net Banking,False,5.0
ORD101370,2025-10-10,CUST0479,Vihaan Pillai,North,Delhi,Electronics,Smartwatch,20143.84,1,0.0,20143.84,0.0,20143.84,Cash on Delivery,False,3.0
ORD100283,2025-10-11,CUST0386,Nisha Pillai,North,Lucknow,Sports & Fitness,Resistance Bands,4445.56,1,0.0,4445.56,0.0,4445.56,UPI,True,4.0
ORD105606,2025-10-11,CUST0258,Reyansh Malhotra,West,Mumbai,Sports & Fitness,Cycling Helmet,7222.38,1,5.0,7222.38,361.12,6861.26,Credit Card,False,4.0
ORD104933,2025-10-11,CUST0629,Suresh Mukherjee,North,Delhi,Electronics,Smartwatch,22031.28,1,0.0,22031.28,0.0,22031.28,Credit Card,True,4.0
ORD104130,2025-10-11,CUST0285,Divya Joshi,North,Jaipur,Fashion,Denim Jacket,2438.79,2,25.0,4877.58,1219.4,3658.18,Net Banking,False,5.0
ORD104536,2025-10-11,CUST0612,Tara Reddy,North,Lucknow,Electronics,Smartwatch,52422.39,1,0.0,52422.39,0.0,52422.39,Debit Card,False,4.0
ORD100492,2025-10-11,CUST0638,Nisha Kapoor,East,Kolkata,Fashion,Wrist Watch,652.33,1,20.0,652.33,130.47,521.86,Debit Card,False,5.0
ORD101093,2025-10-11,CUST0285,Divya Joshi,North,Jaipur,Home & Kitchen,Vacuum Cleaner,1129.91,1,0.0,1129.91,0.0,1129.91,UPI,False,4.0
ORD102348,2025-10-11,CUST0537,Sneha Sharma,West,Surat,Beauty & Personal Care,Hair Dryer,3287.97,1,0.0,3287.97,0.0,3287.97,Credit Card,False,4.0
ORD103110,2025-10-11,CUST0149,Aditya Mukherjee,West,Surat,Home & Kitchen,Mixer Grinder,14430.39,1,0.0,14430.39,0.0,14430.39,Net Banking,False,4.0
ORD103984,2025-10-11,CUST0057,Deepak Malhotra,West,Surat,Beauty & Personal Care,Hair Dryer,3134.76,1,0.0,3134.76,0.0,3134.76,Net Banking,False,5.0
ORD104559,2025-10-11,CUST0375,Karthik Malhotra,South,Bengaluru,Sports & Fitness,Resistance Bands,6366.37,1,10.0,6366.37,636.64,5729.73,UPI,False,5.0
ORD103426,2025-10-11,CUST0076,Aditya Gupta,North,Jaipur,Sports & Fitness,Dumbbell Set,4281.01,1,0.0,4281.01,0.0,4281.01,Net Banking,False,5.0
ORD101738,2025-10-11,CUST0492,Swati Menon,North,Jaipur,Home & Kitchen,Mixer Grinder,8469.81,1,20.0,8469.81,1693.96,6775.85,UPI,False,5.0
ORD102036,2025-10-11,CUST0406,Vikram Rao,North,Lucknow,Beauty & Personal Care,Trimmer,1846.21,1,0.0,1846.21,0.0,1846.21,UPI,False,5.0
ORD101401,2025-10-11,CUST0003,Krishna Gupta,South,Bengaluru,Fashion,Wrist Watch,1978.0,1,0.0,1978.0,0.0,1978.0,Credit Card,False,3.0
ORD100246,2025-10-12,CUST0389,Anil Nair,South,Hyderabad,Electronics,Bluetooth Speaker,15941.83,1,0.0,15941.83,0.0,15941.83,UPI,False,4.0
ORD102243,2025-10-12,CUST0440,Divya Sharma,North,Chandigarh,Home & Kitchen,Non-Stick Cookware Set,4431.91,1,25.0,4431.91,1107.98,3323.93,UPI,False,5.0
ORD103022,2025-10-12,CUST0434,Vikram Rao,West,Mumbai,Beauty & Personal Care,Skincare Kit,928.98,1,0.0,928.98,0.0,928.98,UPI,False,4.0
ORD103910,2025-10-12,CUST0806,Neha Patel,West,Mumbai,Fashion,Backpack,1967.57,1,0.0,1967.57,0.0,1967.57,UPI,False,3.0
ORD101512,2025-10-12,CUST0134,Sanjay Rao,East,Kolkata,Fashion,Running Shoes,5349.97,1,0.0,5349.97,0.0,5349.97,Credit Card,False,2.0
ORD104029,2025-10-12,CUST0260,Ishaan Mukherjee,East,Guwahati,Sports & Fitness,Dumbbell Set,4294.88,1,5.0,4294.88,214.74,4080.14,UPI,False,4.0
ORD102152,2025-10-12,CUST0476,Vikram Desai,West,Mumbai,Fashion,Sunglasses,4767.05,2,0.0,9534.1,0.0,9534.1,UPI,False,5.0
ORD104034,2025-10-12,CUST0192,Diya Bose,West,Mumbai,Electronics,Smartwatch,16258.76,1,0.0,16258.76,0.0,16258.76,UPI,False,5.0
ORD105748,2025-10-12,CUST0396,Lakshmi Rao,North,Lucknow,Fashion,Sunglasses,5800.53,1,0.0,5800.53,0.0,5800.53,UPI,False,4.0
ORD100035,2025-10-12,CUST0414,Deepak Joshi,East,Patna,Home & Kitchen,Mixer Grinder,8975.92,1,20.0,8975.92,1795.18,7180.74,Credit Card,False,4.0
ORD104468,2025-10-12,CUST0333,Suresh Kapoor,West,Mumbai,Sports & Fitness,Yoga Mat,2050.71,1,20.0,2050.71,410.14,1640.57,UPI,False,3.0
ORD103606,2025-10-12,CUST0247,Anil Desai,North,Chandigarh,Sports & Fitness,Cycling Helmet,7862.43,1,0.0,7862.43,0.0,7862.43,Credit Card,False,3.0
ORD100887,2025-10-12,CUST0302,Ramesh Chopra,West,Mumbai,Fashion,Backpack,2224.68,1,20.0,2224.68,444.94,1779.74,Debit Card,False,5.0
ORD103168,2025-10-12,CUST0045,Nisha Patel,West,Surat,Fashion,Sunglasses,5428.02,1,10.0,5428.02,542.8,4885.22,Debit Card,False,4.0
ORD104996,2025-10-12,CUST0850,Anil Desai,West,Mumbai,Sports & Fitness,Dumbbell Set,2705.43,1,10.0,2705.43,270.54,2434.89,Debit Card,False,4.0
ORD105313,2025-10-12,CUST0415,Arjun Rao,North,Chandigarh,Electronics,Smartwatch,50605.55,1,0.0,50605.55,0.0,50605.55,Debit Card,False,4.0
ORD105800,2025-10-13,CUST0018,Nisha Mukherjee,West,Surat,Sports & Fitness,Fitness Band,6174.41,1,10.0,6174.41,617.44,5556.97,Credit Card,False,3.0
ORD100840,2025-10-13,CUST0391,Saanvi Kapoor,East,Kolkata,Fashion,Running Shoes,1511.89,1,5.0,1511.89,75.59,1436.3,Net Banking,False,4.0
ORD101182,2025-10-13,CUST0192,Diya Bose,West,Mumbai,Home & Kitchen,Vacuum Cleaner,8666.51,1,0.0,8666.51,0.0,8666.51,Net Banking,False,2.0
ORD105197,2025-10-13,CUST0589,Aarav Joshi,South,Chennai,Sports & Fitness,Dumbbell Set,3829.42,3,15.0,11488.26,1723.24,9765.02,Net Banking,False,5.0
ORD105681,2025-10-13,CUST0221,Divya Das,North,Lucknow,Sports & Fitness,Fitness Band,6726.91,3,0.0,20180.73,0.0,20180.73,Credit Card,False,2.0
ORD105586,2025-10-13,CUST0422,Ananya Nair,North,Lucknow,Electronics,Bluetooth Speaker,39937.85,2,15.0,79875.7,11981.36,67894.34,Credit Card,False,5.0
ORD100229,2025-10-13,CUST0800,Nisha Malhotra,North,Jaipur,Electronics,Bluetooth Speaker,54265.63,1,0.0,54265.63,0.0,54265.63,Debit Card,False,2.0
ORD104326,2025-10-13,CUST0396,Lakshmi Rao,North,Lucknow,Fashion,Denim Jacket,2087.18,1,15.0,2087.18,313.08,1774.1,UPI,True,5.0
ORD101902,2025-10-13,CUST0775,Ishaan Rao,West,Ahmedabad,Home & Kitchen,Vacuum Cleaner,1554.54,2,20.0,3109.08,621.82,2487.26,UPI,False,4.0
ORD105755,2025-10-13,CUST0452,Kavya Joshi,North,Chandigarh,Electronics,Laptop,28043.33,2,5.0,56086.66,2804.33,53282.33,UPI,False,5.0
ORD101501,2025-10-13,CUST0085,Riya Das,North,Jaipur,Sports & Fitness,Resistance Bands,5195.19,2,20.0,10390.38,2078.08,8312.3,UPI,False,3.0
ORD104379,2025-10-13,CUST0018,Nisha Mukherjee,West,Surat,Electronics,Laptop,8356.99,2,0.0,16713.98,0.0,16713.98,Net Banking,False,4.0
ORD100506,2025-10-13,CUST0138,Naveen Kapoor,East,Guwahati,Beauty & Personal Care,Face Serum,3142.87,2,0.0,6285.74,0.0,6285.74,Credit Card,False,4.0
ORD103814,2025-10-13,CUST0626,Kavya Kapoor,East,Patna,Fashion,Denim Jacket,4381.29,1,0.0,4381.29,0.0,4381.29,Credit Card,False,3.0
ORD100642,2025-10-14,CUST0824,Pooja Patel,North,Lucknow,Fashion,Backpack,1618.93,1,5.0,1618.93,80.95,1537.98,Debit Card,False,4.0
ORD104128,2025-10-14,CUST0640,Saanvi Sharma,North,Chandigarh,Electronics,Laptop,27676.78,1,0.0,27676.78,0.0,27676.78,UPI,False,3.0
ORD103316,2025-10-14,CUST0780,Rahul Mukherjee,North,Delhi,Home & Kitchen,Mixer Grinder,14634.1,1,0.0,14634.1,0.0,14634.1,Credit Card,False,4.0
ORD103531,2025-10-14,CUST0596,Vikram Reddy,East,Patna,Electronics,Laptop,42416.82,3,0.0,127250.46,0.0,127250.46,Credit Card,False,5.0
ORD104345,2025-10-14,CUST0825,Aditya Kumar,West,Ahmedabad,Home & Kitchen,Mixer Grinder,3574.38,1,0.0,3574.38,0.0,3574.38,UPI,False,3.0
ORD105551,2025-10-14,CUST0844,Kiran Bose,West,Surat,Beauty & Personal Care,Perfume,698.12,1,5.0,698.12,34.91,663.21,UPI,False,5.0
ORD103717,2025-10-14,CUST0728,Pooja Verma,North,Lucknow,Electronics,Smartwatch,45473.01,1,0.0,45473.01,0.0,45473.01,Net Banking,False,3.0
ORD102972,2025-10-14,CUST0455,Shreya Das,South,Kochi,Sports & Fitness,Yoga Mat,6804.67,1,0.0,6804.67,0.0,6804.67,UPI,False,5.0
ORD103526,2025-10-14,CUST0629,Suresh Mukherjee,North,Delhi,Home & Kitchen,Air Fryer,6341.05,1,0.0,6341.05,0.0,6341.05,UPI,False,4.0
ORD103264,2025-10-15,CUST0440,Divya Sharma,North,Chandigarh,Sports & Fitness,Dumbbell Set,2688.44,1,0.0,2688.44,0.0,2688.44,Cash on Delivery,False,5.0
ORD104602,2025-10-15,CUST0014,Naveen Bose,North,Chandigarh,Home & Kitchen,Non-Stick Cookware Set,1853.34,1,5.0,1853.34,92.67,1760.67,Debit Card,False,4.0
ORD104103,2025-10-15,CUST0707,Isha Menon,West,Pune,Sports & Fitness,Resistance Bands,4056.87,1,0.0,4056.87,0.0,4056.87,UPI,False,3.0
ORD100997,2025-10-15,CUST0329,Nisha Verma,South,Bengaluru,Sports & Fitness,Cycling Helmet,874.52,1,0.0,874.52,0.0,874.52,UPI,False,2.0
ORD101349,2025-10-15,CUST0781,Sanjay Mukherjee,West,Surat,Fashion,Sunglasses,1359.64,3,5.0,4078.92,203.95,3874.97,UPI,False,4.0
ORD103755,2025-10-15,CUST0428,Vivaan Chopra,South,Hyderabad,Fashion,Sunglasses,1514.2,2,0.0,3028.4,0.0,3028.4,Debit Card,False,3.0
ORD104127,2025-10-15,CUST0408,Naveen Menon,North,Delhi,Beauty & Personal Care,Skincare Kit,1137.78,1,0.0,1137.78,0.0,1137.78,Credit Card,False,4.0
ORD102755,2025-10-15,CUST0289,Aditya Bose,South,Bengaluru,Fashion,Running Shoes,1476.12,1,0.0,1476.12,0.0,1476.12,UPI,False,5.0
ORD100490,2025-10-15,CUST0499,Swati Patel,South,Hyderabad,Fashion,Sunglasses,1658.6,1,0.0,1658.6,0.0,1658.6,UPI,False,4.0
ORD100686,2025-10-15,CUST0300,Zara Chopra,West,Pune,Beauty & Personal Care,Perfume,2779.87,1,15.0,2779.87,416.98,2362.89,Cash on Delivery,False,2.0
ORD104138,2025-10-15,CUST0045,Nisha Patel,West,Surat,Beauty & Personal Care,Face Serum,2045.49,1,10.0,2045.49,204.55,1840.94,Credit Card,False,5.0
ORD100482,2025-10-15,CUST0410,Sai Das,North,Chandigarh,Beauty & Personal Care,Hair Dryer,2484.38,1,0.0,2484.38,0.0,2484.38,Credit Card,False,5.0
ORD100049,2025-10-15,CUST0519,Rahul Das,North,Lucknow,Fashion,Denim Jacket,2669.1,1,0.0,2669.1,0.0,2669.1,Cash on Delivery,True,5.0
ORD103111,2025-10-15,CUST0501,Suresh Sharma,North,Delhi,Electronics,Wireless Earbuds,32435.51,2,15.0,64871.02,9730.65,55140.37,Net Banking,False,4.0
ORD104700,2025-10-15,CUST0591,Deepak Menon,West,Mumbai,Fashion,Denim Jacket,1035.66,1,5.0,1035.66,51.78,983.88,Net Banking,False,5.0
ORD100136,2025-10-15,CUST0802,Swati Menon,South,Hyderabad,Home & Kitchen,Air Fryer,9181.6,1,25.0,9181.6,2295.4,6886.2,UPI,False,2.0
ORD102812,2025-10-15,CUST0820,Krishna Joshi,East,Bhubaneswar,Electronics,Wireless Earbuds,10015.07,1,15.0,10015.07,1502.26,8512.81,Credit Card,False,4.0
ORD101921,2025-10-15,CUST0396,Lakshmi Rao,North,Lucknow,Fashion,Backpack,3467.4,1,0.0,3467.4,0.0,3467.4,Credit Card,False,3.0
ORD104882,2025-10-15,CUST0766,Ramesh Singh,West,Mumbai,Electronics,Wireless Earbuds,26747.27,1,10.0,26747.27,2674.73,24072.54,Credit Card,True,5.0
ORD100026,2025-10-15,CUST0422,Ananya Nair,North,Lucknow,Electronics,Smartwatch,8370.69,2,15.0,16741.38,2511.21,14230.17,UPI,False,3.0
ORD100826,2025-10-15,CUST0268,Vihaan Nair,East,Kolkata,Electronics,Laptop,24014.01,1,0.0,24014.01,0.0,24014.01,Credit Card,False,4.0
ORD102505,2025-10-16,CUST0417,Tara Desai,East,Kolkata,Electronics,Bluetooth Speaker,49341.09,2,20.0,98682.18,19736.44,78945.74,Debit Card,False,5.0
ORD102473,2025-10-16,CUST0555,Vivaan Sharma,North,Delhi,Beauty & Personal Care,Perfume,478.25,2,15.0,956.5,143.48,813.02,Debit Card,False,4.0
ORD100182,2025-10-16,CUST0770,Vikram Iyer,South,Hyderabad,Home & Kitchen,Mixer Grinder,6965.48,2,0.0,13930.96,0.0,13930.96,Net Banking,False,4.0
ORD100830,2025-10-16,CUST0443,Lakshmi Malhotra,East,Bhubaneswar,Fashion,Backpack,5722.47,1,0.0,5722.47,0.0,5722.47,Credit Card,False,5.0
ORD102044,2025-10-16,CUST0751,Kavya Desai,North,Delhi,Fashion,Running Shoes,871.7,1,0.0,871.7,0.0,871.7,Credit Card,False,4.0
ORD105614,2025-10-16,CUST0662,Lakshmi Menon,East,Bhubaneswar,Sports & Fitness,Fitness Band,3709.6,1,0.0,3709.6,0.0,3709.6,Credit Card,False,3.0
ORD100954,2025-10-16,CUST0124,Saanvi Verma,North,Jaipur,Home & Kitchen,Air Fryer,1621.63,1,0.0,1621.63,0.0,1621.63,Cash on Delivery,False,5.0
ORD102172,2025-10-16,CUST0480,Vivaan Joshi,East,Guwahati,Sports & Fitness,Cycling Helmet,997.99,1,5.0,997.99,49.9,948.09,Credit Card,False,2.0
ORD103556,2025-10-16,CUST0220,Vivaan Joshi,North,Chandigarh,Home & Kitchen,Vacuum Cleaner,2685.3,1,0.0,2685.3,0.0,2685.3,Cash on Delivery,False,4.0
ORD102916,2025-10-16,CUST0435,Divya Das,East,Patna,Electronics,Wireless Earbuds,4736.87,3,0.0,14210.61,0.0,14210.61,Debit Card,False,4.0
ORD103797,2025-10-16,CUST0238,Tara Das,North,Jaipur,Beauty & Personal Care,Hair Dryer,387.62,1,5.0,387.62,19.38,368.24,Credit Card,False,4.0
ORD100449,2025-10-16,CUST0389,Anil Nair,South,Hyderabad,Fashion,Sunglasses,3089.33,1,15.0,3089.33,463.4,2625.93,Credit Card,False,4.0
ORD104464,2025-10-16,CUST0351,Vivaan Chopra,North,Delhi,Electronics,Smartphone,9435.11,2,0.0,18870.22,0.0,18870.22,Net Banking,True,3.0
ORD100533,2025-10-16,CUST0357,Vihaan Iyer,South,Hyderabad,Fashion,Wrist Watch,3964.24,1,0.0,3964.24,0.0,3964.24,Net Banking,False,4.0
ORD104226,2025-10-16,CUST0021,Zara Kapoor,East,Bhubaneswar,Home & Kitchen,Non-Stick Cookware Set,5274.95,1,0.0,5274.95,0.0,5274.95,Credit Card,False,4.0
ORD100211,2025-10-17,CUST0718,Nisha Verma,East,Kolkata,Electronics,Smartphone,48917.49,2,0.0,97834.98,0.0,97834.98,Debit Card,False,5.0
ORD102541,2025-10-17,CUST0411,Sanjay Rao,South,Hyderabad,Home & Kitchen,Mixer Grinder,3785.02,1,5.0,3785.02,189.25,3595.77,Credit Card,False,5.0
ORD101542,2025-10-17,CUST0847,Vivaan Reddy,South,Hyderabad,Home & Kitchen,Non-Stick Cookware Set,2549.53,1,15.0,2549.53,382.43,2167.1,Debit Card,False,4.0
ORD105753,2025-10-17,CUST0781,Sanjay Mukherjee,West,Surat,Home & Kitchen,Vacuum Cleaner,12750.58,1,5.0,12750.58,637.53,12113.05,UPI,False,4.0
ORD102439,2025-10-17,CUST0676,Divya Mukherjee,East,Patna,Beauty & Personal Care,Trimmer,2755.06,1,20.0,2755.06,551.01,2204.05,Net Banking,False,4.0
ORD100848,2025-10-17,CUST0202,Arjun Nair,North,Lucknow,Fashion,Running Shoes,4487.29,1,0.0,4487.29,0.0,4487.29,Net Banking,False,4.0
ORD100651,2025-10-17,CUST0777,Vikram Singh,West,Surat,Fashion,Wrist Watch,2331.38,1,5.0,2331.38,116.57,2214.81,UPI,False,3.0
ORD104912,2025-10-17,CUST0159,Ishaan Menon,East,Guwahati,Home & Kitchen,Non-Stick Cookware Set,14153.46,1,5.0,14153.46,707.67,13445.79,Debit Card,False,4.0
ORD102489,2025-10-17,CUST0012,Anil Das,North,Delhi,Sports & Fitness,Yoga Mat,5756.21,1,20.0,5756.21,1151.24,4604.97,Debit Card,False,5.0
ORD102999,2025-10-17,CUST0413,Ananya Singh,East,Bhubaneswar,Sports & Fitness,Cycling Helmet,7561.26,1,5.0,7561.26,378.06,7183.2,Credit Card,False,3.0
ORD104292,2025-10-18,CUST0620,Anil Pillai,West,Surat,Electronics,Wireless Earbuds,28517.12,1,15.0,28517.12,4277.57,24239.55,Debit Card,False,4.0
ORD102872,2025-10-18,CUST0443,Lakshmi Malhotra,East,Bhubaneswar,Sports & Fitness,Dumbbell Set,832.08,1,0.0,832.08,0.0,832.08,UPI,False,5.0
ORD102009,2025-10-18,CUST0754,Riya Pillai,North,Jaipur,Home & Kitchen,Mixer Grinder,10938.91,1,5.0,10938.91,546.95,10391.96,Credit Card,False,3.0
ORD100607,2025-10-18,CUST0428,Vivaan Chopra,South,Hyderabad,Home & Kitchen,Vacuum Cleaner,8858.63,2,10.0,17717.26,1771.73,15945.53,Debit Card,False,2.0
ORD103861,2025-10-18,CUST0067,Ramesh Nair,South,Chennai,Electronics,Smartphone,25962.72,1,10.0,25962.72,2596.27,23366.45,Credit Card,False,4.0
ORD103609,2025-10-18,CUST0079,Lakshmi Sharma,South,Chennai,Electronics,Smartphone,53533.94,1,0.0,53533.94,0.0,53533.94,UPI,False,4.0
ORD102043,2025-10-18,CUST0802,Swati Menon,South,Hyderabad,Electronics,Smartphone,40425.72,1,0.0,40425.72,0.0,40425.72,UPI,False,4.0
ORD102343,2025-10-18,CUST0159,Ishaan Menon,East,Guwahati,Electronics,Smartphone,5382.12,1,20.0,5382.12,1076.42,4305.7,UPI,False,3.0
ORD102437,2025-10-18,CUST0725,Sai Joshi,North,Lucknow,Sports & Fitness,Resistance Bands,6691.22,2,5.0,13382.44,669.12,12713.32,Debit Card,False,3.0
ORD100981,2025-10-18,CUST0720,Manish Das,East,Patna,Beauty & Personal Care,Face Serum,1467.62,1,0.0,1467.62,0.0,1467.62,UPI,False,4.0
ORD100611,2025-10-18,CUST0268,Vihaan Nair,East,Kolkata,Electronics,Laptop,24148.54,1,0.0,24148.54,0.0,24148.54,UPI,False,3.0
ORD100375,2025-10-18,CUST0242,Naveen Malhotra,West,Pune,Electronics,Wireless Earbuds,16836.59,1,0.0,16836.59,0.0,16836.59,UPI,False,5.0
ORD105232,2025-10-18,CUST0813,Karthik Iyer,East,Kolkata,Home & Kitchen,Non-Stick Cookware Set,6754.34,2,0.0,13508.68,0.0,13508.68,UPI,False,5.0
ORD105153,2025-10-19,CUST0813,Karthik Iyer,East,Kolkata,Electronics,Laptop,49010.58,1,0.0,49010.58,0.0,49010.58,Net Banking,False,5.0
ORD105206,2025-10-19,CUST0506,Ishaan Patel,West,Ahmedabad,Home & Kitchen,Mixer Grinder,14498.77,2,10.0,28997.54,2899.75,26097.79,Credit Card,False,5.0
ORD101487,2025-10-19,CUST0314,Divya Sharma,South,Bengaluru,Fashion,Running Shoes,2079.8,1,20.0,2079.8,415.96,1663.84,UPI,False,5.0
ORD103931,2025-10-19,CUST0802,Swati Menon,South,Hyderabad,Sports & Fitness,Resistance Bands,3829.29,1,0.0,3829.29,0.0,3829.29,Credit Card,False,5.0
ORD102983,2025-10-19,CUST0143,Naveen Malhotra,South,Hyderabad,Beauty & Personal Care,Perfume,450.22,1,10.0,450.22,45.02,405.2,UPI,False,2.0
ORD104980,2025-10-19,CUST0003,Krishna Gupta,South,Bengaluru,Home & Kitchen,Water Purifier,11712.32,2,25.0,23424.64,5856.16,17568.48,Cash on Delivery,False,4.0
ORD101354,2025-10-19,CUST0107,Ananya Mukherjee,South,Bengaluru,Beauty & Personal Care,Hair Dryer,2436.57,1,10.0,2436.57,243.66,2192.91,UPI,False,5.0
ORD102509,2025-10-19,CUST0622,Deepak Kapoor,South,Bengaluru,Home & Kitchen,Non-Stick Cookware Set,12475.18,1,0.0,12475.18,0.0,12475.18,UPI,False,4.0
ORD104461,2025-10-19,CUST0270,Nisha Kumar,North,Chandigarh,Home & Kitchen,Vacuum Cleaner,12599.12,3,0.0,37797.36,0.0,37797.36,Cash on Delivery,False,2.0
ORD104501,2025-10-19,CUST0759,Aditya Sharma,East,Patna,Home & Kitchen,Mixer Grinder,10788.83,1,10.0,10788.83,1078.88,9709.95,Cash on Delivery,False,5.0
ORD102225,2025-10-19,CUST0208,Vikram Bose,East,Kolkata,Home & Kitchen,Mixer Grinder,6205.64,1,0.0,6205.64,0.0,6205.64,Credit Card,False,5.0
ORD102657,2025-10-19,CUST0210,Naveen Desai,North,Jaipur,Fashion,Running Shoes,1326.02,3,0.0,3978.06,0.0,3978.06,UPI,False,4.0
ORD102644,2025-10-19,CUST0517,Ramesh Menon,West,Pune,Fashion,Running Shoes,1167.46,1,0.0,1167.46,0.0,1167.46,Credit Card,False,5.0
ORD105712,2025-10-19,CUST0285,Divya Joshi,North,Jaipur,Fashion,Sunglasses,5090.62,1,5.0,5090.62,254.53,4836.09,Debit Card,False,2.0
ORD105652,2025-10-20,CUST0397,Deepak Verma,East,Patna,Beauty & Personal Care,Face Serum,347.41,1,20.0,347.41,69.48,277.93,Debit Card,False,5.0
ORD105911,2025-10-20,CUST0370,Sanjay Menon,West,Surat,Fashion,Denim Jacket,4185.29,2,25.0,8370.58,2092.64,6277.94,UPI,False,2.0
ORD105482,2025-10-20,CUST0304,Saanvi Joshi,South,Kochi,Home & Kitchen,Water Purifier,3163.35,1,15.0,3163.35,474.5,2688.85,Debit Card,False,5.0
ORD100550,2025-10-20,CUST0343,Vikram Kapoor,East,Patna,Electronics,Wireless Earbuds,23576.31,1,20.0,23576.31,4715.26,18861.05,Net Banking,False,4.0
ORD103720,2025-10-20,CUST0239,Kiran Pillai,East,Patna,Electronics,Bluetooth Speaker,34716.51,1,0.0,34716.51,0.0,34716.51,UPI,False,5.0
ORD104849,2025-10-20,CUST0323,Ishaan Malhotra,East,Patna,Electronics,Laptop,19257.69,1,0.0,19257.69,0.0,19257.69,Credit Card,False,5.0
ORD100379,2025-10-20,CUST0581,Anil Rao,South,Chennai,Beauty & Personal Care,Trimmer,2899.34,3,15.0,8698.02,1304.7,7393.32,UPI,False,5.0
ORD105074,2025-10-20,CUST0351,Vivaan Chopra,North,Delhi,Sports & Fitness,Cycling Helmet,2222.0,2,20.0,4444.0,888.8,3555.2,UPI,False,5.0
ORD104007,2025-10-20,CUST0061,Isha Joshi,East,Guwahati,Home & Kitchen,Water Purifier,10789.45,2,20.0,21578.9,4315.78,17263.12,Debit Card,False,4.0
ORD100074,2025-10-20,CUST0413,Ananya Singh,East,Bhubaneswar,Home & Kitchen,Air Fryer,5599.53,1,5.0,5599.53,279.98,5319.55,Net Banking,False,4.0
ORD101465,2025-10-20,CUST0003,Krishna Gupta,South,Bengaluru,Beauty & Personal Care,Hair Dryer,1258.8,1,0.0,1258.8,0.0,1258.8,UPI,False,4.0
ORD103639,2025-10-20,CUST0426,Rohan Reddy,West,Ahmedabad,Fashion,Denim Jacket,2378.77,1,0.0,2378.77,0.0,2378.77,Credit Card,False,5.0
ORD103932,2025-10-21,CUST0263,Manisha Joshi,South,Chennai,Electronics,Wireless Earbuds,35009.28,1,0.0,35009.28,0.0,35009.28,UPI,False,5.0
ORD105039,2025-10-21,CUST0745,Sneha Nair,North,Jaipur,Electronics,Smartphone,20920.31,1,0.0,20920.31,0.0,20920.31,Net Banking,False,3.0
ORD101711,2025-10-21,CUST0306,Anil Verma,South,Kochi,Fashion,Running Shoes,1032.87,1,0.0,1032.87,0.0,1032.87,Debit Card,False,4.0
ORD102991,2025-10-21,CUST0434,Vikram Rao,West,Mumbai,Beauty & Personal Care,Hair Dryer,519.28,1,10.0,519.28,51.93,467.35,UPI,False,5.0
ORD102547,2025-10-21,CUST0228,Rohan Reddy,South,Kochi,Electronics,Smartphone,10157.75,1,10.0,10157.75,1015.78,9141.97,UPI,False,4.0
ORD100979,2025-10-21,CUST0076,Aditya Gupta,North,Jaipur,Home & Kitchen,Water Purifier,6112.81,1,0.0,6112.81,0.0,6112.81,Credit Card,False,5.0
ORD100936,2025-10-21,CUST0797,Isha Desai,West,Ahmedabad,Sports & Fitness,Yoga Mat,4836.85,1,10.0,4836.85,483.68,4353.17,Credit Card,False,5.0
ORD101332,2025-10-21,CUST0638,Nisha Kapoor,East,Kolkata,Fashion,Running Shoes,3204.37,1,15.0,3204.37,480.66,2723.71,UPI,False,5.0
ORD102826,2025-10-21,CUST0821,Saanvi Rao,West,Ahmedabad,Home & Kitchen,Mixer Grinder,6217.49,1,0.0,6217.49,0.0,6217.49,Net Banking,False,4.0
ORD100878,2025-10-21,CUST0195,Sanjay Malhotra,South,Chennai,Sports & Fitness,Fitness Band,2486.16,1,0.0,2486.16,0.0,2486.16,Net Banking,False,2.0
ORD102053,2025-10-21,CUST0406,Vikram Rao,North,Lucknow,Home & Kitchen,Mixer Grinder,12323.04,2,0.0,24646.08,0.0,24646.08,UPI,False,4.0
ORD100820,2025-10-22,CUST0707,Isha Menon,West,Pune,Sports & Fitness,Yoga Mat,5008.79,1,15.0,5008.79,751.32,4257.47,UPI,False,4.0
ORD105398,2025-10-22,CUST0192,Diya Bose,West,Mumbai,Home & Kitchen,Water Purifier,11300.12,2,10.0,22600.24,2260.02,20340.22,Credit Card,False,5.0
ORD104926,2025-10-22,CUST0711,Neha Kumar,East,Kolkata,Electronics,Wireless Earbuds,6945.8,1,0.0,6945.8,0.0,6945.8,UPI,False,3.0
ORD101198,2025-10-22,CUST0821,Saanvi Rao,West,Ahmedabad,Beauty & Personal Care,Skincare Kit,1744.5,1,0.0,1744.5,0.0,1744.5,Credit Card,False,5.0
ORD102877,2025-10-22,CUST0219,Diya Malhotra,West,Ahmedabad,Beauty & Personal Care,Skincare Kit,2600.93,1,0.0,2600.93,0.0,2600.93,Net Banking,False,4.0
ORD104005,2025-10-22,CUST0781,Sanjay Mukherjee,West,Surat,Home & Kitchen,Non-Stick Cookware Set,4962.02,1,20.0,4962.02,992.4,3969.62,UPI,False,5.0
ORD105858,2025-10-22,CUST0417,Tara Desai,East,Kolkata,Beauty & Personal Care,Trimmer,3007.67,2,0.0,6015.34,0.0,6015.34,UPI,False,5.0
ORD105630,2025-10-22,CUST0061,Isha Joshi,East,Guwahati,Electronics,Wireless Earbuds,30073.09,1,0.0,30073.09,0.0,30073.09,Debit Card,False,3.0
ORD103543,2025-10-22,CUST0245,Priya Reddy,South,Kochi,Home & Kitchen,Vacuum Cleaner,4725.53,1,0.0,4725.53,0.0,4725.53,UPI,False,1.0
ORD102629,2025-10-22,CUST0553,Tara Nair,East,Bhubaneswar,Home & Kitchen,Air Fryer,7643.65,1,15.0,7643.65,1146.55,6497.1,UPI,False,5.0
ORD103113,2025-10-22,CUST0155,Karthik Verma,South,Chennai,Home & Kitchen,Mixer Grinder,11568.32,2,0.0,23136.64,0.0,23136.64,Debit Card,False,5.0
ORD101043,2025-10-22,CUST0375,Karthik Malhotra,South,Bengaluru,Electronics,Smartwatch,45408.01,1,20.0,45408.01,9081.6,36326.41,UPI,False,4.0
ORD104499,2025-10-22,CUST0461,Aditya Gupta,North,Delhi,Home & Kitchen,Air Fryer,9196.73,1,20.0,9196.73,1839.35,7357.38,Cash on Delivery,False,5.0
ORD104931,2025-10-22,CUST0787,Karthik Joshi,North,Chandigarh,Home & Kitchen,Water Purifier,11862.25,2,0.0,23724.5,0.0,23724.5,UPI,False,2.0
ORD104361,2025-10-22,CUST0306,Anil Verma,South,Kochi,Electronics,Smartphone,4877.03,1,10.0,4877.03,487.7,4389.33,UPI,False,4.0
ORD104450,2025-10-22,CUST0821,Saanvi Rao,West,Ahmedabad,Home & Kitchen,Vacuum Cleaner,5247.16,1,0.0,5247.16,0.0,5247.16,Cash on Delivery,False,4.0
ORD102014,2025-10-22,CUST0289,Aditya Bose,South,Bengaluru,Sports & Fitness,Yoga Mat,3444.52,1,5.0,3444.52,172.23,3272.29,UPI,False,5.0
ORD104746,2025-10-22,CUST0069,Karthik Verma,South,Hyderabad,Electronics,Wireless Earbuds,45831.66,2,5.0,91663.32,4583.17,87080.15,Debit Card,False,4.0
ORD100036,2025-10-22,CUST0288,Neha Sharma,East,Guwahati,Home & Kitchen,Mixer Grinder,5727.77,1,0.0,5727.77,0.0,5727.77,Credit Card,False,5.0
ORD100862,2025-10-23,CUST0563,Sneha Pillai,West,Mumbai,Electronics,Laptop,10423.05,3,0.0,31269.15,0.0,31269.15,Net Banking,False,4.0
ORD105351,2025-10-23,CUST0237,Anil Chopra,South,Bengaluru,Home & Kitchen,Air Fryer,13580.25,1,0.0,13580.25,0.0,13580.25,UPI,False,3.0
ORD103893,2025-10-23,CUST0677,Saanvi Das,West,Surat,Fashion,Running Shoes,4417.81,1,25.0,4417.81,1104.45,3313.36,UPI,False,2.0
ORD105963,2025-10-23,CUST0109,Divya Gupta,West,Pune,Fashion,Running Shoes,818.53,1,5.0,818.53,40.93,777.6,UPI,False,5.0
ORD101946,2025-10-23,CUST0466,Manish Nair,East,Kolkata,Home & Kitchen,Vacuum Cleaner,4495.69,1,0.0,4495.69,0.0,4495.69,Cash on Delivery,False,4.0
ORD100833,2025-10-23,CUST0191,Karthik Iyer,South,Kochi,Home & Kitchen,Water Purifier,3516.6,1,0.0,3516.6,0.0,3516.6,Credit Card,False,5.0
ORD102729,2025-10-23,CUST0666,Anil Gupta,North,Lucknow,Beauty & Personal Care,Face Serum,2107.96,1,0.0,2107.96,0.0,2107.96,UPI,False,5.0
ORD105355,2025-10-23,CUST0094,Manisha Reddy,East,Guwahati,Beauty & Personal Care,Perfume,760.2,1,0.0,760.2,0.0,760.2,Debit Card,False,4.0
ORD105192,2025-10-23,CUST0286,Zara Mukherjee,North,Jaipur,Electronics,Laptop,37577.42,1,0.0,37577.42,0.0,37577.42,UPI,False,4.0
ORD103767,2025-10-23,CUST0182,Riya Joshi,North,Delhi,Fashion,Backpack,4318.1,2,0.0,8636.2,0.0,8636.2,Cash on Delivery,False,2.0
ORD101225,2025-10-23,CUST0223,Ramesh Kumar,North,Chandigarh,Fashion,Backpack,2066.92,1,20.0,2066.92,413.38,1653.54,Cash on Delivery,False,4.0
ORD100863,2025-10-23,CUST0596,Vikram Reddy,East,Patna,Home & Kitchen,Non-Stick Cookware Set,13324.77,1,10.0,13324.77,1332.48,11992.29,Credit Card,False,4.0
ORD103568,2025-10-24,CUST0446,Arjun Joshi,North,Lucknow,Electronics,Smartwatch,21484.96,1,5.0,21484.96,1074.25,20410.71,UPI,False,2.0
ORD102832,2025-10-24,CUST0076,Aditya Gupta,North,Jaipur,Home & Kitchen,Air Fryer,14709.01,1,15.0,14709.01,2206.35,12502.66,Credit Card,False,5.0
ORD104905,2025-10-24,CUST0285,Divya Joshi,North,Jaipur,Fashion,Denim Jacket,662.22,3,0.0,1986.66,0.0,1986.66,Cash on Delivery,False,5.0
ORD102810,2025-10-24,CUST0527,Ramesh Bose,North,Jaipur,Home & Kitchen,Air Fryer,13795.61,1,15.0,13795.61,2069.34,11726.27,UPI,False,1.0
ORD100511,2025-10-24,CUST0277,Aditya Chopra,West,Mumbai,Home & Kitchen,Mixer Grinder,9034.42,1,0.0,9034.42,0.0,9034.42,Cash on Delivery,False,5.0
ORD101692,2025-10-24,CUST0302,Ramesh Chopra,West,Mumbai,Electronics,Smartwatch,47809.17,1,0.0,47809.17,0.0,47809.17,Credit Card,False,5.0
ORD100451,2025-10-24,CUST0479,Vihaan Pillai,North,Delhi,Beauty & Personal Care,Face Serum,1416.98,1,15.0,1416.98,212.55,1204.43,Net Banking,False,5.0
ORD100641,2025-10-24,CUST0271,Deepak Joshi,East,Guwahati,Beauty & Personal Care,Skincare Kit,2821.41,1,0.0,2821.41,0.0,2821.41,Debit Card,False,2.0
ORD105449,2025-10-24,CUST0010,Vivaan Sharma,East,Patna,Beauty & Personal Care,Face Serum,302.91,2,0.0,605.82,0.0,605.82,UPI,True,5.0
ORD104735,2025-10-24,CUST0033,Meera Singh,South,Hyderabad,Fashion,Running Shoes,930.34,1,0.0,930.34,0.0,930.34,Net Banking,False,4.0
ORD105961,2025-10-24,CUST0789,Riya Pillai,North,Lucknow,Home & Kitchen,Vacuum Cleaner,9844.51,1,0.0,9844.51,0.0,9844.51,Net Banking,False,2.0
ORD102124,2025-10-24,CUST0833,Pooja Patel,North,Jaipur,Home & Kitchen,Water Purifier,12785.24,1,10.0,12785.24,1278.52,11506.72,Net Banking,False,5.0
ORD101132,2025-10-24,CUST0787,Karthik Joshi,North,Chandigarh,Electronics,Wireless Earbuds,18857.25,1,10.0,18857.25,1885.72,16971.53,Net Banking,False,4.0
ORD103061,2025-10-24,CUST0795,Shreya Sharma,North,Lucknow,Home & Kitchen,Vacuum Cleaner,2439.5,1,10.0,2439.5,243.95,2195.55,Cash on Delivery,False,5.0
ORD103282,2025-10-24,CUST0390,Rohan Iyer,North,Delhi,Sports & Fitness,Fitness Band,3571.12,1,0.0,3571.12,0.0,3571.12,UPI,False,4.0
ORD100590,2025-10-24,CUST0641,Priya Chopra,West,Ahmedabad,Sports & Fitness,Yoga Mat,6377.61,1,0.0,6377.61,0.0,6377.61,Debit Card,True,4.0
ORD101667,2025-10-25,CUST0074,Manish Desai,South,Chennai,Fashion,Backpack,5812.72,1,10.0,5812.72,581.27,5231.45,Cash on Delivery,False,4.0
ORD104670,2025-10-25,CUST0733,Vihaan Das,East,Patna,Fashion,Sunglasses,3536.62,1,0.0,3536.62,0.0,3536.62,Debit Card,False,2.0
ORD103352,2025-10-25,CUST0203,Sneha Desai,East,Kolkata,Beauty & Personal Care,Face Serum,2679.71,1,15.0,2679.71,401.96,2277.75,UPI,False,2.0
ORD103995,2025-10-25,CUST0231,Kiran Mukherjee,East,Bhubaneswar,Beauty & Personal Care,Face Serum,1371.91,1,10.0,1371.91,137.19,1234.72,Credit Card,False,4.0
ORD105432,2025-10-25,CUST0680,Manisha Chopra,East,Guwahati,Fashion,Running Shoes,3331.13,1,0.0,3331.13,0.0,3331.13,Credit Card,True,3.0
ORD103986,2025-10-25,CUST0510,Anil Menon,East,Guwahati,Electronics,Wireless Earbuds,22769.29,1,5.0,22769.29,1138.46,21630.83,UPI,False,4.0
ORD105235,2025-10-25,CUST0677,Saanvi Das,West,Surat,Home & Kitchen,Air Fryer,8838.09,1,0.0,8838.09,0.0,8838.09,Cash on Delivery,False,4.0
ORD104353,2025-10-25,CUST0567,Rohan Malhotra,East,Guwahati,Fashion,Wrist Watch,4267.53,2,0.0,8535.06,0.0,8535.06,Debit Card,False,4.0
ORD102074,2025-10-25,CUST0137,Rahul Sharma,East,Guwahati,Electronics,Smartphone,39820.0,1,0.0,39820.0,0.0,39820.0,Net Banking,False,3.0
ORD102487,2025-10-25,CUST0789,Riya Pillai,North,Lucknow,Sports & Fitness,Dumbbell Set,4412.23,1,25.0,4412.23,1103.06,3309.17,Debit Card,False,5.0
ORD101558,2025-10-25,CUST0300,Zara Chopra,West,Pune,Sports & Fitness,Yoga Mat,7552.23,1,0.0,7552.23,0.0,7552.23,UPI,False,2.0
ORD105471,2025-10-25,CUST0733,Vihaan Das,East,Patna,Sports & Fitness,Fitness Band,5201.02,1,10.0,5201.02,520.1,4680.92,Credit Card,False,4.0
ORD103170,2025-10-25,CUST0075,Isha Patel,North,Jaipur,Beauty & Personal Care,Hair Dryer,3104.59,1,0.0,3104.59,0.0,3104.59,UPI,False,4.0
ORD105075,2025-10-25,CUST0526,Tara Das,South,Bengaluru,Electronics,Smartwatch,50525.75,1,0.0,50525.75,0.0,50525.75,UPI,False,4.0
ORD104504,2025-10-26,CUST0779,Riya Singh,North,Chandigarh,Electronics,Smartphone,37113.29,1,0.0,37113.29,0.0,37113.29,Credit Card,False,5.0
ORD102054,2025-10-26,CUST0562,Sanjay Patel,South,Chennai,Electronics,Smartwatch,2358.2,2,0.0,4716.4,0.0,4716.4,Net Banking,False,5.0
ORD103963,2025-10-26,CUST0075,Isha Patel,North,Jaipur,Beauty & Personal Care,Trimmer,1957.84,1,10.0,1957.84,195.78,1762.06,UPI,False,5.0
ORD102229,2025-10-26,CUST0438,Ishaan Verma,West,Ahmedabad,Beauty & Personal Care,Trimmer,2105.02,1,0.0,2105.02,0.0,2105.02,Credit Card,False,2.0
ORD102241,2025-10-26,CUST0322,Riya Malhotra,East,Guwahati,Electronics,Smartphone,53824.19,1,10.0,53824.19,5382.42,48441.77,Net Banking,False,4.0
ORD102550,2025-10-26,CUST0492,Swati Menon,North,Jaipur,Sports & Fitness,Yoga Mat,6457.91,1,0.0,6457.91,0.0,6457.91,Credit Card,False,3.0
ORD101494,2025-10-26,CUST0244,Tara Kapoor,South,Chennai,Sports & Fitness,Resistance Bands,3459.91,1,0.0,3459.91,0.0,3459.91,UPI,False,5.0
ORD105024,2025-10-26,CUST0607,Anil Gupta,West,Mumbai,Fashion,Backpack,1005.71,1,0.0,1005.71,0.0,1005.71,Credit Card,False,2.0
ORD105028,2025-10-27,CUST0291,Diya Kumar,North,Lucknow,Beauty & Personal Care,Trimmer,3133.2,1,0.0,3133.2,0.0,3133.2,UPI,False,1.0
ORD101400,2025-10-27,CUST0576,Ananya Rao,West,Ahmedabad,Beauty & Personal Care,Face Serum,775.94,1,20.0,775.94,155.19,620.75,Debit Card,True,5.0
ORD105253,2025-10-27,CUST0221,Divya Das,North,Lucknow,Beauty & Personal Care,Trimmer,899.69,1,0.0,899.69,0.0,899.69,UPI,False,4.0
ORD100888,2025-10-27,CUST0844,Kiran Bose,West,Surat,Sports & Fitness,Fitness Band,4947.73,2,15.0,9895.46,1484.32,8411.14,Cash on Delivery,False,4.0
ORD104836,2025-10-27,CUST0027,Vivaan Rao,South,Kochi,Sports & Fitness,Fitness Band,7378.24,1,5.0,7378.24,368.91,7009.33,Credit Card,False,4.0
ORD104124,2025-10-27,CUST0443,Lakshmi Malhotra,East,Bhubaneswar,Beauty & Personal Care,Face Serum,1471.52,1,0.0,1471.52,0.0,1471.52,Debit Card,False,5.0
ORD103997,2025-10-27,CUST0765,Anil Das,West,Pune,Electronics,Smartwatch,36012.86,1,10.0,36012.86,3601.29,32411.57,UPI,False,3.0
ORD100669,2025-10-27,CUST0010,Vivaan Sharma,East,Patna,Sports & Fitness,Cycling Helmet,6074.93,1,0.0,6074.93,0.0,6074.93,UPI,False,4.0
ORD104967,2025-10-27,CUST0362,Karthik Rao,West,Surat,Beauty & Personal Care,Skincare Kit,565.89,1,5.0,565.89,28.29,537.6,Debit Card,False,4.0
ORD100381,2025-10-27,CUST0150,Anil Kumar,North,Delhi,Home & Kitchen,Vacuum Cleaner,14379.88,1,5.0,14379.88,718.99,13660.89,Credit Card,False,2.0
ORD103055,2025-10-27,CUST0677,Saanvi Das,West,Surat,Beauty & Personal Care,Hair Dryer,836.4,2,0.0,1672.8,0.0,1672.8,Credit Card,False,5.0
ORD105212,2025-10-27,CUST0489,Diya Chopra,West,Ahmedabad,Sports & Fitness,Fitness Band,4907.58,1,10.0,4907.58,490.76,4416.82,Debit Card,False,3.0
ORD104506,2025-10-27,CUST0005,Ananya Nair,East,Bhubaneswar,Home & Kitchen,Mixer Grinder,2528.6,3,0.0,7585.8,0.0,7585.8,UPI,False,5.0
ORD105423,2025-10-27,CUST0388,Isha Desai,West,Ahmedabad,Electronics,Smartwatch,26975.64,1,20.0,26975.64,5395.13,21580.51,UPI,False,5.0
ORD100777,2025-10-27,CUST0413,Ananya Singh,East,Bhubaneswar,Home & Kitchen,Mixer Grinder,5425.71,1,5.0,5425.71,271.29,5154.42,UPI,False,5.0
ORD100628,2025-10-27,CUST0492,Swati Menon,North,Jaipur,Fashion,Sunglasses,1934.35,1,20.0,1934.35,386.87,1547.48,Debit Card,False,4.0
ORD105132,2025-10-27,CUST0283,Rahul Menon,East,Kolkata,Home & Kitchen,Water Purifier,983.19,2,25.0,1966.38,491.6,1474.78,Debit Card,False,5.0
ORD104168,2025-10-28,CUST0273,Isha Mukherjee,East,Kolkata,Beauty & Personal Care,Trimmer,3077.55,1,0.0,3077.55,0.0,3077.55,Cash on Delivery,False,4.0
ORD105154,2025-10-28,CUST0647,Ramesh Das,North,Jaipur,Beauty & Personal Care,Hair Dryer,2236.43,1,0.0,2236.43,0.0,2236.43,Cash on Delivery,False,4.0
ORD101000,2025-10-28,CUST0003,Krishna Gupta,South,Bengaluru,Home & Kitchen,Vacuum Cleaner,7475.0,1,15.0,7475.0,1121.25,6353.75,Debit Card,False,1.0
ORD105927,2025-10-28,CUST0164,Zara Sharma,West,Surat,Electronics,Laptop,40204.81,1,0.0,40204.81,0.0,40204.81,UPI,False,5.0
ORD100285,2025-10-28,CUST0123,Anil Mukherjee,South,Hyderabad,Beauty & Personal Care,Trimmer,2518.41,1,15.0,2518.41,377.76,2140.65,Debit Card,True,5.0
ORD100913,2025-10-28,CUST0228,Rohan Reddy,South,Kochi,Home & Kitchen,Air Fryer,13030.05,3,5.0,39090.15,1954.51,37135.64,UPI,False,5.0
ORD103405,2025-10-28,CUST0478,Arjun Kapoor,South,Chennai,Beauty & Personal Care,Hair Dryer,1482.03,1,0.0,1482.03,0.0,1482.03,Cash on Delivery,False,5.0
ORD105401,2025-10-28,CUST0007,Karthik Verma,North,Jaipur,Electronics,Bluetooth Speaker,49306.17,1,25.0,49306.17,12326.54,36979.63,Credit Card,False,5.0
ORD105358,2025-10-28,CUST0010,Vivaan Sharma,East,Patna,Home & Kitchen,Vacuum Cleaner,1754.0,1,0.0,1754.0,0.0,1754.0,Cash on Delivery,False,4.0
ORD102121,2025-10-28,CUST0202,Arjun Nair,North,Lucknow,Beauty & Personal Care,Skincare Kit,1438.36,1,0.0,1438.36,0.0,1438.36,Credit Card,False,5.0
ORD103437,2025-10-28,CUST0439,Diya Iyer,West,Surat,Fashion,Sunglasses,5170.88,1,5.0,5170.88,258.54,4912.34,Debit Card,False,5.0
ORD105389,2025-10-28,CUST0364,Diya Malhotra,North,Delhi,Electronics,Laptop,32116.77,1,0.0,32116.77,0.0,32116.77,Cash on Delivery,False,5.0
ORD101145,2025-10-28,CUST0012,Anil Das,North,Delhi,Beauty & Personal Care,Skincare Kit,2530.7,1,10.0,2530.7,253.07,2277.63,Net Banking,False,5.0
ORD105846,2025-10-28,CUST0763,Saanvi Kapoor,East,Patna,Sports & Fitness,Dumbbell Set,3782.55,1,0.0,3782.55,0.0,3782.55,Net Banking,False,2.0
ORD104619,2025-10-28,CUST0847,Vivaan Reddy,South,Hyderabad,Home & Kitchen,Air Fryer,3532.46,1,0.0,3532.46,0.0,3532.46,UPI,False,5.0
ORD104072,2025-10-29,CUST0097,Priya Sharma,South,Chennai,Fashion,Sunglasses,1643.49,1,5.0,1643.49,82.17,1561.32,UPI,False,5.0
ORD105191,2025-10-29,CUST0813,Karthik Iyer,East,Kolkata,Beauty & Personal Care,Skincare Kit,3365.72,1,0.0,3365.72,0.0,3365.72,Debit Card,False,4.0
ORD103332,2025-10-29,CUST0829,Sanjay Desai,North,Delhi,Electronics,Wireless Earbuds,39922.72,1,5.0,39922.72,1996.14,37926.58,Credit Card,False,3.0
ORD104964,2025-10-29,CUST0770,Vikram Iyer,South,Hyderabad,Sports & Fitness,Yoga Mat,531.17,1,0.0,531.17,0.0,531.17,UPI,False,5.0
ORD100690,2025-10-29,CUST0075,Isha Patel,North,Jaipur,Sports & Fitness,Fitness Band,5892.95,1,5.0,5892.95,294.65,5598.3,Cash on Delivery,False,5.0
ORD104592,2025-10-29,CUST0563,Sneha Pillai,West,Mumbai,Fashion,Backpack,5860.78,1,15.0,5860.78,879.12,4981.66,UPI,False,5.0
ORD104451,2025-10-29,CUST0647,Ramesh Das,North,Jaipur,Home & Kitchen,Air Fryer,11522.63,1,20.0,11522.63,2304.53,9218.1,Net Banking,False,5.0
ORD100060,2025-10-29,CUST0525,Sanjay Joshi,North,Chandigarh,Electronics,Bluetooth Speaker,25878.34,1,0.0,25878.34,0.0,25878.34,Credit Card,False,2.0
ORD103174,2025-10-29,CUST0450,Swati Singh,East,Kolkata,Fashion,Denim Jacket,3355.99,1,0.0,3355.99,0.0,3355.99,UPI,False,1.0
ORD102007,2025-10-29,CUST0674,Ishaan Iyer,South,Bengaluru,Home & Kitchen,Non-Stick Cookware Set,12530.45,1,10.0,12530.45,1253.04,11277.41,UPI,False,4.0
ORD101584,2025-10-30,CUST0806,Neha Patel,West,Mumbai,Home & Kitchen,Vacuum Cleaner,3956.47,1,25.0,3956.47,989.12,2967.35,Cash on Delivery,False,4.0
ORD100203,2025-10-30,CUST0194,Naveen Reddy,East,Bhubaneswar,Beauty & Personal Care,Hair Dryer,3407.43,1,10.0,3407.43,340.74,3066.69,Debit Card,False,5.0
ORD105267,2025-10-30,CUST0828,Diya Das,East,Guwahati,Home & Kitchen,Non-Stick Cookware Set,5881.21,3,0.0,17643.63,0.0,17643.63,UPI,False,5.0
ORD102428,2025-10-30,CUST0744,Ananya Verma,North,Delhi,Home & Kitchen,Mixer Grinder,10809.41,1,10.0,10809.41,1080.94,9728.47,UPI,False,3.0
ORD104306,2025-10-30,CUST0173,Lakshmi Sharma,South,Kochi,Home & Kitchen,Non-Stick Cookware Set,14552.84,1,10.0,14552.84,1455.28,13097.56,UPI,False,5.0
ORD101550,2025-10-30,CUST0614,Diya Bose,North,Chandigarh,Sports & Fitness,Fitness Band,1038.13,1,10.0,1038.13,103.81,934.32,Net Banking,False,4.0
ORD104322,2025-10-30,CUST0239,Kiran Pillai,East,Patna,Fashion,Running Shoes,3469.94,1,5.0,3469.94,173.5,3296.44,Credit Card,False,4.0
ORD100625,2025-10-30,CUST0148,Rahul Sharma,East,Patna,Home & Kitchen,Mixer Grinder,12712.38,3,0.0,38137.14,0.0,38137.14,Net Banking,False,3.0
ORD103845,2025-10-30,CUST0068,Isha Gupta,South,Bengaluru,Fashion,Wrist Watch,4997.81,1,0.0,4997.81,0.0,4997.81,UPI,False,5.0
ORD100223,2025-10-30,CUST0160,Nisha Kumar,East,Bhubaneswar,Home & Kitchen,Water Purifier,13796.09,1,10.0,13796.09,1379.61,12416.48,Debit Card,False,5.0
ORD103538,2025-10-30,CUST0298,Kiran Das,North,Lucknow,Home & Kitchen,Mixer Grinder,12186.43,1,10.0,12186.43,1218.64,10967.79,UPI,False,4.0
ORD101952,2025-10-30,CUST0027,Vivaan Rao,South,Kochi,Electronics,Laptop,39190.93,2,5.0,78381.86,3919.09,74462.77,UPI,False,3.0
ORD103375,2025-10-30,CUST0354,Neha Menon,East,Guwahati,Sports & Fitness,Cycling Helmet,6992.3,1,10.0,6992.3,699.23,6293.07,UPI,True,4.0
ORD100427,2025-10-30,CUST0647,Ramesh Das,North,Jaipur,Home & Kitchen,Vacuum Cleaner,9706.82,1,5.0,9706.82,485.34,9221.48,Cash on Delivery,False,4.0
ORD101350,2025-10-30,CUST0781,Sanjay Mukherjee,West,Surat,Home & Kitchen,Water Purifier,5072.82,1,10.0,5072.82,507.28,4565.54,UPI,False,5.0
ORD101721,2025-10-30,CUST0264,Krishna Bose,South,Kochi,Electronics,Smartphone,37272.52,2,15.0,74545.04,11181.76,63363.28,Net Banking,False,5.0
ORD103212,2025-10-31,CUST0394,Krishna Singh,South,Chennai,Sports & Fitness,Cycling Helmet,2430.86,1,0.0,2430.86,0.0,2430.86,UPI,False,4.0
ORD102057,2025-10-31,CUST0643,Sneha Chopra,West,Mumbai,Sports & Fitness,Resistance Bands,1345.31,1,0.0,1345.31,0.0,1345.31,Credit Card,False,1.0
ORD104137,2025-10-31,CUST0073,Shreya Sharma,West,Ahmedabad,Electronics,Bluetooth Speaker,20658.81,2,15.0,41317.62,6197.64,35119.98,Net Banking,False,5.0
ORD100919,2025-10-31,CUST0217,Rohan Menon,North,Jaipur,Beauty & Personal Care,Perfume,1045.64,1,0.0,1045.64,0.0,1045.64,Credit Card,False,5.0
ORD102679,2025-10-31,CUST0059,Meera Kapoor,West,Pune,Sports & Fitness,Dumbbell Set,4890.25,1,0.0,4890.25,0.0,4890.25,Net Banking,False,2.0
ORD102904,2025-10-31,CUST0137,Rahul Sharma,East,Guwahati,Home & Kitchen,Vacuum Cleaner,13881.91,1,10.0,13881.91,1388.19,12493.72,UPI,False,4.0
ORD104701,2025-10-31,CUST0327,Swati Verma,South,Chennai,Electronics,Smartwatch,15359.98,2,15.0,30719.96,4607.99,26111.97,Debit Card,False,4.0
ORD102470,2025-10-31,CUST0271,Deepak Joshi,East,Guwahati,Beauty & Personal Care,Perfume,2068.66,1,0.0,2068.66,0.0,2068.66,Credit Card,False,1.0
ORD104925,2025-10-31,CUST0337,Sneha Rao,North,Jaipur,Electronics,Laptop,24331.88,1,0.0,24331.88,0.0,24331.88,Credit Card,False,4.0
ORD104115,2025-10-31,CUST0087,Naveen Reddy,South,Chennai,Home & Kitchen,Non-Stick Cookware Set,14350.2,1,0.0,14350.2,0.0,14350.2,Net Banking,True,5.0
ORD103576,2025-11-01,CUST0791,Priya Desai,North,Delhi,Sports & Fitness,Resistance Bands,6325.68,2,5.0,12651.36,632.57,12018.79,Credit Card,False,
ORD103584,2025-11-01,CUST0703,Shreya Rao,West,Surat,Beauty & Personal Care,Face Serum,756.79,1,5.0,756.79,37.84,718.95,Credit Card,False,2.0
ORD104216,2025-11-01,CUST0532,Sanjay Rao,West,Mumbai,Sports & Fitness,Cycling Helmet,4726.39,1,0.0,4726.39,0.0,4726.39,Debit Card,False,3.0
ORD103452,2025-11-01,CUST0003,Krishna Gupta,South,Bengaluru,Home & Kitchen,Vacuum Cleaner,4113.54,1,0.0,4113.54,0.0,4113.54,UPI,False,4.0
ORD104041,2025-11-01,CUST0552,Shreya Joshi,South,Hyderabad,Fashion,Sunglasses,2860.35,2,10.0,5720.7,572.07,5148.63,Credit Card,False,2.0
ORD101077,2025-11-01,CUST0263,Manisha Joshi,South,Chennai,Electronics,Bluetooth Speaker,34453.28,1,0.0,34453.28,0.0,34453.28,Credit Card,False,5.0
ORD100825,2025-11-01,CUST0725,Sai Joshi,North,Lucknow,Fashion,Denim Jacket,4083.81,1,0.0,4083.81,0.0,4083.81,UPI,False,5.0
ORD102143,2025-11-01,CUST0707,Isha Menon,West,Pune,Home & Kitchen,Vacuum Cleaner,2718.42,1,10.0,2718.42,271.84,2446.58,Cash on Delivery,True,4.0
ORD104887,2025-11-01,CUST0775,Ishaan Rao,West,Ahmedabad,Home & Kitchen,Vacuum Cleaner,14848.76,1,5.0,14848.76,742.44,14106.32,Credit Card,False,3.0
ORD104438,2025-11-02,CUST0036,Saanvi Kapoor,North,Lucknow,Home & Kitchen,Non-Stick Cookware Set,10741.02,1,5.0,10741.02,537.05,10203.97,Net Banking,False,4.0
ORD104372,2025-11-02,CUST0258,Reyansh Malhotra,West,Mumbai,Fashion,Running Shoes,1694.07,1,0.0,1694.07,0.0,1694.07,Net Banking,False,4.0
ORD100509,2025-11-02,CUST0555,Vivaan Sharma,North,Delhi,Fashion,Running Shoes,5715.35,2,0.0,11430.7,0.0,11430.7,Cash on Delivery,False,5.0
ORD104665,2025-11-02,CUST0003,Krishna Gupta,South,Bengaluru,Home & Kitchen,Air Fryer,13597.62,1,0.0,13597.62,0.0,13597.62,Cash on Delivery,False,5.0
ORD100501,2025-11-02,CUST0729,Naveen Kapoor,South,Bengaluru,Sports & Fitness,Cycling Helmet,1105.71,1,5.0,1105.71,55.29,1050.42,Credit Card,False,4.0
ORD104815,2025-11-02,CUST0258,Reyansh Malhotra,West,Mumbai,Fashion,Sunglasses,4621.1,1,15.0,4621.1,693.16,3927.94,UPI,False,4.0
ORD105701,2025-11-02,CUST0294,Diya Singh,North,Jaipur,Beauty & Personal Care,Skincare Kit,3382.36,1,10.0,3382.36,338.24,3044.12,Cash on Delivery,False,4.0
ORD102863,2025-11-02,CUST0809,Naveen Desai,East,Kolkata,Electronics,Wireless Earbuds,26603.93,3,5.0,79811.79,3990.59,75821.2,Credit Card,False,4.0
ORD101359,2025-11-02,CUST0811,Zara Bose,South,Chennai,Sports & Fitness,Resistance Bands,5571.39,2,5.0,11142.78,557.14,10585.64,Credit Card,False,1.0
ORD101915,2025-11-02,CUST0733,Vihaan Das,East,Patna,Home & Kitchen,Vacuum Cleaner,6236.16,1,0.0,6236.16,0.0,6236.16,UPI,False,5.0
ORD103417,2025-11-02,CUST0781,Sanjay Mukherjee,West,Surat,Fashion,Sunglasses,1315.0,1,5.0,1315.0,65.75,1249.25,Cash on Delivery,False,2.0
ORD103436,2025-11-02,CUST0018,Nisha Mukherjee,West,Surat,Sports & Fitness,Fitness Band,2812.7,1,20.0,2812.7,562.54,2250.16,Debit Card,False,5.0
ORD101781,2025-11-02,CUST0497,Naveen Patel,West,Ahmedabad,Beauty & Personal Care,Face Serum,1631.63,2,0.0,3263.26,0.0,3263.26,UPI,False,5.0
ORD103471,2025-11-02,CUST0438,Ishaan Verma,West,Ahmedabad,Beauty & Personal Care,Trimmer,2553.54,1,0.0,2553.54,0.0,2553.54,Cash on Delivery,False,2.0
ORD102910,2025-11-03,CUST0758,Tara Reddy,North,Chandigarh,Electronics,Smartphone,34083.92,1,5.0,34083.92,1704.2,32379.72,Net Banking,False,5.0
ORD100373,2025-11-03,CUST0263,Manisha Joshi,South,Chennai,Electronics,Smartwatch,41761.85,1,0.0,41761.85,0.0,41761.85,Credit Card,False,5.0
ORD102312,2025-11-03,CUST0733,Vihaan Das,East,Patna,Beauty & Personal Care,Face Serum,1554.21,1,0.0,1554.21,0.0,1554.21,Net Banking,True,5.0
ORD102939,2025-11-03,CUST0144,Sai Iyer,South,Bengaluru,Electronics,Wireless Earbuds,15716.85,1,0.0,15716.85,0.0,15716.85,UPI,False,3.0
ORD103566,2025-11-03,CUST0227,Anil Nair,West,Ahmedabad,Electronics,Wireless Earbuds,24333.73,1,25.0,24333.73,6083.43,18250.3,Net Banking,False,5.0
ORD100474,2025-11-03,CUST0637,Swati Pillai,North,Jaipur,Home & Kitchen,Air Fryer,5267.68,3,0.0,15803.04,0.0,15803.04,UPI,False,5.0
ORD105241,2025-11-03,CUST0306,Anil Verma,South,Kochi,Fashion,Wrist Watch,2451.95,2,5.0,4903.9,245.2,4658.7,UPI,False,4.0
ORD105732,2025-11-03,CUST0085,Riya Das,North,Jaipur,Electronics,Wireless Earbuds,4392.14,1,0.0,4392.14,0.0,4392.14,Cash on Delivery,False,3.0
ORD102574,2025-11-03,CUST0079,Lakshmi Sharma,South,Chennai,Home & Kitchen,Water Purifier,9730.64,1,5.0,9730.64,486.53,9244.11,Net Banking,False,3.0
ORD102322,2025-11-03,CUST0787,Karthik Joshi,North,Chandigarh,Beauty & Personal Care,Perfume,2848.41,1,10.0,2848.41,284.84,2563.57,UPI,False,5.0
ORD100314,2025-11-03,CUST0622,Deepak Kapoor,South,Bengaluru,Beauty & Personal Care,Perfume,587.48,1,0.0,587.48,0.0,587.48,UPI,False,5.0
ORD105953,2025-11-03,CUST0166,Priya Malhotra,North,Delhi,Fashion,Running Shoes,1241.49,2,10.0,2482.98,248.3,2234.68,Debit Card,False,1.0
ORD103909,2025-11-03,CUST0220,Vivaan Joshi,North,Chandigarh,Fashion,Backpack,1420.25,1,0.0,1420.25,0.0,1420.25,Net Banking,False,5.0
ORD102799,2025-11-04,CUST0259,Isha Singh,East,Patna,Sports & Fitness,Dumbbell Set,2266.22,2,5.0,4532.44,226.62,4305.82,Credit Card,False,3.0
ORD100462,2025-11-04,CUST0468,Shreya Reddy,West,Mumbai,Beauty & Personal Care,Perfume,3298.46,2,10.0,6596.92,659.69,5937.23,Credit Card,False,4.0
ORD101502,2025-11-04,CUST0245,Priya Reddy,South,Kochi,Fashion,Wrist Watch,560.34,2,0.0,1120.68,0.0,1120.68,Debit Card,False,5.0
ORD101582,2025-11-04,CUST0088,Pooja Sharma,West,Pune,Sports & Fitness,Dumbbell Set,6314.45,1,5.0,6314.45,315.72,5998.73,Debit Card,False,2.0
ORD102030,2025-11-04,CUST0348,Rohan Das,North,Lucknow,Beauty & Personal Care,Skincare Kit,1192.64,1,15.0,1192.64,178.9,1013.74,UPI,False,5.0
ORD103324,2025-11-04,CUST0228,Rohan Reddy,South,Kochi,Home & Kitchen,Mixer Grinder,4034.5,1,0.0,4034.5,0.0,4034.5,UPI,False,5.0
ORD102942,2025-11-04,CUST0266,Riya Gupta,West,Ahmedabad,Beauty & Personal Care,Face Serum,1836.45,1,0.0,1836.45,0.0,1836.45,Credit Card,False,5.0
ORD105302,2025-11-04,CUST0772,Meera Malhotra,South,Bengaluru,Beauty & Personal Care,Face Serum,2566.21,2,0.0,5132.42,0.0,5132.42,UPI,False,3.0
ORD101606,2025-11-04,CUST0781,Sanjay Mukherjee,West,Surat,Electronics,Laptop,23561.52,1,0.0,23561.52,0.0,23561.52,Net Banking,False,2.0
ORD101447,2025-11-04,CUST0784,Anil Sharma,South,Kochi,Fashion,Sunglasses,660.18,1,0.0,660.18,0.0,660.18,UPI,False,3.0
ORD100022,2025-11-04,CUST0373,Divya Desai,West,Mumbai,Sports & Fitness,Cycling Helmet,5262.53,1,0.0,5262.53,0.0,5262.53,Cash on Delivery,False,3.0
ORD104066,2025-11-04,CUST0809,Naveen Desai,East,Kolkata,Home & Kitchen,Vacuum Cleaner,11998.49,2,0.0,23996.98,0.0,23996.98,Debit Card,False,5.0
ORD104286,2025-11-04,CUST0359,Manish Mukherjee,North,Chandigarh,Home & Kitchen,Water Purifier,6821.02,1,0.0,6821.02,0.0,6821.02,UPI,False,2.0
ORD104108,2025-11-04,CUST0061,Isha Joshi,East,Guwahati,Electronics,Wireless Earbuds,28898.99,1,10.0,28898.99,2889.9,26009.09,Credit Card,False,5.0
ORD103595,2025-11-04,CUST0362,Karthik Rao,West,Surat,Fashion,Backpack,697.19,1,10.0,697.19,69.72,627.47,Debit Card,False,4.0
ORD102794,2025-11-04,CUST0266,Riya Gupta,West,Ahmedabad,Sports & Fitness,Fitness Band,7251.3,2,0.0,14502.6,0.0,14502.6,Credit Card,False,5.0
ORD103180,2025-11-04,CUST0728,Pooja Verma,North,Lucknow,Sports & Fitness,Dumbbell Set,1652.54,2,0.0,3305.08,0.0,3305.08,Cash on Delivery,False,3.0
ORD102706,2025-11-05,CUST0003,Krishna Gupta,South,Bengaluru,Fashion,Wrist Watch,5994.21,1,25.0,5994.21,1498.55,4495.66,Debit Card,False,4.0
ORD101221,2025-11-05,CUST0650,Rohan Gupta,West,Mumbai,Home & Kitchen,Water Purifier,9860.31,1,15.0,9860.31,1479.05,8381.26,Net Banking,False,5.0
ORD102579,2025-11-05,CUST0725,Sai Joshi,North,Lucknow,Beauty & Personal Care,Skincare Kit,2189.36,1,15.0,2189.36,328.4,1860.96,Net Banking,False,5.0
ORD104922,2025-11-05,CUST0153,Vikram Mukherjee,West,Mumbai,Sports & Fitness,Resistance Bands,1166.99,2,20.0,2333.98,466.8,1867.18,UPI,False,5.0
ORD101241,2025-11-05,CUST0236,Zara Bose,South,Kochi,Electronics,Smartphone,15154.72,1,5.0,15154.72,757.74,14396.98,UPI,False,2.0
ORD100409,2025-11-05,CUST0098,Ishaan Rao,North,Chandigarh,Electronics,Smartphone,17598.95,1,5.0,17598.95,879.95,16719.0,UPI,True,4.0
ORD102093,2025-11-05,CUST0298,Kiran Das,North,Lucknow,Home & Kitchen,Vacuum Cleaner,7233.39,1,0.0,7233.39,0.0,7233.39,Credit Card,False,5.0
ORD100362,2025-11-05,CUST0434,Vikram Rao,West,Mumbai,Home & Kitchen,Non-Stick Cookware Set,12112.55,3,0.0,36337.65,0.0,36337.65,Credit Card,False,4.0
ORD103008,2025-11-05,CUST0113,Lakshmi Patel,West,Pune,Fashion,Running Shoes,2361.03,2,5.0,4722.06,236.1,4485.96,UPI,False,4.0
ORD102050,2025-11-05,CUST0262,Arjun Reddy,East,Patna,Beauty & Personal Care,Hair Dryer,2558.01,1,0.0,2558.01,0.0,2558.01,UPI,False,5.0
ORD105370,2025-11-05,CUST0802,Swati Menon,South,Hyderabad,Sports & Fitness,Cycling Helmet,718.59,3,10.0,2155.77,215.58,1940.19,Net Banking,False,2.0
ORD103492,2025-11-05,CUST0744,Ananya Verma,North,Delhi,Beauty & Personal Care,Skincare Kit,442.26,1,0.0,442.26,0.0,442.26,UPI,False,4.0
ORD101885,2025-11-05,CUST0802,Swati Menon,South,Hyderabad,Sports & Fitness,Fitness Band,7696.25,2,0.0,15392.5,0.0,15392.5,Net Banking,False,3.0
ORD102383,2025-11-06,CUST0605,Aarav Menon,West,Surat,Beauty & Personal Care,Face Serum,711.99,1,0.0,711.99,0.0,711.99,Credit Card,False,4.0
ORD104196,2025-11-06,CUST0345,Riya Reddy,East,Bhubaneswar,Fashion,Backpack,5403.36,1,0.0,5403.36,0.0,5403.36,Credit Card,False,1.0
ORD105555,2025-11-06,CUST0271,Deepak Joshi,East,Guwahati,Beauty & Personal Care,Trimmer,1277.74,1,0.0,1277.74,0.0,1277.74,UPI,False,4.0
ORD101749,2025-11-06,CUST0493,Diya Pillai,East,Guwahati,Sports & Fitness,Cycling Helmet,374.65,1,0.0,374.65,0.0,374.65,Debit Card,False,5.0
ORD101492,2025-11-06,CUST0211,Vikram Pillai,East,Kolkata,Sports & Fitness,Dumbbell Set,972.52,1,0.0,972.52,0.0,972.52,UPI,False,5.0
ORD101032,2025-11-06,CUST0407,Vivaan Desai,North,Delhi,Home & Kitchen,Non-Stick Cookware Set,7676.15,1,0.0,7676.15,0.0,7676.15,Debit Card,False,4.0
ORD104824,2025-11-06,CUST0379,Reyansh Iyer,West,Mumbai,Beauty & Personal Care,Perfume,1371.76,1,0.0,1371.76,0.0,1371.76,Credit Card,False,5.0
ORD105804,2025-11-06,CUST0656,Lakshmi Bose,West,Mumbai,Home & Kitchen,Water Purifier,5491.29,1,0.0,5491.29,0.0,5491.29,UPI,False,5.0
ORD104820,2025-11-06,CUST0763,Saanvi Kapoor,East,Patna,Sports & Fitness,Fitness Band,4495.75,1,10.0,4495.75,449.58,4046.17,Debit Card,False,5.0
ORD101246,2025-11-06,CUST0650,Rohan Gupta,West,Mumbai,Beauty & Personal Care,Skincare Kit,1299.29,1,0.0,1299.29,0.0,1299.29,Debit Card,False,4.0
ORD100095,2025-11-06,CUST0114,Divya Joshi,South,Chennai,Beauty & Personal Care,Hair Dryer,3114.06,1,0.0,3114.06,0.0,3114.06,UPI,False,3.0
ORD105688,2025-11-06,CUST0728,Pooja Verma,North,Lucknow,Home & Kitchen,Vacuum Cleaner,13244.65,2,0.0,26489.3,0.0,26489.3,UPI,False,5.0
ORD102316,2025-11-06,CUST0072,Naveen Gupta,North,Chandigarh,Fashion,Sunglasses,695.89,1,0.0,695.89,0.0,695.89,UPI,False,5.0
ORD100018,2025-11-06,CUST0003,Krishna Gupta,South,Bengaluru,Home & Kitchen,Air Fryer,4306.58,1,10.0,4306.58,430.66,3875.92,UPI,False,4.0
ORD101644,2025-11-06,CUST0715,Kiran Verma,South,Bengaluru,Sports & Fitness,Fitness Band,6402.63,1,10.0,6402.63,640.26,5762.37,UPI,False,3.0
ORD100570,2025-11-07,CUST0410,Sai Das,North,Chandigarh,Fashion,Running Shoes,525.96,2,10.0,1051.92,105.19,946.73,Net Banking,False,5.0
ORD105650,2025-11-07,CUST0244,Tara Kapoor,South,Chennai,Home & Kitchen,Vacuum Cleaner,7879.43,1,25.0,7879.43,1969.86,5909.57,Debit Card,False,5.0
ORD101808,2025-11-07,CUST0065,Suresh Gupta,North,Lucknow,Electronics,Smartphone,12253.68,1,5.0,12253.68,612.68,11641.0,Net Banking,False,3.0
ORD101520,2025-11-07,CUST0589,Aarav Joshi,South,Chennai,Fashion,Sunglasses,1674.2,2,15.0,3348.4,502.26,2846.14,Credit Card,False,3.0
ORD102769,2025-11-07,CUST0333,Suresh Kapoor,West,Mumbai,Beauty & Personal Care,Hair Dryer,1976.03,1,0.0,1976.03,0.0,1976.03,UPI,False,5.0
ORD102740,2025-11-07,CUST0271,Deepak Joshi,East,Guwahati,Beauty & Personal Care,Skincare Kit,2084.5,2,0.0,4169.0,0.0,4169.0,Debit Card,False,5.0
ORD103521,2025-11-07,CUST0752,Karthik Menon,North,Lucknow,Home & Kitchen,Mixer Grinder,6851.15,2,0.0,13702.3,0.0,13702.3,Net Banking,False,5.0
ORD105921,2025-11-07,CUST0374,Meera Kapoor,East,Kolkata,Beauty & Personal Care,Skincare Kit,422.68,1,10.0,422.68,42.27,380.41,UPI,False,5.0
ORD103840,2025-11-07,CUST0614,Diya Bose,North,Chandigarh,Home & Kitchen,Water Purifier,1698.8,1,10.0,1698.8,169.88,1528.92,UPI,False,5.0
ORD100400,2025-11-07,CUST0418,Shreya Desai,South,Kochi,Electronics,Smartphone,28098.78,1,0.0,28098.78,0.0,28098.78,Credit Card,False,5.0
ORD102058,2025-11-07,CUST0676,Divya Mukherjee,East,Patna,Beauty & Personal Care,Trimmer,2625.32,1,0.0,2625.32,0.0,2625.32,Credit Card,False,2.0
ORD105194,2025-11-07,CUST0327,Swati Verma,South,Chennai,Home & Kitchen,Air Fryer,3741.03,1,5.0,3741.03,187.05,3553.98,UPI,False,5.0
ORD102364,2025-11-08,CUST0327,Swati Verma,South,Chennai,Electronics,Smartwatch,35465.34,1,0.0,35465.34,0.0,35465.34,Credit Card,False,5.0
ORD100704,2025-11-08,CUST0821,Saanvi Rao,West,Ahmedabad,Sports & Fitness,Yoga Mat,336.96,1,5.0,336.96,16.85,320.11,Credit Card,False,2.0
ORD101086,2025-11-08,CUST0814,Kavya Menon,South,Kochi,Home & Kitchen,Water Purifier,14191.31,1,0.0,14191.31,0.0,14191.31,UPI,False,3.0
ORD103220,2025-11-08,CUST0813,Karthik Iyer,East,Kolkata,Sports & Fitness,Dumbbell Set,485.59,1,0.0,485.59,0.0,485.59,UPI,False,3.0
ORD100883,2025-11-08,CUST0235,Sanjay Das,South,Chennai,Beauty & Personal Care,Trimmer,1930.3,1,10.0,1930.3,193.03,1737.27,Cash on Delivery,False,3.0
ORD100889,2025-11-08,CUST0141,Divya Das,South,Chennai,Beauty & Personal Care,Trimmer,346.18,1,0.0,346.18,0.0,346.18,Debit Card,False,5.0
ORD104569,2025-11-08,CUST0209,Vivaan Das,North,Lucknow,Fashion,Running Shoes,4199.19,1,10.0,4199.19,419.92,3779.27,UPI,False,4.0
ORD100434,2025-11-08,CUST0510,Anil Menon,East,Guwahati,Beauty & Personal Care,Perfume,1832.12,3,25.0,5496.36,1374.09,4122.27,UPI,False,5.0
ORD101244,2025-11-08,CUST0415,Arjun Rao,North,Chandigarh,Electronics,Smartwatch,49733.33,1,25.0,49733.33,12433.33,37300.0,Debit Card,False,4.0
ORD100960,2025-11-08,CUST0790,Pooja Kapoor,West,Mumbai,Beauty & Personal Care,Face Serum,2458.54,1,0.0,2458.54,0.0,2458.54,Credit Card,False,2.0
ORD101649,2025-11-09,CUST0606,Swati Kumar,South,Chennai,Home & Kitchen,Water Purifier,1544.03,1,0.0,1544.03,0.0,1544.03,Credit Card,False,4.0
ORD103166,2025-11-09,CUST0714,Neha Mukherjee,East,Patna,Beauty & Personal Care,Perfume,291.21,1,0.0,291.21,0.0,291.21,Credit Card,False,3.0
ORD104194,2025-11-09,CUST0492,Swati Menon,North,Jaipur,Electronics,Smartphone,24475.22,1,10.0,24475.22,2447.52,22027.7,UPI,False,4.0
ORD103184,2025-11-09,CUST0687,Diya Kumar,South,Chennai,Electronics,Bluetooth Speaker,4286.88,1,10.0,4286.88,428.69,3858.19,Net Banking,False,4.0
ORD100657,2025-11-09,CUST0144,Sai Iyer,South,Bengaluru,Home & Kitchen,Non-Stick Cookware Set,3435.81,1,0.0,3435.81,0.0,3435.81,UPI,False,3.0
ORD104943,2025-11-09,CUST0406,Vikram Rao,North,Lucknow,Beauty & Personal Care,Hair Dryer,1293.01,3,0.0,3879.03,0.0,3879.03,Net Banking,False,2.0
ORD102954,2025-11-09,CUST0588,Vivaan Menon,South,Bengaluru,Home & Kitchen,Non-Stick Cookware Set,10166.99,1,5.0,10166.99,508.35,9658.64,UPI,False,5.0
ORD100736,2025-11-09,CUST0699,Pooja Joshi,North,Chandigarh,Beauty & Personal Care,Trimmer,1536.71,1,5.0,1536.71,76.84,1459.87,Debit Card,False,4.0
ORD100247,2025-11-09,CUST0781,Sanjay Mukherjee,West,Surat,Sports & Fitness,Yoga Mat,7403.81,1,0.0,7403.81,0.0,7403.81,UPI,False,4.0
ORD101575,2025-11-09,CUST0522,Zara Singh,West,Ahmedabad,Sports & Fitness,Cycling Helmet,1394.53,1,0.0,1394.53,0.0,1394.53,Net Banking,False,4.0
ORD101337,2025-11-09,CUST0043,Divya Iyer,West,Ahmedabad,Home & Kitchen,Non-Stick Cookware Set,5137.47,1,0.0,5137.47,0.0,5137.47,UPI,False,2.0
ORD104268,2025-11-09,CUST0680,Manisha Chopra,East,Guwahati,Electronics,Wireless Earbuds,7694.76,1,0.0,7694.76,0.0,7694.76,Net Banking,False,4.0
ORD103306,2025-11-09,CUST0192,Diya Bose,West,Mumbai,Home & Kitchen,Mixer Grinder,11108.87,1,0.0,11108.87,0.0,11108.87,Net Banking,False,4.0
ORD100598,2025-11-09,CUST0242,Naveen Malhotra,West,Pune,Fashion,Denim Jacket,5128.45,2,0.0,10256.9,0.0,10256.9,Debit Card,False,5.0
ORD104051,2025-11-09,CUST0482,Deepak Menon,East,Patna,Electronics,Bluetooth Speaker,15493.79,1,0.0,15493.79,0.0,15493.79,Cash on Delivery,False,4.0
ORD105213,2025-11-10,CUST0335,Vivaan Menon,East,Guwahati,Sports & Fitness,Cycling Helmet,2817.15,2,0.0,5634.3,0.0,5634.3,Credit Card,False,5.0
ORD103527,2025-11-10,CUST0216,Shreya Singh,East,Guwahati,Home & Kitchen,Vacuum Cleaner,3567.02,1,0.0,3567.02,0.0,3567.02,Cash on Delivery,False,4.0
ORD102500,2025-11-10,CUST0646,Nisha Malhotra,West,Mumbai,Home & Kitchen,Air Fryer,9810.9,1,0.0,9810.9,0.0,9810.9,UPI,False,4.0
ORD105170,2025-11-10,CUST0239,Kiran Pillai,East,Patna,Beauty & Personal Care,Skincare Kit,3282.34,1,0.0,3282.34,0.0,3282.34,Credit Card,False,4.0
ORD102851,2025-11-10,CUST0649,Priya Pillai,South,Kochi,Fashion,Running Shoes,4025.71,1,25.0,4025.71,1006.43,3019.28,UPI,False,4.0
ORD104256,2025-11-10,CUST0562,Sanjay Patel,South,Chennai,Home & Kitchen,Air Fryer,7893.51,1,0.0,7893.51,0.0,7893.51,Debit Card,False,2.0
ORD101450,2025-11-10,CUST0282,Rahul Bose,East,Guwahati,Sports & Fitness,Cycling Helmet,3705.48,1,5.0,3705.48,185.27,3520.21,Credit Card,False,2.0
ORD105312,2025-11-11,CUST0591,Deepak Menon,West,Mumbai,Electronics,Bluetooth Speaker,15239.7,3,0.0,45719.1,0.0,45719.1,UPI,False,5.0
ORD104643,2025-11-11,CUST0693,Arjun Bose,West,Surat,Fashion,Sunglasses,1122.46,1,0.0,1122.46,0.0,1122.46,Credit Card,False,3.0
ORD104295,2025-11-11,CUST0021,Zara Kapoor,East,Bhubaneswar,Home & Kitchen,Vacuum Cleaner,10313.84,2,10.0,20627.68,2062.77,18564.91,Credit Card,False,5.0
ORD102199,2025-11-11,CUST0522,Zara Singh,West,Ahmedabad,Home & Kitchen,Air Fryer,1452.57,1,0.0,1452.57,0.0,1452.57,UPI,False,3.0
ORD104208,2025-11-11,CUST0014,Naveen Bose,North,Chandigarh,Sports & Fitness,Resistance Bands,573.82,1,0.0,573.82,0.0,573.82,UPI,False,3.0
ORD102836,2025-11-11,CUST0337,Sneha Rao,North,Jaipur,Electronics,Bluetooth Speaker,40121.08,1,15.0,40121.08,6018.16,34102.92,Credit Card,False,5.0
ORD101677,2025-11-11,CUST0612,Tara Reddy,North,Lucknow,Fashion,Sunglasses,2286.47,1,0.0,2286.47,0.0,2286.47,UPI,False,2.0
ORD104165,2025-11-11,CUST0254,Ananya Mukherjee,West,Mumbai,Sports & Fitness,Fitness Band,6240.44,1,10.0,6240.44,624.04,5616.4,Debit Card,False,5.0
ORD102840,2025-11-11,CUST0631,Nisha Iyer,North,Delhi,Beauty & Personal Care,Skincare Kit,2994.59,1,0.0,2994.59,0.0,2994.59,Cash on Delivery,False,4.0
ORD101470,2025-11-11,CUST0162,Anil Chopra,South,Bengaluru,Sports & Fitness,Cycling Helmet,3908.54,1,10.0,3908.54,390.85,3517.69,Cash on Delivery,False,5.0
ORD103289,2025-11-11,CUST0455,Shreya Das,South,Kochi,Fashion,Wrist Watch,3138.22,2,25.0,6276.44,1569.11,4707.33,Cash on Delivery,False,5.0
ORD104332,2025-11-11,CUST0533,Vihaan Sharma,East,Bhubaneswar,Home & Kitchen,Mixer Grinder,13049.84,3,0.0,39149.52,0.0,39149.52,Credit Card,True,2.0
ORD102110,2025-11-11,CUST0349,Zara Reddy,South,Kochi,Fashion,Wrist Watch,5291.34,1,0.0,5291.34,0.0,5291.34,Debit Card,False,3.0
ORD105686,2025-11-12,CUST0656,Lakshmi Bose,West,Mumbai,Home & Kitchen,Non-Stick Cookware Set,12583.26,1,0.0,12583.26,0.0,12583.26,Credit Card,False,5.0
ORD100935,2025-11-12,CUST0055,Kavya Iyer,North,Jaipur,Sports & Fitness,Cycling Helmet,4654.6,2,0.0,9309.2,0.0,9309.2,Net Banking,False,4.0
ORD105061,2025-11-12,CUST0461,Aditya Gupta,North,Delhi,Sports & Fitness,Cycling Helmet,2009.71,3,15.0,6029.13,904.37,5124.76,UPI,False,5.0
ORD102119,2025-11-12,CUST0549,Neha Bose,South,Bengaluru,Beauty & Personal Care,Trimmer,2551.01,1,0.0,2551.01,0.0,2551.01,UPI,False,5.0
ORD102268,2025-11-12,CUST0765,Anil Das,West,Pune,Fashion,Sunglasses,5120.4,1,0.0,5120.4,0.0,5120.4,Credit Card,False,5.0
ORD101083,2025-11-12,CUST0172,Sai Kapoor,West,Mumbai,Electronics,Smartwatch,39523.18,1,5.0,39523.18,1976.16,37547.02,Credit Card,False,4.0
ORD101071,2025-11-12,CUST0025,Riya Nair,East,Guwahati,Electronics,Smartphone,24715.39,1,0.0,24715.39,0.0,24715.39,Cash on Delivery,False,4.0
ORD101741,2025-11-12,CUST0484,Zara Menon,West,Surat,Home & Kitchen,Mixer Grinder,3747.6,1,0.0,3747.6,0.0,3747.6,Credit Card,False,4.0
ORD103331,2025-11-12,CUST0328,Naveen Singh,North,Jaipur,Home & Kitchen,Water Purifier,12544.43,1,0.0,12544.43,0.0,12544.43,UPI,False,5.0
ORD105635,2025-11-12,CUST0780,Rahul Mukherjee,North,Delhi,Electronics,Smartwatch,7049.39,1,5.0,7049.39,352.47,6696.92,Debit Card,False,
ORD100770,2025-11-12,CUST0785,Manisha Patel,North,Lucknow,Electronics,Smartphone,28449.49,1,10.0,28449.49,2844.95,25604.54,Credit Card,False,4.0
ORD104915,2025-11-13,CUST0266,Riya Gupta,West,Ahmedabad,Fashion,Denim Jacket,2019.14,1,0.0,2019.14,0.0,2019.14,Debit Card,False,5.0
ORD104250,2025-11-13,CUST0367,Manish Patel,North,Delhi,Electronics,Smartphone,30375.37,1,0.0,30375.37,0.0,30375.37,Net Banking,False,5.0
ORD101173,2025-11-13,CUST0030,Sneha Kumar,North,Chandigarh,Fashion,Wrist Watch,4390.68,1,0.0,4390.68,0.0,4390.68,UPI,False,3.0
ORD102618,2025-11-13,CUST0626,Kavya Kapoor,East,Patna,Fashion,Sunglasses,2098.43,1,5.0,2098.43,104.92,1993.51,UPI,False,5.0
ORD102464,2025-11-13,CUST0348,Rohan Das,North,Lucknow,Fashion,Wrist Watch,5201.43,3,0.0,15604.29,0.0,15604.29,Debit Card,False,5.0
ORD105280,2025-11-13,CUST0343,Vikram Kapoor,East,Patna,Fashion,Backpack,1992.02,2,0.0,3984.04,0.0,3984.04,Debit Card,False,2.0
ORD102560,2025-11-13,CUST0053,Aarav Iyer,North,Delhi,Electronics,Smartwatch,5819.39,1,0.0,5819.39,0.0,5819.39,Debit Card,False,4.0
ORD100397,2025-11-13,CUST0591,Deepak Menon,West,Mumbai,Home & Kitchen,Non-Stick Cookware Set,1869.39,1,0.0,1869.39,0.0,1869.39,UPI,False,5.0
ORD102737,2025-11-13,CUST0165,Krishna Malhotra,North,Lucknow,Sports & Fitness,Fitness Band,2006.02,1,5.0,2006.02,100.3,1905.72,Debit Card,False,2.0
ORD102581,2025-11-14,CUST0334,Lakshmi Malhotra,South,Kochi,Home & Kitchen,Water Purifier,8152.73,1,0.0,8152.73,0.0,8152.73,Net Banking,False,5.0
ORD101656,2025-11-14,CUST0729,Naveen Kapoor,South,Bengaluru,Electronics,Wireless Earbuds,39348.37,1,10.0,39348.37,3934.84,35413.53,Debit Card,True,5.0
ORD101125,2025-11-14,CUST0614,Diya Bose,North,Chandigarh,Sports & Fitness,Resistance Bands,5628.64,2,5.0,11257.28,562.86,10694.42,Credit Card,False,3.0
ORD105947,2025-11-14,CUST0075,Isha Patel,North,Jaipur,Beauty & Personal Care,Face Serum,1518.67,1,0.0,1518.67,0.0,1518.67,Credit Card,True,4.0
ORD105035,2025-11-14,CUST0237,Anil Chopra,South,Bengaluru,Beauty & Personal Care,Trimmer,3049.39,1,0.0,3049.39,0.0,3049.39,UPI,False,5.0
ORD100871,2025-11-14,CUST0097,Priya Sharma,South,Chennai,Fashion,Backpack,3115.66,1,0.0,3115.66,0.0,3115.66,Credit Card,False,2.0
ORD102980,2025-11-14,CUST0202,Arjun Nair,North,Lucknow,Fashion,Running Shoes,2462.85,1,15.0,2462.85,369.43,2093.42,UPI,False,4.0
ORD100424,2025-11-14,CUST0041,Krishna Menon,North,Lucknow,Beauty & Personal Care,Perfume,1676.45,2,5.0,3352.9,167.64,3185.26,Credit Card,False,4.0
ORD102823,2025-11-14,CUST0367,Manish Patel,North,Delhi,Beauty & Personal Care,Hair Dryer,2061.83,1,0.0,2061.83,0.0,2061.83,UPI,False,5.0
ORD102911,2025-11-14,CUST0812,Vihaan Rao,West,Pune,Beauty & Personal Care,Face Serum,682.13,1,20.0,682.13,136.43,545.7,UPI,False,5.0
ORD100241,2025-11-14,CUST0614,Diya Bose,North,Chandigarh,Electronics,Laptop,28624.93,1,0.0,28624.93,0.0,28624.93,Credit Card,False,4.0
ORD100576,2025-11-14,CUST0085,Riya Das,North,Jaipur,Sports & Fitness,Fitness Band,3904.47,3,5.0,11713.41,585.67,11127.74,UPI,False,5.0
ORD103083,2025-11-14,CUST0591,Deepak Menon,West,Mumbai,Home & Kitchen,Air Fryer,10474.55,1,20.0,10474.55,2094.91,8379.64,Credit Card,False,4.0
ORD103632,2025-11-14,CUST0300,Zara Chopra,West,Pune,Home & Kitchen,Air Fryer,6267.83,1,10.0,6267.83,626.78,5641.05,UPI,False,5.0
ORD100177,2025-11-15,CUST0362,Karthik Rao,West,Surat,Sports & Fitness,Yoga Mat,5009.75,1,10.0,5009.75,500.98,4508.77,Cash on Delivery,False,2.0
ORD104557,2025-11-15,CUST0675,Zara Das,North,Delhi,Home & Kitchen,Vacuum Cleaner,1992.73,1,10.0,1992.73,199.27,1793.46,Debit Card,False,3.0
ORD102888,2025-11-15,CUST0406,Vikram Rao,North,Lucknow,Beauty & Personal Care,Trimmer,1653.84,2,0.0,3307.68,0.0,3307.68,Debit Card,False,3.0
ORD105737,2025-11-15,CUST0192,Diya Bose,West,Mumbai,Fashion,Backpack,2598.65,1,0.0,2598.65,0.0,2598.65,Debit Card,False,4.0
ORD102173,2025-11-15,CUST0700,Aditya Singh,North,Lucknow,Fashion,Denim Jacket,5391.12,1,0.0,5391.12,0.0,5391.12,Cash on Delivery,False,4.0
ORD101403,2025-11-15,CUST0592,Swati Menon,East,Bhubaneswar,Home & Kitchen,Vacuum Cleaner,3512.79,1,0.0,3512.79,0.0,3512.79,Credit Card,False,4.0
ORD103855,2025-11-15,CUST0003,Krishna Gupta,South,Bengaluru,Home & Kitchen,Non-Stick Cookware Set,6326.55,1,10.0,6326.55,632.66,5693.89,UPI,False,3.0
ORD103320,2025-11-15,CUST0109,Divya Gupta,West,Pune,Beauty & Personal Care,Face Serum,1796.25,1,10.0,1796.25,179.62,1616.63,Cash on Delivery,False,5.0
ORD105128,2025-11-15,CUST0452,Kavya Joshi,North,Chandigarh,Beauty & Personal Care,Skincare Kit,3257.43,1,5.0,3257.43,162.87,3094.56,UPI,False,4.0
ORD104473,2025-11-15,CUST0271,Deepak Joshi,East,Guwahati,Beauty & Personal Care,Face Serum,2809.06,1,10.0,2809.06,280.91,2528.15,Credit Card,False,5.0
ORD102835,2025-11-15,CUST0053,Aarav Iyer,North,Delhi,Sports & Fitness,Fitness Band,4860.32,2,10.0,9720.64,972.06,8748.58,UPI,False,4.0
ORD104637,2025-11-15,CUST0844,Kiran Bose,West,Surat,Fashion,Running Shoes,4751.83,1,0.0,4751.83,0.0,4751.83,Credit Card,False,3.0
ORD105864,2025-11-15,CUST0466,Manish Nair,East,Kolkata,Home & Kitchen,Air Fryer,2441.06,1,0.0,2441.06,0.0,2441.06,Credit Card,False,2.0
ORD104624,2025-11-15,CUST0619,Krishna Mukherjee,South,Bengaluru,Sports & Fitness,Resistance Bands,349.86,1,0.0,349.86,0.0,349.86,Debit Card,False,4.0
ORD103796,2025-11-15,CUST0828,Diya Das,East,Guwahati,Home & Kitchen,Vacuum Cleaner,6728.44,1,5.0,6728.44,336.42,6392.02,UPI,False,5.0
ORD100208,2025-11-15,CUST0426,Rohan Reddy,West,Ahmedabad,Sports & Fitness,Yoga Mat,2553.57,1,0.0,2553.57,0.0,2553.57,UPI,False,3.0
ORD105795,2025-11-16,CUST0369,Karthik Kapoor,South,Bengaluru,Home & Kitchen,Air Fryer,6413.25,1,0.0,6413.25,0.0,6413.25,UPI,False,2.0
ORD102282,2025-11-16,CUST0045,Nisha Patel,West,Surat,Fashion,Sunglasses,3536.52,1,5.0,3536.52,176.83,3359.69,UPI,False,3.0
ORD102441,2025-11-16,CUST0041,Krishna Menon,North,Lucknow,Beauty & Personal Care,Face Serum,1622.98,1,10.0,1622.98,162.3,1460.68,UPI,False,5.0
ORD100891,2025-11-16,CUST0396,Lakshmi Rao,North,Lucknow,Sports & Fitness,Fitness Band,2904.22,1,0.0,2904.22,0.0,2904.22,UPI,False,1.0
ORD101459,2025-11-16,CUST0406,Vikram Rao,North,Lucknow,Electronics,Wireless Earbuds,46366.29,1,0.0,46366.29,0.0,46366.29,Cash on Delivery,False,5.0
ORD105425,2025-11-16,CUST0563,Sneha Pillai,West,Mumbai,Fashion,Running Shoes,3058.97,1,0.0,3058.97,0.0,3058.97,Net Banking,False,4.0
ORD103540,2025-11-16,CUST0141,Divya Das,South,Chennai,Sports & Fitness,Yoga Mat,516.64,2,25.0,1033.28,258.32,774.96,Cash on Delivery,False,5.0
ORD103662,2025-11-16,CUST0015,Meera Kapoor,West,Surat,Electronics,Bluetooth Speaker,31290.99,3,0.0,93872.97,0.0,93872.97,UPI,False,4.0
ORD102901,2025-11-16,CUST0563,Sneha Pillai,West,Mumbai,Beauty & Personal Care,Trimmer,865.15,1,0.0,865.15,0.0,865.15,UPI,False,4.0
ORD100465,2025-11-16,CUST0238,Tara Das,North,Jaipur,Electronics,Wireless Earbuds,1255.0,1,0.0,1255.0,0.0,1255.0,UPI,False,5.0
ORD101553,2025-11-16,CUST0124,Saanvi Verma,North,Jaipur,Electronics,Laptop,4907.34,1,0.0,4907.34,0.0,4907.34,UPI,False,3.0
ORD104389,2025-11-16,CUST0564,Divya Desai,South,Bengaluru,Electronics,Bluetooth Speaker,37057.86,1,10.0,37057.86,3705.79,33352.07,UPI,False,5.0
ORD105639,2025-11-16,CUST0082,Diya Gupta,East,Guwahati,Beauty & Personal Care,Face Serum,3182.76,1,5.0,3182.76,159.14,3023.62,UPI,False,5.0
ORD101930,2025-11-16,CUST0559,Suresh Pillai,West,Surat,Fashion,Sunglasses,5890.12,1,5.0,5890.12,294.51,5595.61,Credit Card,False,4.0
ORD103408,2025-11-16,CUST0328,Naveen Singh,North,Jaipur,Electronics,Smartphone,54355.46,1,10.0,54355.46,5435.55,48919.91,UPI,False,3.0
ORD102683,2025-11-17,CUST0348,Rohan Das,North,Lucknow,Sports & Fitness,Cycling Helmet,5823.95,1,0.0,5823.95,0.0,5823.95,Credit Card,False,1.0
ORD104995,2025-11-17,CUST0844,Kiran Bose,West,Surat,Sports & Fitness,Fitness Band,3069.57,3,25.0,9208.71,2302.18,6906.53,UPI,False,2.0
ORD100023,2025-11-17,CUST0205,Tara Sharma,West,Ahmedabad,Fashion,Denim Jacket,2045.93,1,10.0,2045.93,204.59,1841.34,Cash on Delivery,False,5.0
ORD104535,2025-11-17,CUST0632,Saanvi Kumar,South,Chennai,Electronics,Bluetooth Speaker,3697.67,1,5.0,3697.67,184.88,3512.79,Net Banking,True,5.0
ORD103317,2025-11-17,CUST0124,Saanvi Verma,North,Jaipur,Fashion,Running Shoes,4019.11,1,10.0,4019.11,401.91,3617.2,Credit Card,False,5.0
ORD101491,2025-11-17,CUST0685,Aditya Patel,North,Lucknow,Electronics,Wireless Earbuds,46240.05,1,20.0,46240.05,9248.01,36992.04,Net Banking,False,5.0
ORD105284,2025-11-17,CUST0396,Lakshmi Rao,North,Lucknow,Electronics,Smartwatch,35655.06,1,20.0,35655.06,7131.01,28524.05,Credit Card,False,4.0
ORD101027,2025-11-17,CUST0550,Saanvi Gupta,North,Chandigarh,Beauty & Personal Care,Hair Dryer,2236.9,1,0.0,2236.9,0.0,2236.9,Debit Card,False,4.0
ORD101809,2025-11-17,CUST0018,Nisha Mukherjee,West,Surat,Electronics,Bluetooth Speaker,10299.6,1,15.0,10299.6,1544.94,8754.66,Net Banking,False,4.0
ORD103191,2025-11-17,CUST0077,Sai Singh,East,Kolkata,Fashion,Sunglasses,5019.59,2,15.0,10039.18,1505.88,8533.3,Cash on Delivery,True,4.0
ORD100002,2025-11-17,CUST0418,Shreya Desai,South,Kochi,Sports & Fitness,Cycling Helmet,3818.04,1,0.0,3818.04,0.0,3818.04,Debit Card,False,5.0
ORD102908,2025-11-17,CUST0208,Vikram Bose,East,Kolkata,Fashion,Running Shoes,4294.76,2,0.0,8589.52,0.0,8589.52,Credit Card,False,5.0
ORD105601,2025-11-17,CUST0756,Priya Reddy,West,Mumbai,Home & Kitchen,Non-Stick Cookware Set,12375.22,3,0.0,37125.66,0.0,37125.66,UPI,False,5.0
ORD104019,2025-11-17,CUST0284,Lakshmi Nair,West,Pune,Electronics,Laptop,43406.3,1,10.0,43406.3,4340.63,39065.67,UPI,False,3.0
ORD100634,2025-11-17,CUST0362,Karthik Rao,West,Surat,Fashion,Running Shoes,3899.53,1,10.0,3899.53,389.95,3509.58,UPI,False,4.0
ORD100416,2025-11-17,CUST0470,Vihaan Verma,South,Kochi,Sports & Fitness,Fitness Band,948.88,2,10.0,1897.76,189.78,1707.98,UPI,False,3.0
ORD101867,2025-11-18,CUST0797,Isha Desai,West,Ahmedabad,Electronics,Laptop,29259.63,1,10.0,29259.63,2925.96,26333.67,UPI,False,5.0
ORD105862,2025-11-18,CUST0547,Priya Nair,South,Kochi,Electronics,Wireless Earbuds,23730.06,1,0.0,23730.06,0.0,23730.06,UPI,False,5.0
ORD103731,2025-11-18,CUST0719,Pooja Chopra,East,Patna,Electronics,Smartwatch,38869.19,1,10.0,38869.19,3886.92,34982.27,Net Banking,False,5.0
ORD105997,2025-11-18,CUST0789,Riya Pillai,North,Lucknow,Fashion,Wrist Watch,5550.69,2,0.0,11101.38,0.0,11101.38,Credit Card,False,1.0
ORD105511,2025-11-18,CUST0481,Kiran Nair,South,Chennai,Sports & Fitness,Resistance Bands,2735.71,1,0.0,2735.71,0.0,2735.71,UPI,False,5.0
ORD104873,2025-11-18,CUST0829,Sanjay Desai,North,Delhi,Beauty & Personal Care,Trimmer,860.73,1,15.0,860.73,129.11,731.62,UPI,False,5.0
ORD104148,2025-11-18,CUST0487,Krishna Kapoor,West,Mumbai,Home & Kitchen,Air Fryer,13563.03,2,25.0,27126.06,6781.52,20344.54,Net Banking,False,5.0
ORD102957,2025-11-18,CUST0472,Rohan Sharma,South,Bengaluru,Electronics,Wireless Earbuds,28027.03,1,0.0,28027.03,0.0,28027.03,Credit Card,False,4.0
ORD100315,2025-11-18,CUST0154,Pooja Kapoor,North,Chandigarh,Fashion,Sunglasses,2556.28,1,0.0,2556.28,0.0,2556.28,UPI,False,3.0
ORD103172,2025-11-18,CUST0238,Tara Das,North,Jaipur,Sports & Fitness,Fitness Band,970.96,2,15.0,1941.92,291.29,1650.63,Cash on Delivery,False,5.0
ORD102434,2025-11-18,CUST0282,Rahul Bose,East,Guwahati,Beauty & Personal Care,Perfume,1801.88,2,5.0,3603.76,180.19,3423.57,UPI,False,5.0
ORD100959,2025-11-18,CUST0285,Divya Joshi,North,Jaipur,Fashion,Sunglasses,3538.73,1,10.0,3538.73,353.87,3184.86,Credit Card,False,5.0
ORD103599,2025-11-18,CUST0279,Anil Sharma,North,Chandigarh,Fashion,Backpack,969.44,1,10.0,969.44,96.94,872.5,UPI,False,2.0
ORD101355,2025-11-18,CUST0202,Arjun Nair,North,Lucknow,Electronics,Bluetooth Speaker,47487.76,1,5.0,47487.76,2374.39,45113.37,Credit Card,False,4.0
ORD100675,2025-11-18,CUST0196,Arjun Pillai,South,Kochi,Beauty & Personal Care,Skincare Kit,2622.21,1,15.0,2622.21,393.33,2228.88,UPI,False,4.0
ORD100252,2025-11-19,CUST0407,Vivaan Desai,North,Delhi,Beauty & Personal Care,Perfume,1658.76,1,20.0,1658.76,331.75,1327.01,UPI,False,5.0
ORD102399,2025-11-19,CUST0462,Krishna Kumar,West,Ahmedabad,Beauty & Personal Care,Trimmer,1261.81,1,10.0,1261.81,126.18,1135.63,UPI,False,4.0
ORD104366,2025-11-19,CUST0142,Riya Pillai,South,Kochi,Home & Kitchen,Air Fryer,10899.68,1,10.0,10899.68,1089.97,9809.71,UPI,False,4.0
ORD105250,2025-11-19,CUST0039,Aarav Gupta,East,Bhubaneswar,Fashion,Backpack,3273.81,1,5.0,3273.81,163.69,3110.12,Cash on Delivery,False,5.0
ORD102071,2025-11-19,CUST0781,Sanjay Mukherjee,West,Surat,Fashion,Denim Jacket,3564.68,1,25.0,3564.68,891.17,2673.51,Credit Card,False,4.0
ORD102893,2025-11-19,CUST0143,Naveen Malhotra,South,Hyderabad,Home & Kitchen,Vacuum Cleaner,14783.55,1,0.0,14783.55,0.0,14783.55,Cash on Delivery,False,4.0
ORD101811,2025-11-19,CUST0360,Tara Reddy,South,Bengaluru,Electronics,Wireless Earbuds,1927.35,1,10.0,1927.35,192.74,1734.61,UPI,False,4.0
ORD100343,2025-11-19,CUST0657,Aarav Malhotra,North,Lucknow,Home & Kitchen,Water Purifier,14018.17,1,15.0,14018.17,2102.73,11915.44,Credit Card,False,5.0
ORD100676,2025-11-19,CUST0151,Neha Iyer,West,Surat,Sports & Fitness,Yoga Mat,7285.95,1,0.0,7285.95,0.0,7285.95,Credit Card,False,2.0
ORD104141,2025-11-19,CUST0437,Kavya Menon,South,Kochi,Home & Kitchen,Water Purifier,6162.08,3,25.0,18486.24,4621.56,13864.68,Net Banking,False,5.0
ORD102914,2025-11-19,CUST0507,Rohan Desai,West,Surat,Fashion,Backpack,1378.78,1,0.0,1378.78,0.0,1378.78,Net Banking,False,4.0
ORD101858,2025-11-19,CUST0792,Shreya Kumar,West,Ahmedabad,Beauty & Personal Care,Skincare Kit,1887.24,1,5.0,1887.24,94.36,1792.88,Debit Card,False,3.0
ORD105126,2025-11-19,CUST0080,Vikram Kapoor,North,Lucknow,Beauty & Personal Care,Skincare Kit,2645.6,1,25.0,2645.6,661.4,1984.2,Credit Card,False,5.0
ORD100145,2025-11-20,CUST0011,Diya Pillai,North,Lucknow,Electronics,Laptop,35303.25,1,20.0,35303.25,7060.65,28242.6,UPI,False,4.0
ORD100886,2025-11-20,CUST0820,Krishna Joshi,East,Bhubaneswar,Fashion,Running Shoes,3404.01,1,10.0,3404.01,340.4,3063.61,Debit Card,False,1.0
ORD104617,2025-11-20,CUST0176,Vihaan Rao,North,Jaipur,Electronics,Wireless Earbuds,54060.31,2,20.0,108120.62,21624.12,86496.5,Credit Card,False,5.0
ORD105704,2025-11-20,CUST0821,Saanvi Rao,West,Ahmedabad,Electronics,Smartphone,5969.54,2,15.0,11939.08,1790.86,10148.22,Credit Card,False,5.0
ORD102884,2025-11-20,CUST0196,Arjun Pillai,South,Kochi,Fashion,Wrist Watch,4775.53,1,10.0,4775.53,477.55,4297.98,Debit Card,False,4.0
ORD101112,2025-11-20,CUST0298,Kiran Das,North,Lucknow,Fashion,Sunglasses,3816.44,1,15.0,3816.44,572.47,3243.97,UPI,False,4.0
ORD102960,2025-11-20,CUST0495,Vihaan Reddy,North,Chandigarh,Electronics,Smartphone,39622.55,1,15.0,39622.55,5943.38,33679.17,Credit Card,True,4.0
ORD101113,2025-11-20,CUST0690,Ananya Verma,East,Guwahati,Electronics,Smartwatch,51864.97,1,15.0,51864.97,7779.75,44085.22,UPI,False,4.0
ORD103619,2025-11-20,CUST0321,Rohan Joshi,North,Chandigarh,Fashion,Backpack,797.32,1,20.0,797.32,159.46,637.86,Net Banking,False,4.0
ORD105779,2025-11-20,CUST0728,Pooja Verma,North,Lucknow,Fashion,Wrist Watch,1061.73,2,0.0,2123.46,0.0,2123.46,UPI,False,5.0
ORD103412,2025-11-20,CUST0082,Diya Gupta,East,Guwahati,Electronics,Bluetooth Speaker,54159.44,1,0.0,54159.44,0.0,54159.44,UPI,True,4.0
ORD102416,2025-11-20,CUST0343,Vikram Kapoor,East,Patna,Sports & Fitness,Yoga Mat,4058.85,1,0.0,4058.85,0.0,4058.85,Credit Card,False,5.0
ORD102139,2025-11-21,CUST0755,Naveen Kapoor,North,Lucknow,Fashion,Denim Jacket,2886.65,1,0.0,2886.65,0.0,2886.65,UPI,False,2.0
ORD100477,2025-11-21,CUST0283,Rahul Menon,East,Kolkata,Fashion,Wrist Watch,2691.21,1,15.0,2691.21,403.68,2287.53,Credit Card,False,4.0
ORD100221,2025-11-21,CUST0462,Krishna Kumar,West,Ahmedabad,Electronics,Bluetooth Speaker,18775.87,1,0.0,18775.87,0.0,18775.87,UPI,False,5.0
ORD100457,2025-11-21,CUST0326,Aarav Das,North,Jaipur,Fashion,Denim Jacket,5259.15,1,0.0,5259.15,0.0,5259.15,Credit Card,False,4.0
ORD105246,2025-11-21,CUST0015,Meera Kapoor,West,Surat,Beauty & Personal Care,Perfume,2911.16,1,10.0,2911.16,291.12,2620.04,Net Banking,False,1.0
ORD103468,2025-11-21,CUST0327,Swati Verma,South,Chennai,Beauty & Personal Care,Hair Dryer,3493.11,1,0.0,3493.11,0.0,3493.11,Debit Card,False,3.0
ORD104748,2025-11-21,CUST0069,Karthik Verma,South,Hyderabad,Sports & Fitness,Cycling Helmet,852.89,1,0.0,852.89,0.0,852.89,Credit Card,False,4.0
ORD105122,2025-11-21,CUST0166,Priya Malhotra,North,Delhi,Electronics,Bluetooth Speaker,29207.23,1,15.0,29207.23,4381.08,24826.15,UPI,False,4.0
ORD105830,2025-11-21,CUST0420,Aarav Malhotra,North,Delhi,Sports & Fitness,Dumbbell Set,638.24,2,20.0,1276.48,255.3,1021.18,UPI,False,5.0
ORD100789,2025-11-21,CUST0111,Vivaan Sharma,West,Ahmedabad,Electronics,Smartwatch,33600.83,3,0.0,100802.49,0.0,100802.49,Net Banking,False,3.0
ORD103434,2025-11-21,CUST0492,Swati Menon,North,Jaipur,Electronics,Bluetooth Speaker,45521.96,1,0.0,45521.96,0.0,45521.96,Net Banking,False,5.0
ORD102323,2025-11-21,CUST0683,Lakshmi Verma,East,Bhubaneswar,Home & Kitchen,Vacuum Cleaner,6482.65,1,10.0,6482.65,648.26,5834.39,UPI,False,4.0
ORD103443,2025-11-21,CUST0487,Krishna Kapoor,West,Mumbai,Electronics,Laptop,16392.31,1,15.0,16392.31,2458.85,13933.46,UPI,False,5.0
ORD105018,2025-11-21,CUST0403,Aditya Joshi,South,Chennai,Sports & Fitness,Yoga Mat,3186.42,1,0.0,3186.42,0.0,3186.42,Cash on Delivery,False,2.0
ORD105847,2025-11-21,CUST0090,Vivaan Pillai,West,Surat,Electronics,Bluetooth Speaker,54911.06,1,5.0,54911.06,2745.55,52165.51,Credit Card,False,4.0
ORD103546,2025-11-22,CUST0137,Rahul Sharma,East,Guwahati,Fashion,Denim Jacket,2394.9,2,0.0,4789.8,0.0,4789.8,UPI,False,5.0
ORD102655,2025-11-22,CUST0327,Swati Verma,South,Chennai,Sports & Fitness,Cycling Helmet,2946.35,1,5.0,2946.35,147.32,2799.03,Credit Card,False,4.0
ORD104036,2025-11-22,CUST0087,Naveen Reddy,South,Chennai,Fashion,Denim Jacket,4287.24,1,0.0,4287.24,0.0,4287.24,Cash on Delivery,False,4.0
ORD104347,2025-11-22,CUST0410,Sai Das,North,Chandigarh,Electronics,Laptop,45661.99,2,5.0,91323.98,4566.2,86757.78,Credit Card,False,2.0
ORD102673,2025-11-22,CUST0068,Isha Gupta,South,Bengaluru,Sports & Fitness,Cycling Helmet,2651.87,1,0.0,2651.87,0.0,2651.87,Net Banking,False,5.0
ORD100201,2025-11-22,CUST0008,Vikram Pillai,West,Mumbai,Fashion,Backpack,703.59,1,0.0,703.59,0.0,703.59,UPI,False,2.0
ORD103414,2025-11-22,CUST0624,Priya Gupta,West,Ahmedabad,Beauty & Personal Care,Face Serum,729.7,1,0.0,729.7,0.0,729.7,UPI,False,5.0
ORD103269,2025-11-22,CUST0677,Saanvi Das,West,Surat,Electronics,Laptop,35400.77,1,0.0,35400.77,0.0,35400.77,Credit Card,False,4.0
ORD102725,2025-11-22,CUST0012,Anil Das,North,Delhi,Beauty & Personal Care,Trimmer,375.89,1,0.0,375.89,0.0,375.89,Credit Card,False,1.0
ORD100993,2025-11-22,CUST0370,Sanjay Menon,West,Surat,Home & Kitchen,Air Fryer,3930.04,1,15.0,3930.04,589.51,3340.53,Debit Card,False,4.0
ORD105041,2025-11-22,CUST0486,Manisha Rao,South,Chennai,Sports & Fitness,Yoga Mat,7352.91,1,0.0,7352.91,0.0,7352.91,UPI,False,5.0
ORD101363,2025-11-23,CUST0058,Nisha Patel,West,Mumbai,Home & Kitchen,Air Fryer,2661.15,1,0.0,2661.15,0.0,2661.15,Credit Card,False,4.0
ORD105493,2025-11-23,CUST0176,Vihaan Rao,North,Jaipur,Sports & Fitness,Yoga Mat,6499.78,1,0.0,6499.78,0.0,6499.78,UPI,False,4.0
ORD101763,2025-11-23,CUST0151,Neha Iyer,West,Surat,Fashion,Backpack,1584.24,1,15.0,1584.24,237.64,1346.6,Debit Card,False,5.0
ORD100967,2025-11-23,CUST0020,Ishaan Verma,East,Bhubaneswar,Fashion,Running Shoes,4376.62,1,5.0,4376.62,218.83,4157.79,Net Banking,False,3.0
ORD100171,2025-11-23,CUST0238,Tara Das,North,Jaipur,Sports & Fitness,Resistance Bands,5057.16,1,0.0,5057.16,0.0,5057.16,Net Banking,False,5.0
ORD101493,2025-11-23,CUST0154,Pooja Kapoor,North,Chandigarh,Sports & Fitness,Dumbbell Set,1272.57,1,5.0,1272.57,63.63,1208.94,UPI,False,4.0
ORD100094,2025-11-23,CUST0707,Isha Menon,West,Pune,Fashion,Sunglasses,1562.06,1,15.0,1562.06,234.31,1327.75,Cash on Delivery,False,4.0
ORD101612,2025-11-23,CUST0781,Sanjay Mukherjee,West,Surat,Beauty & Personal Care,Skincare Kit,950.9,1,5.0,950.9,47.54,903.36,Credit Card,False,3.0
ORD104280,2025-11-23,CUST0770,Vikram Iyer,South,Hyderabad,Home & Kitchen,Water Purifier,4556.25,2,0.0,9112.5,0.0,9112.5,UPI,False,3.0
ORD101029,2025-11-23,CUST0475,Kiran Chopra,East,Bhubaneswar,Home & Kitchen,Vacuum Cleaner,1903.92,2,10.0,3807.84,380.78,3427.06,Debit Card,False,3.0
ORD103930,2025-11-23,CUST0733,Vihaan Das,East,Patna,Home & Kitchen,Air Fryer,3666.37,1,5.0,3666.37,183.32,3483.05,Credit Card,False,4.0
ORD100085,2025-11-23,CUST0611,Sneha Pillai,North,Delhi,Beauty & Personal Care,Perfume,1033.46,1,0.0,1033.46,0.0,1033.46,UPI,False,5.0
ORD105642,2025-11-23,CUST0532,Sanjay Rao,West,Mumbai,Beauty & Personal Care,Hair Dryer,1996.11,1,5.0,1996.11,99.81,1896.3,UPI,False,3.0
ORD100083,2025-11-23,CUST0182,Riya Joshi,North,Delhi,Sports & Fitness,Resistance Bands,2260.91,1,0.0,2260.91,0.0,2260.91,UPI,False,5.0
ORD104394,2025-11-23,CUST0827,Shreya Gupta,North,Chandigarh,Electronics,Smartwatch,3202.51,1,25.0,3202.51,800.63,2401.88,UPI,False,4.0
ORD103515,2025-11-23,CUST0639,Vihaan Chopra,West,Pune,Beauty & Personal Care,Face Serum,1279.04,1,0.0,1279.04,0.0,1279.04,UPI,False,2.0
ORD104524,2025-11-23,CUST0370,Sanjay Menon,West,Surat,Home & Kitchen,Non-Stick Cookware Set,1256.85,1,15.0,1256.85,188.53,1068.32,UPI,False,5.0
ORD101238,2025-11-23,CUST0348,Rohan Das,North,Lucknow,Electronics,Smartwatch,21019.78,1,0.0,21019.78,0.0,21019.78,UPI,False,1.0
ORD100265,2025-11-23,CUST0479,Vihaan Pillai,North,Delhi,Fashion,Running Shoes,5646.92,1,10.0,5646.92,564.69,5082.23,UPI,False,5.0
ORD102907,2025-11-23,CUST0261,Manish Verma,West,Mumbai,Electronics,Laptop,35656.25,1,5.0,35656.25,1782.81,33873.44,UPI,False,5.0
ORD105903,2025-11-23,CUST0802,Swati Menon,South,Hyderabad,Sports & Fitness,Resistance Bands,2552.77,1,5.0,2552.77,127.64,2425.13,UPI,False,2.0
ORD102063,2025-11-23,CUST0304,Saanvi Joshi,South,Kochi,Beauty & Personal Care,Perfume,1999.61,1,0.0,1999.61,0.0,1999.61,Debit Card,False,5.0
ORD102739,2025-11-24,CUST0707,Isha Menon,West,Pune,Electronics,Bluetooth Speaker,3901.44,1,0.0,3901.44,0.0,3901.44,Cash on Delivery,False,4.0
ORD105756,2025-11-24,CUST0499,Swati Patel,South,Hyderabad,Beauty & Personal Care,Perfume,2158.85,1,0.0,2158.85,0.0,2158.85,Credit Card,False,3.0
ORD100468,2025-11-24,CUST0622,Deepak Kapoor,South,Bengaluru,Sports & Fitness,Cycling Helmet,934.03,1,0.0,934.03,0.0,934.03,Net Banking,False,4.0
ORD101961,2025-11-24,CUST0220,Vivaan Joshi,North,Chandigarh,Home & Kitchen,Mixer Grinder,9183.4,1,5.0,9183.4,459.17,8724.23,Credit Card,False,3.0
ORD104157,2025-11-24,CUST0152,Swati Malhotra,East,Patna,Fashion,Running Shoes,994.43,1,15.0,994.43,149.16,845.27,Net Banking,False,4.0
ORD104608,2025-11-24,CUST0105,Nisha Mukherjee,East,Patna,Electronics,Smartwatch,20554.06,1,0.0,20554.06,0.0,20554.06,Net Banking,False,4.0
ORD103311,2025-11-24,CUST0532,Sanjay Rao,West,Mumbai,Sports & Fitness,Cycling Helmet,5731.63,1,0.0,5731.63,0.0,5731.63,Credit Card,False,4.0
ORD104233,2025-11-24,CUST0438,Ishaan Verma,West,Ahmedabad,Sports & Fitness,Resistance Bands,4173.64,1,0.0,4173.64,0.0,4173.64,Debit Card,False,3.0
ORD105765,2025-11-24,CUST0335,Vivaan Menon,East,Guwahati,Beauty & Personal Care,Trimmer,1531.46,1,5.0,1531.46,76.57,1454.89,Cash on Delivery,False,2.0
ORD105140,2025-11-24,CUST0728,Pooja Verma,North,Lucknow,Electronics,Wireless Earbuds,8630.35,1,20.0,8630.35,1726.07,6904.28,Credit Card,False,2.0
ORD104169,2025-11-24,CUST0284,Lakshmi Nair,West,Pune,Home & Kitchen,Water Purifier,5538.36,1,0.0,5538.36,0.0,5538.36,Net Banking,False,3.0
ORD103164,2025-11-24,CUST0306,Anil Verma,South,Kochi,Beauty & Personal Care,Trimmer,1155.64,1,0.0,1155.64,0.0,1155.64,Credit Card,False,3.0
ORD105112,2025-11-24,CUST0342,Manisha Sharma,East,Patna,Fashion,Backpack,5306.24,1,0.0,5306.24,0.0,5306.24,UPI,False,2.0
ORD101798,2025-11-24,CUST0333,Suresh Kapoor,West,Mumbai,Beauty & Personal Care,Skincare Kit,2268.37,1,0.0,2268.37,0.0,2268.37,Debit Card,False,5.0
ORD103490,2025-11-24,CUST0233,Diya Das,South,Bengaluru,Beauty & Personal Care,Face Serum,3289.21,2,0.0,6578.42,0.0,6578.42,UPI,False,5.0
ORD105277,2025-11-24,CUST0624,Priya Gupta,West,Ahmedabad,Electronics,Smartwatch,42347.13,1,15.0,42347.13,6352.07,35995.06,UPI,False,5.0
ORD103701,2025-11-25,CUST0197,Priya Bose,South,Hyderabad,Fashion,Wrist Watch,3369.96,1,0.0,3369.96,0.0,3369.96,Credit Card,False,5.0
ORD102600,2025-11-25,CUST0602,Deepak Verma,East,Guwahati,Home & Kitchen,Non-Stick Cookware Set,11646.84,1,20.0,11646.84,2329.37,9317.47,UPI,False,5.0
ORD104277,2025-11-25,CUST0010,Vivaan Sharma,East,Patna,Sports & Fitness,Yoga Mat,4621.98,3,5.0,13865.94,693.3,13172.64,Credit Card,False,4.0
ORD104680,2025-11-25,CUST0177,Pooja Desai,North,Chandigarh,Home & Kitchen,Air Fryer,9084.53,3,0.0,27253.59,0.0,27253.59,Debit Card,False,5.0
ORD105720,2025-11-25,CUST0258,Reyansh Malhotra,West,Mumbai,Electronics,Smartphone,28302.2,1,0.0,28302.2,0.0,28302.2,Credit Card,False,5.0
ORD105055,2025-11-25,CUST0256,Rohan Pillai,East,Patna,Electronics,Wireless Earbuds,14088.87,1,20.0,14088.87,2817.77,11271.1,Credit Card,False,2.0
ORD104488,2025-11-25,CUST0061,Isha Joshi,East,Guwahati,Fashion,Sunglasses,3832.6,1,25.0,3832.6,958.15,2874.45,Net Banking,False,4.0
ORD101097,2025-11-25,CUST0746,Riya Iyer,North,Lucknow,Sports & Fitness,Cycling Helmet,4203.92,1,10.0,4203.92,420.39,3783.53,Credit Card,False,1.0
ORD103286,2025-11-25,CUST0236,Zara Bose,South,Kochi,Sports & Fitness,Dumbbell Set,5676.62,1,0.0,5676.62,0.0,5676.62,Cash on Delivery,False,1.0
ORD100603,2025-11-25,CUST0371,Riya Nair,East,Bhubaneswar,Fashion,Wrist Watch,5775.07,1,15.0,5775.07,866.26,4908.81,UPI,False,4.0
ORD102625,2025-11-25,CUST0283,Rahul Menon,East,Kolkata,Sports & Fitness,Dumbbell Set,2132.95,3,10.0,6398.85,639.88,5758.97,Cash on Delivery,False,4.0
ORD101700,2025-11-25,CUST0306,Anil Verma,South,Kochi,Fashion,Sunglasses,1434.53,1,15.0,1434.53,215.18,1219.35,Debit Card,False,4.0
ORD104206,2025-11-26,CUST0406,Vikram Rao,North,Lucknow,Home & Kitchen,Water Purifier,9300.82,1,0.0,9300.82,0.0,9300.82,UPI,False,4.0
ORD104416,2025-11-26,CUST0724,Divya Bose,East,Patna,Sports & Fitness,Dumbbell Set,7697.06,1,0.0,7697.06,0.0,7697.06,Credit Card,True,4.0
ORD105725,2025-11-26,CUST0442,Ananya Patel,West,Mumbai,Sports & Fitness,Cycling Helmet,7491.74,2,0.0,14983.48,0.0,14983.48,Debit Card,False,1.0
ORD100593,2025-11-26,CUST0304,Saanvi Joshi,South,Kochi,Electronics,Wireless Earbuds,14155.23,1,0.0,14155.23,0.0,14155.23,Net Banking,False,4.0
ORD102950,2025-11-26,CUST0143,Naveen Malhotra,South,Hyderabad,Sports & Fitness,Resistance Bands,2626.51,1,20.0,2626.51,525.3,2101.21,Credit Card,False,3.0
ORD101646,2025-11-26,CUST0372,Aarav Singh,West,Surat,Fashion,Running Shoes,2573.07,1,10.0,2573.07,257.31,2315.76,Cash on Delivery,False,4.0
ORD101645,2025-11-26,CUST0573,Ishaan Menon,North,Lucknow,Beauty & Personal Care,Skincare Kit,3122.63,1,0.0,3122.63,0.0,3122.63,Credit Card,False,3.0
ORD102944,2025-11-27,CUST0305,Arjun Kapoor,West,Mumbai,Sports & Fitness,Yoga Mat,4204.85,1,10.0,4204.85,420.48,3784.37,Debit Card,False,3.0
ORD100821,2025-11-27,CUST0164,Zara Sharma,West,Surat,Fashion,Sunglasses,5508.32,3,10.0,16524.96,1652.5,14872.46,Credit Card,False,4.0
ORD101104,2025-11-27,CUST0612,Tara Reddy,North,Lucknow,Sports & Fitness,Cycling Helmet,2990.95,1,0.0,2990.95,0.0,2990.95,UPI,False,3.0
ORD105852,2025-11-27,CUST0725,Sai Joshi,North,Lucknow,Beauty & Personal Care,Trimmer,1801.73,1,5.0,1801.73,90.09,1711.64,Net Banking,False,2.0
ORD103076,2025-11-27,CUST0728,Pooja Verma,North,Lucknow,Electronics,Smartwatch,4874.96,1,15.0,4874.96,731.24,4143.72,Cash on Delivery,False,2.0
ORD101742,2025-11-27,CUST0781,Sanjay Mukherjee,West,Surat,Home & Kitchen,Non-Stick Cookware Set,5616.01,1,0.0,5616.01,0.0,5616.01,UPI,False,5.0
ORD103163,2025-11-27,CUST0017,Reyansh Patel,West,Mumbai,Beauty & Personal Care,Perfume,3210.67,1,15.0,3210.67,481.6,2729.07,Cash on Delivery,False,4.0
ORD101328,2025-11-27,CUST0377,Vikram Verma,South,Kochi,Sports & Fitness,Cycling Helmet,2886.42,2,0.0,5772.84,0.0,5772.84,Cash on Delivery,False,4.0
ORD105163,2025-11-27,CUST0685,Aditya Patel,North,Lucknow,Fashion,Wrist Watch,1606.49,1,0.0,1606.49,0.0,1606.49,Credit Card,False,5.0
ORD100438,2025-11-27,CUST0394,Krishna Singh,South,Chennai,Electronics,Smartwatch,37711.34,1,0.0,37711.34,0.0,37711.34,Cash on Delivery,False,2.0
ORD102144,2025-11-28,CUST0438,Ishaan Verma,West,Ahmedabad,Beauty & Personal Care,Face Serum,2163.27,1,0.0,2163.27,0.0,2163.27,Credit Card,False,4.0
ORD102708,2025-11-28,CUST0221,Divya Das,North,Lucknow,Beauty & Personal Care,Hair Dryer,2594.49,1,0.0,2594.49,0.0,2594.49,Credit Card,False,3.0
ORD101747,2025-11-28,CUST0817,Isha Chopra,East,Bhubaneswar,Home & Kitchen,Air Fryer,13177.77,1,5.0,13177.77,658.89,12518.88,Net Banking,False,5.0
ORD102341,2025-11-28,CUST0706,Naveen Sharma,West,Pune,Home & Kitchen,Water Purifier,5368.33,1,10.0,5368.33,536.83,4831.5,UPI,False,4.0
ORD104371,2025-11-28,CUST0380,Suresh Malhotra,South,Chennai,Fashion,Wrist Watch,3006.51,1,0.0,3006.51,0.0,3006.51,Net Banking,True,4.0
ORD100995,2025-11-28,CUST0438,Ishaan Verma,West,Ahmedabad,Fashion,Backpack,2692.32,1,5.0,2692.32,134.62,2557.7,Debit Card,False,3.0
ORD100859,2025-11-28,CUST0142,Riya Pillai,South,Kochi,Electronics,Bluetooth Speaker,29897.32,1,5.0,29897.32,1494.87,28402.45,UPI,False,5.0
ORD102664,2025-11-28,CUST0304,Saanvi Joshi,South,Kochi,Fashion,Backpack,662.97,1,5.0,662.97,33.15,629.82,Credit Card,False,3.0
ORD105453,2025-11-28,CUST0157,Vivaan Das,North,Lucknow,Home & Kitchen,Air Fryer,2602.99,1,0.0,2602.99,0.0,2602.99,UPI,False,4.0
ORD103424,2025-11-28,CUST0263,Manisha Joshi,South,Chennai,Sports & Fitness,Dumbbell Set,1758.68,1,15.0,1758.68,263.8,1494.88,Credit Card,False,4.0
ORD100120,2025-11-28,CUST0349,Zara Reddy,South,Kochi,Home & Kitchen,Non-Stick Cookware Set,7278.18,1,5.0,7278.18,363.91,6914.27,Net Banking,False,5.0
ORD105225,2025-11-28,CUST0828,Diya Das,East,Guwahati,Electronics,Wireless Earbuds,24591.38,1,0.0,24591.38,0.0,24591.38,Net Banking,False,4.0
ORD105538,2025-11-28,CUST0772,Meera Malhotra,South,Bengaluru,Sports & Fitness,Resistance Bands,3240.91,1,0.0,3240.91,0.0,3240.91,Debit Card,False,3.0
ORD100524,2025-11-28,CUST0018,Nisha Mukherjee,West,Surat,Sports & Fitness,Fitness Band,3157.2,1,0.0,3157.2,0.0,3157.2,Net Banking,False,5.0
ORD101344,2025-11-29,CUST0455,Shreya Das,South,Kochi,Home & Kitchen,Mixer Grinder,5968.78,1,25.0,5968.78,1492.2,4476.58,UPI,False,2.0
ORD103046,2025-11-29,CUST0677,Saanvi Das,West,Surat,Sports & Fitness,Yoga Mat,359.22,1,0.0,359.22,0.0,359.22,Net Banking,False,5.0
ORD105081,2025-11-29,CUST0680,Manisha Chopra,East,Guwahati,Sports & Fitness,Resistance Bands,2300.56,1,0.0,2300.56,0.0,2300.56,Cash on Delivery,False,5.0
ORD105893,2025-11-29,CUST0564,Divya Desai,South,Bengaluru,Fashion,Sunglasses,1495.4,1,0.0,1495.4,0.0,1495.4,Credit Card,False,3.0
ORD102445,2025-11-29,CUST0373,Divya Desai,West,Mumbai,Electronics,Wireless Earbuds,53015.47,1,10.0,53015.47,5301.55,47713.92,Credit Card,False,5.0
ORD102479,2025-11-29,CUST0240,Tara Pillai,North,Chandigarh,Sports & Fitness,Cycling Helmet,6687.82,1,5.0,6687.82,334.39,6353.43,Net Banking,False,5.0
ORD100089,2025-11-29,CUST0157,Vivaan Das,North,Lucknow,Home & Kitchen,Non-Stick Cookware Set,6402.36,1,20.0,6402.36,1280.47,5121.89,UPI,False,5.0
ORD102713,2025-11-29,CUST0105,Nisha Mukherjee,East,Patna,Sports & Fitness,Dumbbell Set,6881.38,1,15.0,6881.38,1032.21,5849.17,Credit Card,True,5.0
ORD103221,2025-11-29,CUST0306,Anil Verma,South,Kochi,Beauty & Personal Care,Face Serum,831.11,1,5.0,831.11,41.56,789.55,Credit Card,False,5.0
ORD101263,2025-11-29,CUST0380,Suresh Malhotra,South,Chennai,Fashion,Sunglasses,2292.78,1,0.0,2292.78,0.0,2292.78,UPI,False,5.0
ORD104749,2025-11-29,CUST0461,Aditya Gupta,North,Delhi,Beauty & Personal Care,Face Serum,934.65,1,0.0,934.65,0.0,934.65,UPI,False,1.0
ORD100019,2025-11-29,CUST0043,Divya Iyer,West,Ahmedabad,Fashion,Backpack,5113.08,1,15.0,5113.08,766.96,4346.12,UPI,False,5.0
ORD104044,2025-11-29,CUST0672,Arjun Reddy,South,Hyderabad,Beauty & Personal Care,Perfume,1347.41,1,10.0,1347.41,134.74,1212.67,Credit Card,False,2.0
ORD104312,2025-11-29,CUST0152,Swati Malhotra,East,Patna,Electronics,Wireless Earbuds,34567.33,1,5.0,34567.33,1728.37,32838.96,UPI,False,2.0
ORD103102,2025-11-30,CUST0189,Aarav Bose,North,Lucknow,Fashion,Denim Jacket,884.56,1,10.0,884.56,88.46,796.1,Net Banking,False,5.0
ORD105612,2025-11-30,CUST0771,Zara Malhotra,West,Ahmedabad,Sports & Fitness,Resistance Bands,3701.65,1,15.0,3701.65,555.25,3146.4,UPI,False,5.0
ORD101331,2025-11-30,CUST0319,Suresh Reddy,South,Bengaluru,Beauty & Personal Care,Hair Dryer,1325.68,1,0.0,1325.68,0.0,1325.68,Credit Card,False,2.0
ORD105972,2025-11-30,CUST0312,Isha Sharma,South,Bengaluru,Home & Kitchen,Air Fryer,2080.56,1,0.0,2080.56,0.0,2080.56,Credit Card,False,5.0
ORD105669,2025-11-30,CUST0441,Swati Singh,North,Lucknow,Fashion,Sunglasses,2582.94,2,10.0,5165.88,516.59,4649.29,Cash on Delivery,False,4.0
ORD100645,2025-11-30,CUST0551,Rohan Gupta,North,Jaipur,Sports & Fitness,Dumbbell Set,3193.35,3,10.0,9580.05,958.0,8622.05,UPI,False,2.0
ORD101442,2025-11-30,CUST0220,Vivaan Joshi,North,Chandigarh,Beauty & Personal Care,Face Serum,2681.01,1,0.0,2681.01,0.0,2681.01,UPI,False,4.0
ORD101136,2025-11-30,CUST0687,Diya Kumar,South,Chennai,Electronics,Bluetooth Speaker,42262.67,1,0.0,42262.67,0.0,42262.67,Debit Card,False,1.0
ORD103817,2025-11-30,CUST0071,Zara Menon,East,Patna,Sports & Fitness,Cycling Helmet,5882.95,1,0.0,5882.95,0.0,5882.95,Cash on Delivery,False,4.0
ORD104572,2025-11-30,CUST0039,Aarav Gupta,East,Bhubaneswar,Electronics,Wireless Earbuds,52014.59,1,20.0,52014.59,10402.92,41611.67,UPI,False,4.0
ORD101473,2025-11-30,CUST0424,Aditya Sharma,East,Guwahati,Fashion,Backpack,5722.39,1,0.0,5722.39,0.0,5722.39,Credit Card,False,2.0
ORD104446,2025-11-30,CUST0009,Sanjay Rao,South,Hyderabad,Sports & Fitness,Cycling Helmet,3965.31,1,0.0,3965.31,0.0,3965.31,Credit Card,False,5.0
ORD102601,2025-11-30,CUST0379,Reyansh Iyer,West,Mumbai,Fashion,Wrist Watch,5315.97,1,20.0,5315.97,1063.19,4252.78,UPI,False,4.0
ORD105335,2025-11-30,CUST0306,Anil Verma,South,Kochi,Beauty & Personal Care,Hair Dryer,584.44,1,10.0,584.44,58.44,526.0,Credit Card,False,5.0
ORD101339,2025-12-01,CUST0715,Kiran Verma,South,Bengaluru,Beauty & Personal Care,Skincare Kit,617.57,1,10.0,617.57,61.76,555.81,Debit Card,False,5.0
ORD101183,2025-12-01,CUST0685,Aditya Patel,North,Lucknow,Home & Kitchen,Non-Stick Cookware Set,13776.49,1,0.0,13776.49,0.0,13776.49,Net Banking,False,3.0
ORD102370,2025-12-01,CUST0197,Priya Bose,South,Hyderabad,Home & Kitchen,Non-Stick Cookware Set,12004.73,1,0.0,12004.73,0.0,12004.73,Net Banking,False,4.0
ORD105999,2025-12-02,CUST0302,Ramesh Chopra,West,Mumbai,Beauty & Personal Care,Hair Dryer,1036.09,1,20.0,1036.09,207.22,828.87,UPI,False,1.0
ORD103150,2025-12-02,CUST0804,Ishaan Rao,West,Mumbai,Home & Kitchen,Non-Stick Cookware Set,13316.4,1,0.0,13316.4,0.0,13316.4,Debit Card,False,1.0
ORD103268,2025-12-02,CUST0397,Deepak Verma,East,Patna,Electronics,Wireless Earbuds,37033.02,1,5.0,37033.02,1851.65,35181.37,Net Banking,False,5.0
ORD105064,2025-12-02,CUST0154,Pooja Kapoor,North,Chandigarh,Fashion,Denim Jacket,3493.16,1,0.0,3493.16,0.0,3493.16,Credit Card,False,3.0
ORD104968,2025-12-02,CUST0845,Sanjay Kumar,North,Lucknow,Electronics,Wireless Earbuds,6388.85,2,10.0,12777.7,1277.77,11499.93,UPI,False,5.0
ORD103356,2025-12-02,CUST0362,Karthik Rao,West,Surat,Home & Kitchen,Water Purifier,9923.06,3,10.0,29769.18,2976.92,26792.26,UPI,False,4.0
ORD101639,2025-12-02,CUST0813,Karthik Iyer,East,Kolkata,Beauty & Personal Care,Hair Dryer,1985.89,1,15.0,1985.89,297.88,1688.01,Credit Card,False,5.0
ORD105797,2025-12-02,CUST0035,Rahul Bose,North,Lucknow,Sports & Fitness,Fitness Band,4950.91,1,0.0,4950.91,0.0,4950.91,UPI,False,2.0
ORD102990,2025-12-02,CUST0008,Vikram Pillai,West,Mumbai,Electronics,Bluetooth Speaker,8413.49,1,0.0,8413.49,0.0,8413.49,UPI,False,5.0
ORD104756,2025-12-02,CUST0236,Zara Bose,South,Kochi,Beauty & Personal Care,Trimmer,610.89,1,15.0,610.89,91.63,519.26,UPI,False,2.0
ORD105185,2025-12-02,CUST0563,Sneha Pillai,West,Mumbai,Home & Kitchen,Vacuum Cleaner,11418.99,1,0.0,11418.99,0.0,11418.99,Net Banking,False,3.0
ORD105190,2025-12-02,CUST0643,Sneha Chopra,West,Mumbai,Sports & Fitness,Resistance Bands,430.99,1,20.0,430.99,86.2,344.79,UPI,False,4.0
ORD104983,2025-12-03,CUST0755,Naveen Kapoor,North,Lucknow,Sports & Fitness,Fitness Band,3507.64,1,0.0,3507.64,0.0,3507.64,UPI,False,3.0
ORD101114,2025-12-03,CUST0760,Manisha Kapoor,North,Lucknow,Sports & Fitness,Yoga Mat,3969.97,1,0.0,3969.97,0.0,3969.97,UPI,False,4.0
ORD102852,2025-12-03,CUST0209,Vivaan Das,North,Lucknow,Home & Kitchen,Air Fryer,12066.68,1,0.0,12066.68,0.0,12066.68,Credit Card,False,4.0
ORD102814,2025-12-03,CUST0373,Divya Desai,West,Mumbai,Fashion,Sunglasses,2369.47,1,0.0,2369.47,0.0,2369.47,Net Banking,False,3.0
ORD101640,2025-12-03,CUST0440,Divya Sharma,North,Chandigarh,Beauty & Personal Care,Face Serum,2635.98,1,0.0,2635.98,0.0,2635.98,UPI,False,3.0
ORD102032,2025-12-03,CUST0535,Aditya Kumar,North,Jaipur,Electronics,Laptop,46150.45,2,5.0,92300.9,4615.04,87685.86,UPI,False,4.0
ORD102749,2025-12-03,CUST0485,Rohan Singh,West,Ahmedabad,Beauty & Personal Care,Perfume,3336.4,1,0.0,3336.4,0.0,3336.4,UPI,False,3.0
ORD103695,2025-12-03,CUST0687,Diya Kumar,South,Chennai,Sports & Fitness,Resistance Bands,7818.22,2,0.0,15636.44,0.0,15636.44,UPI,False,4.0
ORD102403,2025-12-03,CUST0009,Sanjay Rao,South,Hyderabad,Home & Kitchen,Non-Stick Cookware Set,14424.22,3,20.0,43272.66,8654.53,34618.13,Credit Card,False,3.0
ORD104731,2025-12-03,CUST0464,Ramesh Sharma,West,Surat,Sports & Fitness,Dumbbell Set,4706.36,1,5.0,4706.36,235.32,4471.04,Credit Card,False,2.0
ORD102340,2025-12-04,CUST0639,Vihaan Chopra,West,Pune,Electronics,Bluetooth Speaker,11056.03,1,25.0,11056.03,2764.01,8292.02,UPI,False,5.0
ORD104541,2025-12-04,CUST0841,Rahul Kapoor,West,Surat,Sports & Fitness,Fitness Band,3644.53,1,0.0,3644.53,0.0,3644.53,UPI,True,5.0
ORD101469,2025-12-04,CUST0161,Deepak Iyer,West,Pune,Home & Kitchen,Air Fryer,13963.24,1,25.0,13963.24,3490.81,10472.43,UPI,False,4.0
ORD104550,2025-12-04,CUST0208,Vikram Bose,East,Kolkata,Beauty & Personal Care,Hair Dryer,1904.97,1,10.0,1904.97,190.5,1714.47,Credit Card,False,5.0
ORD101615,2025-12-04,CUST0284,Lakshmi Nair,West,Pune,Beauty & Personal Care,Trimmer,1013.34,3,0.0,3040.02,0.0,3040.02,Net Banking,False,4.0
ORD102131,2025-12-04,CUST0259,Isha Singh,East,Patna,Fashion,Wrist Watch,4093.19,2,0.0,8186.38,0.0,8186.38,Credit Card,False,2.0
ORD102524,2025-12-04,CUST0396,Lakshmi Rao,North,Lucknow,Sports & Fitness,Resistance Bands,1535.84,1,15.0,1535.84,230.38,1305.46,Net Banking,False,5.0
ORD105416,2025-12-04,CUST0060,Deepak Kumar,East,Guwahati,Home & Kitchen,Water Purifier,5680.6,1,0.0,5680.6,0.0,5680.6,Credit Card,False,5.0
ORD103499,2025-12-04,CUST0715,Kiran Verma,South,Bengaluru,Beauty & Personal Care,Skincare Kit,2534.97,1,5.0,2534.97,126.75,2408.22,UPI,False,4.0
ORD102623,2025-12-05,CUST0406,Vikram Rao,North,Lucknow,Home & Kitchen,Vacuum Cleaner,12531.11,1,5.0,12531.11,626.56,11904.55,Net Banking,False,5.0
ORD101932,2025-12-05,CUST0283,Rahul Menon,East,Kolkata,Sports & Fitness,Dumbbell Set,2602.92,1,20.0,2602.92,520.58,2082.34,Credit Card,False,5.0
ORD102297,2025-12-05,CUST0035,Rahul Bose,North,Lucknow,Home & Kitchen,Non-Stick Cookware Set,9051.17,1,0.0,9051.17,0.0,9051.17,UPI,False,3.0
ORD105767,2025-12-05,CUST0813,Karthik Iyer,East,Kolkata,Beauty & Personal Care,Hair Dryer,1478.47,1,0.0,1478.47,0.0,1478.47,UPI,False,5.0
ORD105764,2025-12-06,CUST0258,Reyansh Malhotra,West,Mumbai,Sports & Fitness,Resistance Bands,2679.36,1,10.0,2679.36,267.94,2411.42,Credit Card,False,5.0
ORD105073,2025-12-06,CUST0356,Vihaan Singh,West,Pune,Electronics,Bluetooth Speaker,25348.89,2,0.0,50697.78,0.0,50697.78,Cash on Delivery,False,4.0
ORD105434,2025-12-06,CUST0367,Manish Patel,North,Delhi,Sports & Fitness,Yoga Mat,2124.7,2,0.0,4249.4,0.0,4249.4,Cash on Delivery,False,5.0
ORD105888,2025-12-06,CUST0138,Naveen Kapoor,East,Guwahati,Fashion,Denim Jacket,4123.9,1,0.0,4123.9,0.0,4123.9,Debit Card,False,5.0
ORD104695,2025-12-06,CUST0287,Kavya Kapoor,South,Hyderabad,Beauty & Personal Care,Face Serum,384.11,1,0.0,384.11,0.0,384.11,UPI,False,2.0
ORD100794,2025-12-06,CUST0790,Pooja Kapoor,West,Mumbai,Beauty & Personal Care,Perfume,3016.69,1,10.0,3016.69,301.67,2715.02,UPI,False,3.0
ORD102499,2025-12-06,CUST0039,Aarav Gupta,East,Bhubaneswar,Beauty & Personal Care,Perfume,544.49,1,10.0,544.49,54.45,490.04,UPI,False,4.0
ORD101623,2025-12-07,CUST0209,Vivaan Das,North,Lucknow,Fashion,Running Shoes,4206.83,1,25.0,4206.83,1051.71,3155.12,Debit Card,False,4.0
ORD104916,2025-12-07,CUST0244,Tara Kapoor,South,Chennai,Fashion,Denim Jacket,2431.94,2,5.0,4863.88,243.19,4620.69,Credit Card,False,4.0
ORD102307,2025-12-07,CUST0676,Divya Mukherjee,East,Patna,Fashion,Backpack,5575.16,1,10.0,5575.16,557.52,5017.64,Cash on Delivery,True,5.0
ORD100016,2025-12-07,CUST0237,Anil Chopra,South,Bengaluru,Fashion,Denim Jacket,3481.97,1,10.0,3481.97,348.2,3133.77,UPI,False,2.0
ORD104785,2025-12-07,CUST0685,Aditya Patel,North,Lucknow,Electronics,Wireless Earbuds,25479.37,1,0.0,25479.37,0.0,25479.37,Credit Card,False,3.0
ORD105464,2025-12-07,CUST0034,Kavya Singh,North,Lucknow,Electronics,Wireless Earbuds,18948.76,1,10.0,18948.76,1894.88,17053.88,Net Banking,False,5.0
ORD102879,2025-12-08,CUST0348,Rohan Das,North,Lucknow,Sports & Fitness,Resistance Bands,1493.6,1,0.0,1493.6,0.0,1493.6,UPI,False,4.0
ORD103136,2025-12-08,CUST0685,Aditya Patel,North,Lucknow,Fashion,Wrist Watch,4954.08,1,0.0,4954.08,0.0,4954.08,Credit Card,False,4.0
ORD102717,2025-12-08,CUST0285,Divya Joshi,North,Jaipur,Home & Kitchen,Non-Stick Cookware Set,1941.58,1,5.0,1941.58,97.08,1844.5,Credit Card,False,4.0
ORD105415,2025-12-08,CUST0418,Shreya Desai,South,Kochi,Beauty & Personal Care,Trimmer,757.49,1,25.0,757.49,189.37,568.12,Net Banking,False,5.0
ORD101685,2025-12-08,CUST0220,Vivaan Joshi,North,Chandigarh,Electronics,Smartwatch,13938.35,1,5.0,13938.35,696.92,13241.43,Net Banking,False,5.0
ORD101984,2025-12-08,CUST0069,Karthik Verma,South,Hyderabad,Electronics,Bluetooth Speaker,40560.77,1,5.0,40560.77,2028.04,38532.73,Credit Card,False,4.0
ORD101925,2025-12-08,CUST0424,Aditya Sharma,East,Guwahati,Electronics,Smartwatch,51374.98,1,15.0,51374.98,7706.25,43668.73,Cash on Delivery,False,3.0
ORD104213,2025-12-08,CUST0406,Vikram Rao,North,Lucknow,Home & Kitchen,Vacuum Cleaner,6942.04,1,0.0,6942.04,0.0,6942.04,Credit Card,False,3.0
ORD103853,2025-12-09,CUST0413,Ananya Singh,East,Bhubaneswar,Home & Kitchen,Mixer Grinder,11938.34,1,10.0,11938.34,1193.83,10744.51,Credit Card,False,4.0
ORD101551,2025-12-10,CUST0510,Anil Menon,East,Guwahati,Sports & Fitness,Cycling Helmet,2649.99,1,0.0,2649.99,0.0,2649.99,UPI,False,4.0
ORD101429,2025-12-10,CUST0284,Lakshmi Nair,West,Pune,Electronics,Bluetooth Speaker,2245.48,3,0.0,6736.44,0.0,6736.44,Net Banking,False,5.0
ORD104545,2025-12-10,CUST0470,Vihaan Verma,South,Kochi,Beauty & Personal Care,Perfume,2424.96,1,15.0,2424.96,363.74,2061.22,Credit Card,False,4.0
ORD102216,2025-12-10,CUST0454,Suresh Kapoor,West,Mumbai,Fashion,Denim Jacket,3659.44,3,10.0,10978.32,1097.83,9880.49,UPI,False,5.0
ORD101766,2025-12-10,CUST0773,Reyansh Das,West,Ahmedabad,Fashion,Denim Jacket,3848.11,2,0.0,7696.22,0.0,7696.22,Net Banking,False,5.0
ORD101235,2025-12-10,CUST0415,Arjun Rao,North,Chandigarh,Home & Kitchen,Non-Stick Cookware Set,8847.59,1,0.0,8847.59,0.0,8847.59,UPI,False,2.0
ORD100288,2025-12-10,CUST0813,Karthik Iyer,East,Kolkata,Fashion,Wrist Watch,1814.91,1,5.0,1814.91,90.75,1724.16,UPI,False,5.0
ORD103803,2025-12-10,CUST0142,Riya Pillai,South,Kochi,Sports & Fitness,Resistance Bands,2079.14,3,0.0,6237.42,0.0,6237.42,Credit Card,False,4.0
ORD101613,2025-12-10,CUST0791,Priya Desai,North,Delhi,Fashion,Backpack,2467.16,1,0.0,2467.16,0.0,2467.16,Credit Card,False,4.0
ORD100447,2025-12-11,CUST0673,Suresh Das,East,Guwahati,Sports & Fitness,Fitness Band,3402.25,2,0.0,6804.5,0.0,6804.5,Credit Card,False,2.0
ORD103105,2025-12-11,CUST0084,Lakshmi Das,North,Chandigarh,Home & Kitchen,Air Fryer,3391.09,1,0.0,3391.09,0.0,3391.09,UPI,False,5.0
ORD104311,2025-12-11,CUST0591,Deepak Menon,West,Mumbai,Sports & Fitness,Cycling Helmet,1347.12,2,15.0,2694.24,404.14,2290.1,UPI,False,4.0
ORD104067,2025-12-11,CUST0052,Swati Iyer,West,Mumbai,Sports & Fitness,Yoga Mat,2742.8,1,5.0,2742.8,137.14,2605.66,Debit Card,False,3.0
ORD101222,2025-12-11,CUST0683,Lakshmi Verma,East,Bhubaneswar,Sports & Fitness,Resistance Bands,2340.35,1,5.0,2340.35,117.02,2223.33,Debit Card,False,2.0
ORD100668,2025-12-11,CUST0703,Shreya Rao,West,Surat,Home & Kitchen,Water Purifier,9559.02,1,0.0,9559.02,0.0,9559.02,Debit Card,False,5.0
ORD100899,2025-12-11,CUST0557,Ananya Kumar,East,Kolkata,Electronics,Wireless Earbuds,53876.23,1,10.0,53876.23,5387.62,48488.61,UPI,False,3.0
ORD102028,2025-12-11,CUST0544,Krishna Verma,West,Mumbai,Home & Kitchen,Mixer Grinder,7838.64,1,20.0,7838.64,1567.73,6270.91,UPI,False,3.0
ORD105404,2025-12-11,CUST0802,Swati Menon,South,Hyderabad,Sports & Fitness,Yoga Mat,2269.41,1,0.0,2269.41,0.0,2269.41,UPI,False,5.0
ORD103676,2025-12-11,CUST0434,Vikram Rao,West,Mumbai,Beauty & Personal Care,Face Serum,2176.4,1,15.0,2176.4,326.46,1849.94,UPI,False,4.0
ORD100520,2025-12-11,CUST0242,Naveen Malhotra,West,Pune,Sports & Fitness,Dumbbell Set,4399.08,1,20.0,4399.08,879.82,3519.26,UPI,False,5.0
ORD101381,2025-12-12,CUST0788,Vikram Patel,North,Delhi,Beauty & Personal Care,Perfume,3233.65,1,0.0,3233.65,0.0,3233.65,UPI,False,5.0
ORD104707,2025-12-12,CUST0606,Swati Kumar,South,Chennai,Beauty & Personal Care,Perfume,406.01,1,0.0,406.01,0.0,406.01,Debit Card,False,5.0
ORD103580,2025-12-12,CUST0118,Ananya Das,South,Chennai,Fashion,Sunglasses,2452.06,2,20.0,4904.12,980.82,3923.3,UPI,False,3.0
ORD100856,2025-12-12,CUST0656,Lakshmi Bose,West,Mumbai,Electronics,Smartwatch,54906.87,1,0.0,54906.87,0.0,54906.87,UPI,False,4.0
ORD105801,2025-12-12,CUST0458,Swati Singh,West,Ahmedabad,Fashion,Running Shoes,3462.39,1,25.0,3462.39,865.6,2596.79,Net Banking,False,4.0
ORD103294,2025-12-12,CUST0826,Divya Kapoor,West,Ahmedabad,Home & Kitchen,Vacuum Cleaner,12852.61,1,0.0,12852.61,0.0,12852.61,Cash on Delivery,False,2.0
ORD104929,2025-12-12,CUST0046,Naveen Gupta,West,Surat,Electronics,Smartphone,37374.29,1,0.0,37374.29,0.0,37374.29,Cash on Delivery,False,4.0
ORD105718,2025-12-13,CUST0247,Anil Desai,North,Chandigarh,Home & Kitchen,Non-Stick Cookware Set,12759.89,1,10.0,12759.89,1275.99,11483.9,UPI,False,5.0
ORD101676,2025-12-13,CUST0345,Riya Reddy,East,Bhubaneswar,Home & Kitchen,Water Purifier,3625.63,1,20.0,3625.63,725.13,2900.5,Credit Card,False,4.0
ORD102330,2025-12-13,CUST0020,Ishaan Verma,East,Bhubaneswar,Home & Kitchen,Air Fryer,5614.74,1,10.0,5614.74,561.47,5053.27,Cash on Delivery,False,4.0
ORD105897,2025-12-13,CUST0410,Sai Das,North,Chandigarh,Electronics,Smartphone,9123.63,1,0.0,9123.63,0.0,9123.63,UPI,False,5.0
ORD104819,2025-12-13,CUST0017,Reyansh Patel,West,Mumbai,Electronics,Bluetooth Speaker,37689.15,1,0.0,37689.15,0.0,37689.15,Credit Card,False,5.0
ORD101223,2025-12-13,CUST0139,Shreya Reddy,South,Bengaluru,Beauty & Personal Care,Hair Dryer,1633.79,1,0.0,1633.79,0.0,1633.79,Net Banking,False,4.0
ORD102849,2025-12-13,CUST0438,Ishaan Verma,West,Ahmedabad,Sports & Fitness,Resistance Bands,6900.37,2,15.0,13800.74,2070.11,11730.63,Net Banking,False,5.0
ORD102180,2025-12-14,CUST0473,Manisha Chopra,South,Hyderabad,Fashion,Wrist Watch,973.74,1,10.0,973.74,97.37,876.37,Credit Card,False,5.0
ORD101718,2025-12-14,CUST0387,Anil Das,East,Patna,Sports & Fitness,Fitness Band,5618.83,1,0.0,5618.83,0.0,5618.83,Debit Card,False,1.0
ORD102396,2025-12-14,CUST0618,Priya Rao,North,Jaipur,Beauty & Personal Care,Perfume,651.94,1,10.0,651.94,65.19,586.75,Net Banking,False,4.0
ORD100355,2025-12-14,CUST0474,Neha Kapoor,South,Bengaluru,Fashion,Denim Jacket,2502.11,1,5.0,2502.11,125.11,2377.0,UPI,False,4.0
ORD100245,2025-12-14,CUST0126,Kiran Sharma,East,Bhubaneswar,Sports & Fitness,Resistance Bands,1924.75,1,0.0,1924.75,0.0,1924.75,Net Banking,False,3.0
ORD100302,2025-12-14,CUST0009,Sanjay Rao,South,Hyderabad,Beauty & Personal Care,Trimmer,2142.66,3,5.0,6427.98,321.4,6106.58,Net Banking,False,5.0
ORD104427,2025-12-14,CUST0781,Sanjay Mukherjee,West,Surat,Fashion,Denim Jacket,5816.81,1,5.0,5816.81,290.84,5525.97,Credit Card,False,4.0
ORD105223,2025-12-14,CUST0816,Suresh Pillai,North,Chandigarh,Beauty & Personal Care,Face Serum,3468.53,1,0.0,3468.53,0.0,3468.53,Credit Card,False,4.0
ORD102504,2025-12-14,CUST0687,Diya Kumar,South,Chennai,Sports & Fitness,Fitness Band,5217.12,1,10.0,5217.12,521.71,4695.41,Net Banking,False,5.0
ORD104676,2025-12-15,CUST0371,Riya Nair,East,Bhubaneswar,Fashion,Sunglasses,4702.7,1,10.0,4702.7,470.27,4232.43,Cash on Delivery,False,5.0
ORD101461,2025-12-15,CUST0597,Shreya Nair,North,Lucknow,Sports & Fitness,Resistance Bands,7876.25,1,0.0,7876.25,0.0,7876.25,Credit Card,True,2.0
ORD104367,2025-12-15,CUST0538,Suresh Mukherjee,West,Pune,Electronics,Laptop,48616.88,1,0.0,48616.88,0.0,48616.88,UPI,False,2.0
ORD102934,2025-12-15,CUST0438,Ishaan Verma,West,Ahmedabad,Sports & Fitness,Fitness Band,2541.23,2,10.0,5082.46,508.25,4574.21,UPI,False,5.0
ORD103573,2025-12-15,CUST0322,Riya Malhotra,East,Guwahati,Fashion,Backpack,3988.74,1,5.0,3988.74,199.44,3789.3,UPI,False,5.0
ORD102147,2025-12-15,CUST0535,Aditya Kumar,North,Jaipur,Electronics,Smartwatch,19851.94,1,0.0,19851.94,0.0,19851.94,Credit Card,False,4.0
ORD104610,2025-12-15,CUST0486,Manisha Rao,South,Chennai,Fashion,Running Shoes,1409.43,1,5.0,1409.43,70.47,1338.96,UPI,False,4.0
ORD102855,2025-12-15,CUST0552,Shreya Joshi,South,Hyderabad,Electronics,Smartphone,24081.94,1,10.0,24081.94,2408.19,21673.75,Net Banking,False,5.0
ORD105774,2025-12-15,CUST0624,Priya Gupta,West,Ahmedabad,Beauty & Personal Care,Face Serum,3356.38,1,5.0,3356.38,167.82,3188.56,Credit Card,False,5.0
ORD100251,2025-12-15,CUST0744,Ananya Verma,North,Delhi,Electronics,Wireless Earbuds,52862.33,1,15.0,52862.33,7929.35,44932.98,UPI,False,5.0
ORD105474,2025-12-15,CUST0039,Aarav Gupta,East,Bhubaneswar,Fashion,Denim Jacket,1641.28,1,15.0,1641.28,246.19,1395.09,UPI,False,4.0
ORD100685,2025-12-15,CUST0609,Lakshmi Pillai,North,Chandigarh,Electronics,Smartwatch,10260.35,1,0.0,10260.35,0.0,10260.35,UPI,False,2.0
ORD104871,2025-12-15,CUST0019,Vihaan Malhotra,North,Lucknow,Fashion,Backpack,1511.2,1,0.0,1511.2,0.0,1511.2,Credit Card,False,4.0
ORD101759,2025-12-16,CUST0638,Nisha Kapoor,East,Kolkata,Beauty & Personal Care,Hair Dryer,3420.32,1,10.0,3420.32,342.03,3078.29,Credit Card,False,3.0
ORD100412,2025-12-16,CUST0087,Naveen Reddy,South,Chennai,Fashion,Backpack,2688.95,2,10.0,5377.9,537.79,4840.11,Net Banking,False,5.0
ORD104716,2025-12-16,CUST0472,Rohan Sharma,South,Bengaluru,Electronics,Smartphone,22091.79,1,5.0,22091.79,1104.59,20987.2,Debit Card,False,4.0
ORD101055,2025-12-16,CUST0637,Swati Pillai,North,Jaipur,Home & Kitchen,Non-Stick Cookware Set,7157.42,1,0.0,7157.42,0.0,7157.42,UPI,False,3.0
ORD105677,2025-12-16,CUST0127,Vihaan Sharma,West,Ahmedabad,Sports & Fitness,Dumbbell Set,7022.21,1,0.0,7022.21,0.0,7022.21,Net Banking,False,5.0
ORD100003,2025-12-16,CUST0734,Diya Das,North,Delhi,Beauty & Personal Care,Skincare Kit,1605.78,2,0.0,3211.56,0.0,3211.56,Credit Card,False,5.0
ORD104198,2025-12-16,CUST0290,Suresh Menon,South,Chennai,Fashion,Running Shoes,3722.17,2,25.0,7444.34,1861.08,5583.26,Credit Card,False,5.0
ORD101666,2025-12-17,CUST0517,Ramesh Menon,West,Pune,Fashion,Wrist Watch,2808.92,1,5.0,2808.92,140.45,2668.47,UPI,False,1.0
ORD105427,2025-12-17,CUST0812,Vihaan Rao,West,Pune,Sports & Fitness,Fitness Band,339.17,1,0.0,339.17,0.0,339.17,UPI,False,2.0
ORD103277,2025-12-17,CUST0160,Nisha Kumar,East,Bhubaneswar,Sports & Fitness,Dumbbell Set,1602.39,1,0.0,1602.39,0.0,1602.39,Cash on Delivery,False,4.0
ORD100461,2025-12-17,CUST0249,Suresh Bose,South,Bengaluru,Electronics,Smartphone,22472.79,2,5.0,44945.58,2247.28,42698.3,UPI,False,2.0
ORD103646,2025-12-17,CUST0351,Vivaan Chopra,North,Delhi,Electronics,Smartphone,11633.49,1,0.0,11633.49,0.0,11633.49,Debit Card,False,4.0
ORD103564,2025-12-17,CUST0461,Aditya Gupta,North,Delhi,Sports & Fitness,Resistance Bands,4425.17,1,10.0,4425.17,442.52,3982.65,Net Banking,False,4.0
ORD104598,2025-12-18,CUST0406,Vikram Rao,North,Lucknow,Fashion,Backpack,2006.01,1,5.0,2006.01,100.3,1905.71,UPI,False,4.0
ORD105317,2025-12-18,CUST0130,Reyansh Iyer,South,Bengaluru,Sports & Fitness,Cycling Helmet,1422.3,1,25.0,1422.3,355.58,1066.72,UPI,False,3.0
ORD101297,2025-12-18,CUST0787,Karthik Joshi,North,Chandigarh,Sports & Fitness,Resistance Bands,2372.48,1,0.0,2372.48,0.0,2372.48,Net Banking,False,5.0
ORD101960,2025-12-18,CUST0293,Krishna Rao,West,Surat,Electronics,Wireless Earbuds,8372.46,1,5.0,8372.46,418.62,7953.84,Net Banking,False,5.0
ORD101897,2025-12-18,CUST0675,Zara Das,North,Delhi,Beauty & Personal Care,Face Serum,1414.86,1,15.0,1414.86,212.23,1202.63,Credit Card,True,4.0
ORD103854,2025-12-18,CUST0556,Arjun Desai,North,Chandigarh,Home & Kitchen,Mixer Grinder,5781.52,2,0.0,11563.04,0.0,11563.04,Credit Card,False,4.0
ORD103702,2025-12-18,CUST0508,Deepak Patel,West,Ahmedabad,Sports & Fitness,Resistance Bands,3616.85,1,0.0,3616.85,0.0,3616.85,Net Banking,False,4.0
ORD105699,2025-12-18,CUST0284,Lakshmi Nair,West,Pune,Beauty & Personal Care,Trimmer,2763.4,1,20.0,2763.4,552.68,2210.72,UPI,False,4.0
ORD100414,2025-12-18,CUST0128,Kavya Bose,North,Lucknow,Electronics,Smartwatch,53833.91,1,5.0,53833.91,2691.7,51142.21,UPI,False,5.0
ORD101786,2025-12-19,CUST0285,Divya Joshi,North,Jaipur,Fashion,Wrist Watch,1595.66,1,0.0,1595.66,0.0,1595.66,Credit Card,False,4.0
ORD103299,2025-12-19,CUST0018,Nisha Mukherjee,West,Surat,Electronics,Wireless Earbuds,43234.25,1,20.0,43234.25,8646.85,34587.4,Debit Card,False,5.0
ORD101662,2025-12-19,CUST0059,Meera Kapoor,West,Pune,Beauty & Personal Care,Face Serum,2298.18,1,0.0,2298.18,0.0,2298.18,Debit Card,False,5.0
ORD102987,2025-12-19,CUST0384,Naveen Kumar,North,Jaipur,Home & Kitchen,Vacuum Cleaner,9380.31,1,0.0,9380.31,0.0,9380.31,UPI,False,3.0
ORD103415,2025-12-19,CUST0485,Rohan Singh,West,Ahmedabad,Sports & Fitness,Dumbbell Set,4793.51,1,0.0,4793.51,0.0,4793.51,UPI,False,4.0
ORD101069,2025-12-19,CUST0319,Suresh Reddy,South,Bengaluru,Home & Kitchen,Mixer Grinder,5722.62,1,0.0,5722.62,0.0,5722.62,UPI,False,5.0
ORD102052,2025-12-19,CUST0077,Sai Singh,East,Kolkata,Beauty & Personal Care,Hair Dryer,548.75,1,0.0,548.75,0.0,548.75,Cash on Delivery,False,4.0
ORD104430,2025-12-19,CUST0438,Ishaan Verma,West,Ahmedabad,Fashion,Sunglasses,4738.04,1,15.0,4738.04,710.71,4027.33,UPI,False,3.0
ORD100497,2025-12-19,CUST0660,Vikram Nair,South,Chennai,Fashion,Wrist Watch,4351.47,1,15.0,4351.47,652.72,3698.75,UPI,False,4.0
ORD105329,2025-12-19,CUST0547,Priya Nair,South,Kochi,Electronics,Bluetooth Speaker,42083.64,2,25.0,84167.28,21041.82,63125.46,Credit Card,False,1.0
ORD102873,2025-12-20,CUST0772,Meera Malhotra,South,Bengaluru,Home & Kitchen,Water Purifier,14787.12,2,5.0,29574.24,1478.71,28095.53,UPI,False,4.0
ORD103064,2025-12-20,CUST0651,Zara Reddy,South,Kochi,Home & Kitchen,Air Fryer,7461.06,2,0.0,14922.12,0.0,14922.12,Debit Card,False,5.0
ORD101416,2025-12-20,CUST0489,Diya Chopra,West,Ahmedabad,Sports & Fitness,Dumbbell Set,375.93,1,5.0,375.93,18.8,357.13,Net Banking,False,3.0
ORD101330,2025-12-20,CUST0781,Sanjay Mukherjee,West,Surat,Beauty & Personal Care,Trimmer,2992.0,1,10.0,2992.0,299.2,2692.8,Debit Card,False,3.0
ORD105700,2025-12-21,CUST0702,Manish Chopra,West,Surat,Beauty & Personal Care,Trimmer,889.69,1,10.0,889.69,88.97,800.72,Credit Card,False,4.0
ORD103669,2025-12-21,CUST0445,Rahul Reddy,West,Mumbai,Electronics,Smartphone,2344.22,1,0.0,2344.22,0.0,2344.22,Credit Card,False,5.0
ORD102758,2025-12-21,CUST0707,Isha Menon,West,Pune,Beauty & Personal Care,Trimmer,1445.27,1,10.0,1445.27,144.53,1300.74,Net Banking,False,5.0
ORD102471,2025-12-21,CUST0752,Karthik Menon,North,Lucknow,Home & Kitchen,Water Purifier,5209.36,2,0.0,10418.72,0.0,10418.72,UPI,False,4.0
ORD101547,2025-12-21,CUST0537,Sneha Sharma,West,Surat,Fashion,Sunglasses,5172.46,1,10.0,5172.46,517.25,4655.21,Debit Card,False,4.0
ORD104031,2025-12-21,CUST0564,Divya Desai,South,Bengaluru,Beauty & Personal Care,Hair Dryer,2144.57,1,0.0,2144.57,0.0,2144.57,Debit Card,False,4.0
ORD103572,2025-12-21,CUST0320,Lakshmi Kumar,East,Guwahati,Beauty & Personal Care,Face Serum,1375.73,1,15.0,1375.73,206.36,1169.37,Credit Card,False,5.0
ORD101454,2025-12-21,CUST0258,Reyansh Malhotra,West,Mumbai,Home & Kitchen,Water Purifier,8193.88,2,0.0,16387.76,0.0,16387.76,UPI,False,1.0
ORD105553,2025-12-21,CUST0042,Riya Singh,North,Chandigarh,Electronics,Laptop,44670.2,1,0.0,44670.2,0.0,44670.2,UPI,False,4.0
ORD101028,2025-12-22,CUST0050,Suresh Reddy,East,Kolkata,Sports & Fitness,Dumbbell Set,7831.78,1,0.0,7831.78,0.0,7831.78,UPI,False,3.0
ORD100673,2025-12-22,CUST0813,Karthik Iyer,East,Kolkata,Home & Kitchen,Air Fryer,8960.12,1,0.0,8960.12,0.0,8960.12,UPI,False,2.0
ORD104177,2025-12-22,CUST0343,Vikram Kapoor,East,Patna,Sports & Fitness,Yoga Mat,4804.74,3,0.0,14414.22,0.0,14414.22,UPI,False,1.0
ORD100417,2025-12-22,CUST0567,Rohan Malhotra,East,Guwahati,Fashion,Sunglasses,3526.95,2,0.0,7053.9,0.0,7053.9,UPI,False,5.0
ORD105118,2025-12-22,CUST0176,Vihaan Rao,North,Jaipur,Electronics,Bluetooth Speaker,31487.94,1,0.0,31487.94,0.0,31487.94,Debit Card,False,5.0
ORD101476,2025-12-22,CUST0759,Aditya Sharma,East,Patna,Fashion,Wrist Watch,3846.67,1,0.0,3846.67,0.0,3846.67,UPI,False,4.0
ORD101690,2025-12-22,CUST0808,Krishna Mukherjee,West,Surat,Sports & Fitness,Yoga Mat,4824.38,1,20.0,4824.38,964.88,3859.5,UPI,False,5.0
ORD105287,2025-12-22,CUST0394,Krishna Singh,South,Chennai,Home & Kitchen,Vacuum Cleaner,3724.05,1,5.0,3724.05,186.2,3537.85,Debit Card,False,5.0
ORD104192,2025-12-22,CUST0468,Shreya Reddy,West,Mumbai,Electronics,Smartphone,47774.57,3,0.0,143323.71,0.0,143323.71,UPI,False,4.0
ORD105902,2025-12-22,CUST0323,Ishaan Malhotra,East,Patna,Sports & Fitness,Yoga Mat,1870.16,1,5.0,1870.16,93.51,1776.65,UPI,False,1.0
ORD104885,2025-12-22,CUST0017,Reyansh Patel,West,Mumbai,Home & Kitchen,Non-Stick Cookware Set,14313.84,2,5.0,28627.68,1431.38,27196.3,Credit Card,False,3.0
ORD101080,2025-12-23,CUST0062,Pooja Gupta,South,Kochi,Electronics,Smartphone,35358.38,1,15.0,35358.38,5303.76,30054.62,Net Banking,False,3.0
ORD101877,2025-12-23,CUST0334,Lakshmi Malhotra,South,Kochi,Sports & Fitness,Resistance Bands,4471.1,1,10.0,4471.1,447.11,4023.99,UPI,False,5.0
ORD102578,2025-12-23,CUST0510,Anil Menon,East,Guwahati,Home & Kitchen,Air Fryer,12198.0,1,0.0,12198.0,0.0,12198.0,Debit Card,False,5.0
ORD100244,2025-12-23,CUST0017,Reyansh Patel,West,Mumbai,Home & Kitchen,Vacuum Cleaner,13520.91,3,5.0,40562.73,2028.14,38534.59,Cash on Delivery,False,4.0
ORD104447,2025-12-23,CUST0796,Isha Sharma,South,Bengaluru,Sports & Fitness,Dumbbell Set,7092.88,1,5.0,7092.88,354.64,6738.24,Net Banking,False,5.0
ORD104861,2025-12-23,CUST0307,Rohan Mukherjee,South,Kochi,Beauty & Personal Care,Face Serum,1776.99,2,0.0,3553.98,0.0,3553.98,UPI,False,4.0
ORD105572,2025-12-23,CUST0590,Kiran Joshi,East,Patna,Sports & Fitness,Resistance Bands,1522.51,1,0.0,1522.51,0.0,1522.51,Cash on Delivery,False,1.0
ORD104118,2025-12-23,CUST0258,Reyansh Malhotra,West,Mumbai,Beauty & Personal Care,Face Serum,1620.49,1,0.0,1620.49,0.0,1620.49,Net Banking,False,5.0
ORD102169,2025-12-24,CUST0211,Vikram Pillai,East,Kolkata,Beauty & Personal Care,Perfume,2985.96,1,0.0,2985.96,0.0,2985.96,Credit Card,False,5.0
ORD102741,2025-12-24,CUST0342,Manisha Sharma,East,Patna,Sports & Fitness,Resistance Bands,1954.76,1,5.0,1954.76,97.74,1857.02,Debit Card,False,4.0
ORD100326,2025-12-24,CUST0544,Krishna Verma,West,Mumbai,Home & Kitchen,Water Purifier,13826.97,1,0.0,13826.97,0.0,13826.97,Cash on Delivery,False,5.0
ORD101438,2025-12-24,CUST0560,Zara Reddy,South,Chennai,Electronics,Wireless Earbuds,48715.27,1,0.0,48715.27,0.0,48715.27,Debit Card,False,5.0
ORD100162,2025-12-24,CUST0126,Kiran Sharma,East,Bhubaneswar,Beauty & Personal Care,Face Serum,2834.69,1,0.0,2834.69,0.0,2834.69,UPI,False,4.0
ORD104497,2025-12-24,CUST0367,Manish Patel,North,Delhi,Fashion,Running Shoes,2176.41,1,0.0,2176.41,0.0,2176.41,Cash on Delivery,False,2.0
ORD104646,2025-12-24,CUST0276,Nisha Sharma,North,Jaipur,Beauty & Personal Care,Face Serum,1472.04,2,10.0,2944.08,294.41,2649.67,Debit Card,False,5.0
ORD104652,2025-12-24,CUST0820,Krishna Joshi,East,Bhubaneswar,Home & Kitchen,Vacuum Cleaner,7553.67,1,0.0,7553.67,0.0,7553.67,UPI,False,3.0
ORD104111,2025-12-24,CUST0441,Swati Singh,North,Lucknow,Beauty & Personal Care,Skincare Kit,695.1,1,0.0,695.1,0.0,695.1,UPI,False,5.0
ORD102087,2025-12-24,CUST0752,Karthik Menon,North,Lucknow,Fashion,Running Shoes,4157.56,1,0.0,4157.56,0.0,4157.56,Net Banking,False,5.0
ORD100277,2025-12-24,CUST0631,Nisha Iyer,North,Delhi,Fashion,Running Shoes,2990.67,1,15.0,2990.67,448.6,2542.07,UPI,False,4.0
ORD100277,2025-12-24,CUST0631,Nisha Iyer,North,Delhi,Fashion,Running Shoes,2990.67,1,15.0,2990.67,448.6,2542.07,UPI,False,4.0
ORD105254,2025-12-24,CUST0041,Krishna Menon,North,Lucknow,Home & Kitchen,Mixer Grinder,9230.05,1,0.0,9230.05,0.0,9230.05,Credit Card,False,3.0
ORD105044,2025-12-24,CUST0247,Anil Desai,North,Chandigarh,Sports & Fitness,Yoga Mat,4541.52,1,0.0,4541.52,0.0,4541.52,Debit Card,False,3.0
ORD103139,2025-12-24,CUST0121,Zara Iyer,East,Guwahati,Sports & Fitness,Dumbbell Set,2430.0,1,0.0,2430.0,0.0,2430.0,UPI,False,5.0
ORD100596,2025-12-24,CUST0624,Priya Gupta,West,Ahmedabad,Home & Kitchen,Vacuum Cleaner,11381.65,2,10.0,22763.3,2276.33,20486.97,Credit Card,False,3.0
ORD105970,2025-12-25,CUST0550,Saanvi Gupta,North,Chandigarh,Beauty & Personal Care,Trimmer,3233.7,1,0.0,3233.7,0.0,3233.7,UPI,False,4.0
ORD100819,2025-12-25,CUST0781,Sanjay Mukherjee,West,Surat,Sports & Fitness,Fitness Band,7052.81,1,0.0,7052.81,0.0,7052.81,Credit Card,False,5.0
ORD100633,2025-12-25,CUST0416,Deepak Nair,South,Chennai,Fashion,Running Shoes,1811.23,1,0.0,1811.23,0.0,1811.23,UPI,False,3.0
ORD103002,2025-12-25,CUST0627,Reyansh Patel,North,Lucknow,Beauty & Personal Care,Trimmer,414.33,1,0.0,414.33,0.0,414.33,Net Banking,False,4.0
ORD100111,2025-12-25,CUST0412,Vivaan Kapoor,West,Mumbai,Beauty & Personal Care,Trimmer,479.29,2,10.0,958.58,95.86,862.72,Net Banking,False,4.0
ORD101420,2025-12-25,CUST0210,Naveen Desai,North,Jaipur,Electronics,Smartwatch,19682.07,3,5.0,59046.21,2952.31,56093.9,Debit Card,False,3.0
ORD104143,2025-12-26,CUST0790,Pooja Kapoor,West,Mumbai,Beauty & Personal Care,Perfume,2975.27,1,5.0,2975.27,148.76,2826.51,Net Banking,False,3.0
ORD105451,2025-12-26,CUST0263,Manisha Joshi,South,Chennai,Sports & Fitness,Resistance Bands,1861.91,1,0.0,1861.91,0.0,1861.91,UPI,False,1.0
ORD101100,2025-12-26,CUST0009,Sanjay Rao,South,Hyderabad,Home & Kitchen,Air Fryer,12718.51,1,0.0,12718.51,0.0,12718.51,Net Banking,False,2.0
ORD104565,2025-12-26,CUST0591,Deepak Menon,West,Mumbai,Electronics,Bluetooth Speaker,32128.97,2,0.0,64257.94,0.0,64257.94,Debit Card,False,4.0
ORD104126,2025-12-26,CUST0341,Sneha Desai,South,Kochi,Beauty & Personal Care,Hair Dryer,1305.36,1,5.0,1305.36,65.27,1240.09,Debit Card,False,5.0
ORD104793,2025-12-26,CUST0389,Anil Nair,South,Hyderabad,Home & Kitchen,Non-Stick Cookware Set,11399.64,1,0.0,11399.64,0.0,11399.64,Debit Card,False,5.0
ORD105512,2025-12-26,CUST0817,Isha Chopra,East,Bhubaneswar,Sports & Fitness,Dumbbell Set,7654.64,1,0.0,7654.64,0.0,7654.64,UPI,False,4.0
ORD101564,2025-12-26,CUST0527,Ramesh Bose,North,Jaipur,Fashion,Backpack,1503.16,3,0.0,4509.48,0.0,4509.48,Cash on Delivery,False,2.0
ORD103664,2025-12-27,CUST0676,Divya Mukherjee,East,Patna,Electronics,Smartphone,29312.27,1,10.0,29312.27,2931.23,26381.04,Credit Card,False,4.0
ORD102209,2025-12-27,CUST0537,Sneha Sharma,West,Surat,Electronics,Wireless Earbuds,52904.72,1,10.0,52904.72,5290.47,47614.25,Net Banking,False,5.0
ORD102559,2025-12-27,CUST0752,Karthik Menon,North,Lucknow,Fashion,Running Shoes,3297.0,1,0.0,3297.0,0.0,3297.0,Credit Card,True,4.0
ORD104921,2025-12-27,CUST0847,Vivaan Reddy,South,Hyderabad,Home & Kitchen,Water Purifier,7730.02,1,0.0,7730.02,0.0,7730.02,UPI,False,4.0
ORD104460,2025-12-27,CUST0691,Vikram Kapoor,West,Pune,Sports & Fitness,Fitness Band,2855.9,2,5.0,5711.8,285.59,5426.21,Credit Card,False,5.0
ORD101196,2025-12-27,CUST0065,Suresh Gupta,North,Lucknow,Home & Kitchen,Vacuum Cleaner,12613.73,1,0.0,12613.73,0.0,12613.73,Net Banking,False,1.0
ORD102228,2025-12-27,CUST0120,Manisha Singh,West,Pune,Electronics,Laptop,4340.7,1,15.0,4340.7,651.1,3689.6,UPI,False,4.0
ORD105617,2025-12-28,CUST0007,Karthik Verma,North,Jaipur,Sports & Fitness,Cycling Helmet,4467.95,2,0.0,8935.9,0.0,8935.9,Net Banking,False,4.0
ORD103383,2025-12-28,CUST0418,Shreya Desai,South,Kochi,Home & Kitchen,Non-Stick Cookware Set,10885.22,1,0.0,10885.22,0.0,10885.22,Cash on Delivery,False,5.0
ORD100620,2025-12-28,CUST0659,Meera Das,South,Bengaluru,Electronics,Smartphone,25026.43,1,10.0,25026.43,2502.64,22523.79,UPI,False,5.0
ORD104279,2025-12-28,CUST0385,Nisha Das,East,Guwahati,Home & Kitchen,Water Purifier,2026.86,1,20.0,2026.86,405.37,1621.49,Net Banking,False,4.0
ORD103690,2025-12-28,CUST0160,Nisha Kumar,East,Bhubaneswar,Home & Kitchen,Mixer Grinder,5560.34,2,15.0,11120.68,1668.1,9452.58,UPI,False,4.0
ORD105647,2025-12-28,CUST0244,Tara Kapoor,South,Chennai,Beauty & Personal Care,Trimmer,1155.16,1,5.0,1155.16,57.76,1097.4,UPI,False,4.0
ORD101424,2025-12-28,CUST0752,Karthik Menon,North,Lucknow,Home & Kitchen,Mixer Grinder,8198.14,1,15.0,8198.14,1229.72,6968.42,Cash on Delivery,False,5.0
ORD100353,2025-12-28,CUST0177,Pooja Desai,North,Chandigarh,Electronics,Smartphone,37576.43,1,10.0,37576.43,3757.64,33818.79,UPI,False,1.0
ORD105684,2025-12-28,CUST0484,Zara Menon,West,Surat,Sports & Fitness,Dumbbell Set,2089.37,1,10.0,2089.37,208.94,1880.43,Net Banking,True,4.0
ORD100372,2025-12-29,CUST0007,Karthik Verma,North,Jaipur,Fashion,Backpack,1409.99,2,0.0,2819.98,0.0,2819.98,UPI,False,5.0
ORD103501,2025-12-29,CUST0247,Anil Desai,North,Chandigarh,Fashion,Backpack,4138.8,1,0.0,4138.8,0.0,4138.8,UPI,False,3.0
ORD105855,2025-12-29,CUST0274,Naveen Desai,West,Pune,Fashion,Sunglasses,5127.97,1,15.0,5127.97,769.2,4358.77,Debit Card,False,5.0
ORD105373,2025-12-29,CUST0070,Sai Pillai,North,Jaipur,Fashion,Wrist Watch,2861.41,3,15.0,8584.23,1287.63,7296.6,Credit Card,False,5.0
ORD104659,2025-12-29,CUST0285,Divya Joshi,North,Jaipur,Fashion,Sunglasses,1571.0,1,20.0,1571.0,314.2,1256.8,Credit Card,False,5.0
ORD100294,2025-12-29,CUST0383,Meera Reddy,South,Hyderabad,Sports & Fitness,Yoga Mat,7303.58,1,5.0,7303.58,365.18,6938.4,Credit Card,False,5.0
ORD101275,2025-12-29,CUST0834,Kiran Verma,East,Bhubaneswar,Sports & Fitness,Yoga Mat,7580.62,1,25.0,7580.62,1895.16,5685.46,Debit Card,True,5.0
ORD102253,2025-12-29,CUST0224,Deepak Verma,West,Ahmedabad,Sports & Fitness,Fitness Band,5636.41,1,0.0,5636.41,0.0,5636.41,Debit Card,False,4.0
ORD104317,2025-12-30,CUST0654,Kavya Mukherjee,East,Patna,Fashion,Backpack,5793.5,1,15.0,5793.5,869.02,4924.48,Credit Card,False,3.0
ORD102913,2025-12-30,CUST0397,Deepak Verma,East,Patna,Sports & Fitness,Yoga Mat,920.06,2,15.0,1840.12,276.02,1564.1,UPI,False,4.0
ORD102077,2025-12-31,CUST0369,Karthik Kapoor,South,Bengaluru,Electronics,Smartphone,16368.96,1,0.0,16368.96,0.0,16368.96,Debit Card,False,4.0
ORD105952,2025-12-31,CUST0050,Suresh Reddy,East,Kolkata,Fashion,Denim Jacket,2052.26,1,5.0,2052.26,102.61,1949.65,Net Banking,False,3.0
ORD104672,2025-12-31,CUST0397,Deepak Verma,East,Patna,Beauty & Personal Care,Trimmer,1408.24,1,5.0,1408.24,70.41,1337.83,UPI,False,5.0
ORD100623,2025-12-31,CUST0799,Vivaan Rao,North,Jaipur,Electronics,Laptop,53390.12,1,10.0,53390.12,5339.01,48051.11,Credit Card,False,3.0
ORD105437,2025-12-31,CUST0219,Diya Malhotra,West,Ahmedabad,Beauty & Personal Care,Hair Dryer,1177.3,1,0.0,1177.3,0.0,1177.3,Debit Card,False,4.0
ORD102101,2025-12-31,CUST0791,Priya Desai,North,Delhi,Beauty & Personal Care,Perfume,1155.47,2,15.0,2310.94,346.64,1964.3,Debit Card,False,4.0
ORD105769,2025-12-31,CUST0481,Kiran Nair,South,Chennai,Fashion,Backpack,2897.78,1,5.0,2897.78,144.89,2752.89,UPI,False,3.0
ORD100990,2026-01-01,CUST0408,Naveen Menon,North,Delhi,Home & Kitchen,Mixer Grinder,1130.91,2,5.0,2261.82,113.09,2148.73,Credit Card,False,2.0
ORD104414,2026-01-01,CUST0622,Deepak Kapoor,South,Bengaluru,Sports & Fitness,Cycling Helmet,5306.23,2,0.0,10612.46,0.0,10612.46,Net Banking,False,4.0
ORD105742,2026-01-01,CUST0498,Ramesh Malhotra,South,Bengaluru,Sports & Fitness,Resistance Bands,7546.43,1,20.0,7546.43,1509.29,6037.14,UPI,False,5.0
ORD104090,2026-01-01,CUST0068,Isha Gupta,South,Bengaluru,Home & Kitchen,Water Purifier,3381.93,3,20.0,10145.79,2029.16,8116.63,Credit Card,False,4.0
ORD105848,2026-01-01,CUST0622,Deepak Kapoor,South,Bengaluru,Electronics,Laptop,40364.1,1,5.0,40364.1,2018.2,38345.9,Net Banking,False,3.0
ORD104443,2026-01-01,CUST0311,Ananya Das,West,Mumbai,Fashion,Running Shoes,2543.31,1,0.0,2543.31,0.0,2543.31,Net Banking,False,5.0
ORD100588,2026-01-01,CUST0684,Ananya Patel,North,Lucknow,Home & Kitchen,Water Purifier,3334.47,1,5.0,3334.47,166.72,3167.75,Debit Card,False,1.0
ORD105738,2026-01-01,CUST0377,Vikram Verma,South,Kochi,Fashion,Wrist Watch,3313.3,3,20.0,9939.9,1987.98,7951.92,UPI,False,2.0
ORD102565,2026-01-01,CUST0076,Aditya Gupta,North,Jaipur,Electronics,Laptop,35949.43,1,5.0,35949.43,1797.47,34151.96,Credit Card,False,4.0
ORD104671,2026-01-01,CUST0217,Rohan Menon,North,Jaipur,Home & Kitchen,Vacuum Cleaner,5402.59,1,20.0,5402.59,1080.52,4322.07,Net Banking,False,2.0
ORD103495,2026-01-01,CUST0324,Aarav Joshi,East,Guwahati,Home & Kitchen,Non-Stick Cookware Set,11866.93,1,20.0,11866.93,2373.39,9493.54,Credit Card,False,4.0
ORD104938,2026-01-01,CUST0609,Lakshmi Pillai,North,Chandigarh,Home & Kitchen,Mixer Grinder,1483.68,1,0.0,1483.68,0.0,1483.68,Credit Card,False,4.0
ORD105978,2026-01-01,CUST0283,Rahul Menon,East,Kolkata,Home & Kitchen,Mixer Grinder,3661.38,1,10.0,3661.38,366.14,3295.24,UPI,False,4.0
ORD100141,2026-01-02,CUST0813,Karthik Iyer,East,Kolkata,Fashion,Backpack,4734.37,1,0.0,4734.37,0.0,4734.37,Credit Card,False,5.0
ORD100541,2026-01-02,CUST0684,Ananya Patel,North,Lucknow,Home & Kitchen,Vacuum Cleaner,14222.18,1,5.0,14222.18,711.11,13511.07,Credit Card,False,2.0
ORD102809,2026-01-02,CUST0820,Krishna Joshi,East,Bhubaneswar,Beauty & Personal Care,Hair Dryer,1605.01,1,15.0,1605.01,240.75,1364.26,Credit Card,False,5.0
ORD103892,2026-01-02,CUST0242,Naveen Malhotra,West,Pune,Home & Kitchen,Mixer Grinder,4878.69,1,5.0,4878.69,243.93,4634.76,Cash on Delivery,False,4.0
ORD101352,2026-01-02,CUST0021,Zara Kapoor,East,Bhubaneswar,Electronics,Smartphone,36794.34,2,0.0,73588.68,0.0,73588.68,UPI,False,3.0
ORD102358,2026-01-02,CUST0709,Kiran Rao,East,Bhubaneswar,Home & Kitchen,Vacuum Cleaner,11930.99,1,10.0,11930.99,1193.1,10737.89,UPI,False,3.0
ORD104068,2026-01-02,CUST0523,Reyansh Sharma,West,Ahmedabad,Sports & Fitness,Dumbbell Set,1626.38,1,0.0,1626.38,0.0,1626.38,UPI,False,5.0
ORD103071,2026-01-02,CUST0333,Suresh Kapoor,West,Mumbai,Electronics,Bluetooth Speaker,35556.5,2,0.0,71113.0,0.0,71113.0,UPI,False,1.0
ORD100121,2026-01-02,CUST0326,Aarav Das,North,Jaipur,Electronics,Laptop,51874.52,1,0.0,51874.52,0.0,51874.52,Credit Card,False,4.0
ORD105442,2026-01-02,CUST0406,Vikram Rao,North,Lucknow,Fashion,Running Shoes,2994.91,1,20.0,2994.91,598.98,2395.93,Debit Card,False,2.0
ORD102691,2026-01-02,CUST0656,Lakshmi Bose,West,Mumbai,Beauty & Personal Care,Skincare Kit,630.45,1,15.0,630.45,94.57,535.88,UPI,False,4.0
ORD101010,2026-01-02,CUST0157,Vivaan Das,North,Lucknow,Electronics,Smartphone,48172.92,1,0.0,48172.92,0.0,48172.92,Credit Card,False,4.0
ORD102503,2026-01-03,CUST0441,Swati Singh,North,Lucknow,Home & Kitchen,Non-Stick Cookware Set,11484.76,2,0.0,22969.52,0.0,22969.52,Net Banking,False,3.0
ORD103240,2026-01-03,CUST0420,Aarav Malhotra,North,Delhi,Beauty & Personal Care,Skincare Kit,610.59,2,0.0,1221.18,0.0,1221.18,Net Banking,False,2.0
ORD103267,2026-01-03,CUST0651,Zara Reddy,South,Kochi,Sports & Fitness,Fitness Band,7954.19,1,5.0,7954.19,397.71,7556.48,UPI,False,3.0
ORD101966,2026-01-03,CUST0015,Meera Kapoor,West,Surat,Electronics,Smartwatch,48807.12,1,0.0,48807.12,0.0,48807.12,UPI,False,4.0
ORD103518,2026-01-03,CUST0429,Swati Verma,East,Bhubaneswar,Sports & Fitness,Dumbbell Set,6850.28,1,10.0,6850.28,685.03,6165.25,UPI,False,3.0
ORD100206,2026-01-03,CUST0707,Isha Menon,West,Pune,Electronics,Smartphone,42721.92,1,10.0,42721.92,4272.19,38449.73,Credit Card,False,5.0
ORD102371,2026-01-03,CUST0068,Isha Gupta,South,Bengaluru,Beauty & Personal Care,Face Serum,1482.28,1,5.0,1482.28,74.11,1408.17,Credit Card,False,4.0
ORD104410,2026-01-03,CUST0307,Rohan Mukherjee,South,Kochi,Beauty & Personal Care,Trimmer,1936.39,1,0.0,1936.39,0.0,1936.39,UPI,False,5.0
ORD104833,2026-01-03,CUST0647,Ramesh Das,North,Jaipur,Electronics,Laptop,54119.34,2,10.0,108238.68,10823.87,97414.81,UPI,False,5.0
ORD101074,2026-01-03,CUST0120,Manisha Singh,West,Pune,Sports & Fitness,Dumbbell Set,6129.15,1,0.0,6129.15,0.0,6129.15,Cash on Delivery,False,5.0
ORD103746,2026-01-04,CUST0043,Divya Iyer,West,Ahmedabad,Sports & Fitness,Resistance Bands,4854.67,1,5.0,4854.67,242.73,4611.94,Debit Card,False,2.0
ORD104109,2026-01-04,CUST0781,Sanjay Mukherjee,West,Surat,Beauty & Personal Care,Skincare Kit,2770.05,1,20.0,2770.05,554.01,2216.04,Debit Card,False,5.0
ORD105239,2026-01-04,CUST0791,Priya Desai,North,Delhi,Fashion,Denim Jacket,5098.21,2,15.0,10196.42,1529.46,8666.96,Credit Card,False,3.0
ORD105406,2026-01-04,CUST0130,Reyansh Iyer,South,Bengaluru,Sports & Fitness,Cycling Helmet,1232.16,1,15.0,1232.16,184.82,1047.34,UPI,False,4.0
ORD100459,2026-01-04,CUST0674,Ishaan Iyer,South,Bengaluru,Electronics,Laptop,49267.26,1,0.0,49267.26,0.0,49267.26,Net Banking,False,2.0
ORD104566,2026-01-04,CUST0350,Sneha Rao,West,Ahmedabad,Sports & Fitness,Fitness Band,2441.69,1,0.0,2441.69,0.0,2441.69,UPI,False,4.0
ORD104534,2026-01-04,CUST0417,Tara Desai,East,Kolkata,Electronics,Smartwatch,35155.73,1,10.0,35155.73,3515.57,31640.16,UPI,False,5.0
ORD102789,2026-01-04,CUST0018,Nisha Mukherjee,West,Surat,Sports & Fitness,Fitness Band,7248.54,1,5.0,7248.54,362.43,6886.11,Credit Card,False,4.0
ORD101423,2026-01-04,CUST0025,Riya Nair,East,Guwahati,Sports & Fitness,Resistance Bands,1931.37,1,0.0,1931.37,0.0,1931.37,Credit Card,False,5.0
ORD104997,2026-01-04,CUST0458,Swati Singh,West,Ahmedabad,Electronics,Wireless Earbuds,10713.75,1,5.0,10713.75,535.69,10178.06,UPI,False,2.0
ORD105343,2026-01-04,CUST0789,Riya Pillai,North,Lucknow,Electronics,Wireless Earbuds,10439.95,1,20.0,10439.95,2087.99,8351.96,Debit Card,False,4.0
ORD103766,2026-01-04,CUST0094,Manisha Reddy,East,Guwahati,Home & Kitchen,Mixer Grinder,10192.98,1,5.0,10192.98,509.65,9683.33,Net Banking,False,3.0
ORD100551,2026-01-04,CUST0594,Nisha Singh,South,Kochi,Fashion,Sunglasses,4290.82,1,5.0,4290.82,214.54,4076.28,Debit Card,False,5.0
ORD101300,2026-01-05,CUST0656,Lakshmi Bose,West,Mumbai,Sports & Fitness,Dumbbell Set,921.06,1,0.0,921.06,0.0,921.06,Credit Card,False,5.0
ORD101706,2026-01-05,CUST0605,Aarav Menon,West,Surat,Sports & Fitness,Fitness Band,5947.06,1,10.0,5947.06,594.71,5352.35,UPI,False,4.0
ORD102276,2026-01-05,CUST0821,Saanvi Rao,West,Ahmedabad,Electronics,Laptop,16549.14,1,5.0,16549.14,827.46,15721.68,Net Banking,False,5.0
ORD101047,2026-01-05,CUST0119,Krishna Nair,South,Kochi,Sports & Fitness,Yoga Mat,1896.31,2,10.0,3792.62,379.26,3413.36,UPI,False,5.0
ORD101668,2026-01-05,CUST0728,Pooja Verma,North,Lucknow,Sports & Fitness,Resistance Bands,3594.35,2,0.0,7188.7,0.0,7188.7,Net Banking,False,4.0
ORD101120,2026-01-05,CUST0161,Deepak Iyer,West,Pune,Fashion,Running Shoes,4911.21,3,0.0,14733.63,0.0,14733.63,Debit Card,False,3.0
ORD101153,2026-01-05,CUST0221,Divya Das,North,Lucknow,Beauty & Personal Care,Perfume,2733.93,1,10.0,2733.93,273.39,2460.54,UPI,False,3.0
ORD105833,2026-01-05,CUST0444,Sanjay Iyer,North,Chandigarh,Fashion,Running Shoes,4354.93,1,0.0,4354.93,0.0,4354.93,Debit Card,False,4.0
ORD103967,2026-01-05,CUST0728,Pooja Verma,North,Lucknow,Home & Kitchen,Non-Stick Cookware Set,2170.84,1,0.0,2170.84,0.0,2170.84,Debit Card,False,5.0
ORD101371,2026-01-06,CUST0451,Nisha Singh,West,Surat,Sports & Fitness,Dumbbell Set,5045.48,1,15.0,5045.48,756.82,4288.66,Credit Card,False,4.0
ORD102394,2026-01-06,CUST0208,Vikram Bose,East,Kolkata,Home & Kitchen,Water Purifier,4234.6,1,0.0,4234.6,0.0,4234.6,Net Banking,False,4.0
ORD100057,2026-01-06,CUST0329,Nisha Verma,South,Bengaluru,Home & Kitchen,Non-Stick Cookware Set,1877.24,1,5.0,1877.24,93.86,1783.38,UPI,False,4.0
ORD105183,2026-01-06,CUST0165,Krishna Malhotra,North,Lucknow,Fashion,Denim Jacket,5956.55,1,0.0,5956.55,0.0,5956.55,Debit Card,False,5.0
ORD102661,2026-01-06,CUST0680,Manisha Chopra,East,Guwahati,Fashion,Denim Jacket,3288.55,1,0.0,3288.55,0.0,3288.55,UPI,False,4.0
ORD101585,2026-01-06,CUST0604,Swati Das,South,Bengaluru,Fashion,Wrist Watch,1396.97,1,5.0,1396.97,69.85,1327.12,UPI,False,5.0
ORD102555,2026-01-06,CUST0416,Deepak Nair,South,Chennai,Electronics,Bluetooth Speaker,22577.84,1,0.0,22577.84,0.0,22577.84,UPI,False,5.0
ORD100312,2026-01-06,CUST0639,Vihaan Chopra,West,Pune,Electronics,Smartwatch,12699.23,1,0.0,12699.23,0.0,12699.23,Net Banking,False,4.0
ORD104452,2026-01-06,CUST0096,Karthik Menon,South,Kochi,Beauty & Personal Care,Hair Dryer,2611.86,1,15.0,2611.86,391.78,2220.08,Credit Card,False,5.0
ORD100983,2026-01-06,CUST0437,Kavya Menon,South,Kochi,Fashion,Running Shoes,3976.01,1,0.0,3976.01,0.0,3976.01,Credit Card,False,5.0
ORD104234,2026-01-06,CUST0690,Ananya Verma,East,Guwahati,Beauty & Personal Care,Face Serum,2510.82,1,10.0,2510.82,251.08,2259.74,UPI,False,4.0
ORD100146,2026-01-07,CUST0269,Sai Joshi,North,Jaipur,Home & Kitchen,Air Fryer,14407.51,1,0.0,14407.51,0.0,14407.51,UPI,False,2.0
ORD100333,2026-01-07,CUST0734,Diya Das,North,Delhi,Beauty & Personal Care,Face Serum,1142.27,2,0.0,2284.54,0.0,2284.54,UPI,False,5.0
ORD100290,2026-01-07,CUST0084,Lakshmi Das,North,Chandigarh,Sports & Fitness,Resistance Bands,438.89,2,0.0,877.78,0.0,877.78,Net Banking,False,2.0
ORD105119,2026-01-07,CUST0009,Sanjay Rao,South,Hyderabad,Electronics,Bluetooth Speaker,7131.51,1,25.0,7131.51,1782.88,5348.63,UPI,False,5.0
ORD100852,2026-01-07,CUST0182,Riya Joshi,North,Delhi,Beauty & Personal Care,Face Serum,3161.17,1,0.0,3161.17,0.0,3161.17,Credit Card,False,2.0
ORD105446,2026-01-07,CUST0060,Deepak Kumar,East,Guwahati,Home & Kitchen,Mixer Grinder,2505.75,3,10.0,7517.25,751.72,6765.53,UPI,False,4.0
ORD102402,2026-01-07,CUST0458,Swati Singh,West,Ahmedabad,Sports & Fitness,Cycling Helmet,6367.35,2,5.0,12734.7,636.74,12097.96,Credit Card,False,2.0
ORD105696,2026-01-07,CUST0116,Zara Sharma,West,Pune,Home & Kitchen,Vacuum Cleaner,9223.6,2,10.0,18447.2,1844.72,16602.48,Net Banking,False,4.0
ORD102426,2026-01-08,CUST0735,Rohan Sharma,South,Bengaluru,Home & Kitchen,Water Purifier,960.36,1,20.0,960.36,192.07,768.29,Credit Card,False,3.0
ORD100361,2026-01-08,CUST0118,Ananya Das,South,Chennai,Sports & Fitness,Resistance Bands,6540.98,3,5.0,19622.94,981.15,18641.79,Cash on Delivery,False,2.0
ORD100359,2026-01-08,CUST0387,Anil Das,East,Patna,Beauty & Personal Care,Perfume,2580.17,2,0.0,5160.34,0.0,5160.34,Net Banking,False,5.0
ORD105941,2026-01-08,CUST0799,Vivaan Rao,North,Jaipur,Electronics,Bluetooth Speaker,37202.91,3,0.0,111608.73,0.0,111608.73,UPI,False,2.0
ORD103398,2026-01-08,CUST0408,Naveen Menon,North,Delhi,Electronics,Smartwatch,17303.88,1,10.0,17303.88,1730.39,15573.49,Cash on Delivery,False,5.0
ORD102102,2026-01-08,CUST0302,Ramesh Chopra,West,Mumbai,Home & Kitchen,Vacuum Cleaner,1275.45,2,0.0,2550.9,0.0,2550.9,Credit Card,False,3.0
ORD104856,2026-01-08,CUST0024,Divya Malhotra,South,Kochi,Beauty & Personal Care,Skincare Kit,596.81,2,0.0,1193.62,0.0,1193.62,UPI,False,3.0
ORD103954,2026-01-08,CUST0542,Lakshmi Iyer,North,Lucknow,Beauty & Personal Care,Hair Dryer,1780.24,1,0.0,1780.24,0.0,1780.24,Credit Card,False,5.0
ORD105695,2026-01-08,CUST0386,Nisha Pillai,North,Lucknow,Fashion,Denim Jacket,1488.92,1,0.0,1488.92,0.0,1488.92,UPI,False,3.0
ORD103537,2026-01-08,CUST0263,Manisha Joshi,South,Chennai,Sports & Fitness,Cycling Helmet,7438.1,1,0.0,7438.1,0.0,7438.1,UPI,False,4.0
ORD104797,2026-01-08,CUST0242,Naveen Malhotra,West,Pune,Sports & Fitness,Fitness Band,6763.94,1,0.0,6763.94,0.0,6763.94,Credit Card,False,5.0
ORD103679,2026-01-09,CUST0537,Sneha Sharma,West,Surat,Beauty & Personal Care,Skincare Kit,2501.93,1,0.0,2501.93,0.0,2501.93,Cash on Delivery,False,1.0
ORD104046,2026-01-09,CUST0153,Vikram Mukherjee,West,Mumbai,Fashion,Denim Jacket,677.25,1,0.0,677.25,0.0,677.25,Net Banking,False,3.0
ORD105937,2026-01-09,CUST0710,Reyansh Reddy,South,Hyderabad,Sports & Fitness,Dumbbell Set,2201.1,1,5.0,2201.1,110.06,2091.04,Credit Card,False,1.0
ORD104432,2026-01-09,CUST0479,Vihaan Pillai,North,Delhi,Electronics,Bluetooth Speaker,23928.7,1,15.0,23928.7,3589.3,20339.4,UPI,False,5.0
ORD101228,2026-01-09,CUST0263,Manisha Joshi,South,Chennai,Sports & Fitness,Dumbbell Set,5494.38,1,5.0,5494.38,274.72,5219.66,UPI,False,5.0
ORD104930,2026-01-09,CUST0245,Priya Reddy,South,Kochi,Sports & Fitness,Yoga Mat,5492.57,1,10.0,5492.57,549.26,4943.31,Net Banking,True,4.0
ORD100724,2026-01-09,CUST0430,Zara Sharma,West,Ahmedabad,Home & Kitchen,Air Fryer,13629.86,1,0.0,13629.86,0.0,13629.86,Credit Card,False,4.0
ORD101869,2026-01-09,CUST0557,Ananya Kumar,East,Kolkata,Beauty & Personal Care,Skincare Kit,2424.25,1,5.0,2424.25,121.21,2303.04,Credit Card,False,1.0
ORD103357,2026-01-10,CUST0233,Diya Das,South,Bengaluru,Sports & Fitness,Yoga Mat,7680.25,1,0.0,7680.25,0.0,7680.25,Debit Card,False,3.0
ORD104868,2026-01-10,CUST0450,Swati Singh,East,Kolkata,Home & Kitchen,Non-Stick Cookware Set,5159.28,1,5.0,5159.28,257.96,4901.32,Credit Card,False,4.0
ORD104538,2026-01-10,CUST0649,Priya Pillai,South,Kochi,Electronics,Wireless Earbuds,49040.84,1,0.0,49040.84,0.0,49040.84,Cash on Delivery,False,3.0
ORD104859,2026-01-10,CUST0008,Vikram Pillai,West,Mumbai,Electronics,Smartwatch,46270.11,1,0.0,46270.11,0.0,46270.11,UPI,False,3.0
ORD101731,2026-01-10,CUST0005,Ananya Nair,East,Bhubaneswar,Fashion,Backpack,2398.64,1,5.0,2398.64,119.93,2278.71,UPI,True,4.0
ORD103372,2026-01-10,CUST0196,Arjun Pillai,South,Kochi,Home & Kitchen,Vacuum Cleaner,14233.09,1,0.0,14233.09,0.0,14233.09,Cash on Delivery,False,4.0
ORD101757,2026-01-10,CUST0845,Sanjay Kumar,North,Lucknow,Fashion,Backpack,4865.59,1,0.0,4865.59,0.0,4865.59,UPI,False,4.0
ORD104583,2026-01-10,CUST0687,Diya Kumar,South,Chennai,Electronics,Bluetooth Speaker,14727.03,2,0.0,29454.06,0.0,29454.06,Debit Card,False,3.0
ORD103587,2026-01-11,CUST0637,Swati Pillai,North,Jaipur,Home & Kitchen,Mixer Grinder,5900.82,1,0.0,5900.82,0.0,5900.82,UPI,False,5.0
ORD100226,2026-01-11,CUST0554,Ramesh Mukherjee,North,Delhi,Fashion,Running Shoes,4028.98,1,0.0,4028.98,0.0,4028.98,UPI,False,2.0
ORD103835,2026-01-11,CUST0663,Sai Gupta,East,Guwahati,Home & Kitchen,Non-Stick Cookware Set,8586.73,1,5.0,8586.73,429.34,8157.39,Net Banking,False,5.0
ORD103554,2026-01-11,CUST0533,Vihaan Sharma,East,Bhubaneswar,Sports & Fitness,Cycling Helmet,7061.13,1,0.0,7061.13,0.0,7061.13,UPI,False,5.0
ORD104222,2026-01-11,CUST0094,Manisha Reddy,East,Guwahati,Fashion,Running Shoes,1405.8,1,15.0,1405.8,210.87,1194.93,Credit Card,False,4.0
ORD103086,2026-01-11,CUST0725,Sai Joshi,North,Lucknow,Sports & Fitness,Resistance Bands,4245.28,1,0.0,4245.28,0.0,4245.28,Credit Card,True,5.0
ORD103856,2026-01-11,CUST0442,Ananya Patel,West,Mumbai,Electronics,Smartwatch,36346.05,2,0.0,72692.1,0.0,72692.1,Debit Card,False,5.0
ORD105680,2026-01-12,CUST0438,Ishaan Verma,West,Ahmedabad,Sports & Fitness,Yoga Mat,3545.6,1,10.0,3545.6,354.56,3191.04,Net Banking,False,3.0
ORD104483,2026-01-12,CUST0258,Reyansh Malhotra,West,Mumbai,Beauty & Personal Care,Trimmer,3489.94,1,0.0,3489.94,0.0,3489.94,Credit Card,False,5.0
ORD103869,2026-01-12,CUST0157,Vivaan Das,North,Lucknow,Home & Kitchen,Air Fryer,9761.06,1,5.0,9761.06,488.05,9273.01,UPI,False,5.0
ORD100415,2026-01-12,CUST0651,Zara Reddy,South,Kochi,Home & Kitchen,Non-Stick Cookware Set,2153.91,1,0.0,2153.91,0.0,2153.91,Credit Card,False,4.0
ORD103635,2026-01-12,CUST0161,Deepak Iyer,West,Pune,Beauty & Personal Care,Hair Dryer,3347.56,3,10.0,10042.68,1004.27,9038.41,Cash on Delivery,False,5.0
ORD100015,2026-01-12,CUST0060,Deepak Kumar,East,Guwahati,Electronics,Bluetooth Speaker,14335.14,1,20.0,14335.14,2867.03,11468.11,Credit Card,False,5.0
ORD100800,2026-01-12,CUST0092,Pooja Nair,South,Hyderabad,Sports & Fitness,Resistance Bands,7174.8,2,5.0,14349.6,717.48,13632.12,Debit Card,False,3.0
ORD105831,2026-01-12,CUST0621,Meera Patel,South,Bengaluru,Home & Kitchen,Air Fryer,6687.31,1,20.0,6687.31,1337.46,5349.85,Net Banking,False,3.0
ORD103899,2026-01-12,CUST0262,Arjun Reddy,East,Patna,Beauty & Personal Care,Trimmer,2086.79,1,0.0,2086.79,0.0,2086.79,UPI,False,4.0
ORD100389,2026-01-12,CUST0009,Sanjay Rao,South,Hyderabad,Beauty & Personal Care,Trimmer,1571.35,1,10.0,1571.35,157.14,1414.21,UPI,False,3.0
ORD101539,2026-01-12,CUST0196,Arjun Pillai,South,Kochi,Fashion,Wrist Watch,2342.09,3,10.0,7026.27,702.63,6323.64,Credit Card,False,4.0
ORD105366,2026-01-12,CUST0060,Deepak Kumar,East,Guwahati,Fashion,Wrist Watch,956.85,1,0.0,956.85,0.0,956.85,Net Banking,False,5.0
ORD100498,2026-01-12,CUST0414,Deepak Joshi,East,Patna,Beauty & Personal Care,Hair Dryer,2904.02,1,5.0,2904.02,145.2,2758.82,UPI,False,5.0
ORD103440,2026-01-12,CUST0068,Isha Gupta,South,Bengaluru,Sports & Fitness,Yoga Mat,7113.57,3,0.0,21340.71,0.0,21340.71,UPI,False,3.0
ORD105477,2026-01-13,CUST0219,Diya Malhotra,West,Ahmedabad,Fashion,Backpack,2168.32,1,15.0,2168.32,325.25,1843.07,Cash on Delivery,False,3.0
ORD101787,2026-01-13,CUST0567,Rohan Malhotra,East,Guwahati,Sports & Fitness,Fitness Band,5615.0,1,5.0,5615.0,280.75,5334.25,UPI,False,5.0
ORD105835,2026-01-13,CUST0373,Divya Desai,West,Mumbai,Sports & Fitness,Cycling Helmet,4676.43,3,5.0,14029.29,701.46,13327.83,Credit Card,False,5.0
ORD104713,2026-01-13,CUST0721,Riya Singh,West,Surat,Fashion,Backpack,4653.08,3,20.0,13959.24,2791.85,11167.39,UPI,False,4.0
ORD103229,2026-01-13,CUST0325,Isha Nair,West,Pune,Electronics,Smartphone,42959.13,1,10.0,42959.13,4295.91,38663.22,Credit Card,False,5.0
ORD102889,2026-01-13,CUST0452,Kavya Joshi,North,Chandigarh,Sports & Fitness,Fitness Band,1646.61,1,0.0,1646.61,0.0,1646.61,UPI,False,5.0
ORD101709,2026-01-13,CUST0781,Sanjay Mukherjee,West,Surat,Beauty & Personal Care,Trimmer,3132.4,3,10.0,9397.2,939.72,8457.48,UPI,False,5.0
ORD103296,2026-01-13,CUST0563,Sneha Pillai,West,Mumbai,Sports & Fitness,Yoga Mat,7506.99,1,25.0,7506.99,1876.75,5630.24,UPI,False,5.0
ORD103497,2026-01-14,CUST0198,Rahul Gupta,North,Chandigarh,Sports & Fitness,Resistance Bands,3348.84,1,0.0,3348.84,0.0,3348.84,UPI,False,5.0
ORD104855,2026-01-14,CUST0598,Zara Joshi,East,Patna,Electronics,Laptop,48213.42,1,5.0,48213.42,2410.67,45802.75,Credit Card,False,5.0
ORD105469,2026-01-14,CUST0789,Riya Pillai,North,Lucknow,Home & Kitchen,Water Purifier,3025.87,1,10.0,3025.87,302.59,2723.28,Net Banking,False,4.0
ORD103749,2026-01-14,CUST0336,Nisha Rao,South,Chennai,Electronics,Bluetooth Speaker,51400.86,1,0.0,51400.86,0.0,51400.86,Credit Card,False,5.0
ORD104360,2026-01-15,CUST0043,Divya Iyer,West,Ahmedabad,Fashion,Running Shoes,2974.7,1,0.0,2974.7,0.0,2974.7,UPI,False,4.0
ORD105867,2026-01-15,CUST0683,Lakshmi Verma,East,Bhubaneswar,Fashion,Wrist Watch,2197.13,1,15.0,2197.13,329.57,1867.56,Credit Card,False,2.0
ORD104618,2026-01-15,CUST0529,Saanvi Sharma,South,Chennai,Sports & Fitness,Dumbbell Set,784.29,1,0.0,784.29,0.0,784.29,Cash on Delivery,False,5.0
ORD104016,2026-01-15,CUST0324,Aarav Joshi,East,Guwahati,Sports & Fitness,Dumbbell Set,4904.48,2,15.0,9808.96,1471.34,8337.62,Debit Card,False,4.0
ORD105853,2026-01-15,CUST0247,Anil Desai,North,Chandigarh,Beauty & Personal Care,Hair Dryer,1612.99,1,0.0,1612.99,0.0,1612.99,UPI,False,3.0
ORD101309,2026-01-15,CUST0827,Shreya Gupta,North,Chandigarh,Home & Kitchen,Non-Stick Cookware Set,13870.51,1,0.0,13870.51,0.0,13870.51,Credit Card,False,4.0
ORD103453,2026-01-15,CUST0284,Lakshmi Nair,West,Pune,Sports & Fitness,Yoga Mat,5633.89,1,0.0,5633.89,0.0,5633.89,UPI,False,4.0
ORD104774,2026-01-15,CUST0626,Kavya Kapoor,East,Patna,Beauty & Personal Care,Skincare Kit,3286.33,1,0.0,3286.33,0.0,3286.33,Net Banking,False,1.0
ORD101592,2026-01-15,CUST0821,Saanvi Rao,West,Ahmedabad,Sports & Fitness,Dumbbell Set,7072.32,1,0.0,7072.32,0.0,7072.32,Debit Card,False,1.0
ORD101197,2026-01-15,CUST0231,Kiran Mukherjee,East,Bhubaneswar,Beauty & Personal Care,Trimmer,1630.23,1,0.0,1630.23,0.0,1630.23,Cash on Delivery,False,5.0
ORD103121,2026-01-15,CUST0298,Kiran Das,North,Lucknow,Electronics,Laptop,11762.27,1,0.0,11762.27,0.0,11762.27,Credit Card,False,5.0
ORD100984,2026-01-16,CUST0093,Ananya Das,West,Ahmedabad,Beauty & Personal Care,Trimmer,3071.32,1,0.0,3071.32,0.0,3071.32,Credit Card,False,5.0
ORD104503,2026-01-16,CUST0261,Manish Verma,West,Mumbai,Fashion,Wrist Watch,4679.11,1,0.0,4679.11,0.0,4679.11,Net Banking,False,5.0
ORD102258,2026-01-16,CUST0338,Sneha Mukherjee,West,Mumbai,Sports & Fitness,Cycling Helmet,3503.33,1,10.0,3503.33,350.33,3153.0,Credit Card,False,3.0
ORD101518,2026-01-16,CUST0504,Swati Kapoor,West,Surat,Home & Kitchen,Mixer Grinder,8179.86,1,0.0,8179.86,0.0,8179.86,Cash on Delivery,False,3.0
ORD102876,2026-01-16,CUST0196,Arjun Pillai,South,Kochi,Sports & Fitness,Dumbbell Set,3597.43,1,15.0,3597.43,539.61,3057.82,UPI,False,4.0
ORD102653,2026-01-16,CUST0211,Vikram Pillai,East,Kolkata,Beauty & Personal Care,Skincare Kit,257.22,1,5.0,257.22,12.86,244.36,Cash on Delivery,False,2.0
ORD104159,2026-01-16,CUST0469,Manish Sharma,North,Lucknow,Home & Kitchen,Air Fryer,5525.47,2,0.0,11050.94,0.0,11050.94,Cash on Delivery,False,4.0
ORD102026,2026-01-17,CUST0391,Saanvi Kapoor,East,Kolkata,Sports & Fitness,Fitness Band,7150.77,1,10.0,7150.77,715.08,6435.69,Credit Card,False,5.0
ORD105744,2026-01-17,CUST0774,Zara Nair,West,Surat,Sports & Fitness,Resistance Bands,6332.02,1,15.0,6332.02,949.8,5382.22,UPI,False,4.0
ORD102776,2026-01-17,CUST0763,Saanvi Kapoor,East,Patna,Beauty & Personal Care,Skincare Kit,1944.47,2,0.0,3888.94,0.0,3888.94,UPI,False,1.0
ORD102981,2026-01-17,CUST0263,Manisha Joshi,South,Chennai,Electronics,Smartphone,50339.31,1,20.0,50339.31,10067.86,40271.45,Debit Card,False,4.0
ORD100443,2026-01-17,CUST0062,Pooja Gupta,South,Kochi,Fashion,Denim Jacket,1363.76,1,0.0,1363.76,0.0,1363.76,UPI,False,3.0
ORD103460,2026-01-17,CUST0237,Anil Chopra,South,Bengaluru,Beauty & Personal Care,Trimmer,2718.75,1,0.0,2718.75,0.0,2718.75,Debit Card,False,4.0
ORD102273,2026-01-17,CUST0130,Reyansh Iyer,South,Bengaluru,Fashion,Sunglasses,2563.18,3,0.0,7689.54,0.0,7689.54,Cash on Delivery,False,1.0
ORD104301,2026-01-18,CUST0010,Vivaan Sharma,East,Patna,Fashion,Denim Jacket,506.05,1,20.0,506.05,101.21,404.84,Net Banking,False,5.0
ORD103759,2026-01-18,CUST0672,Arjun Reddy,South,Hyderabad,Beauty & Personal Care,Hair Dryer,931.34,2,0.0,1862.68,0.0,1862.68,Credit Card,False,3.0
ORD100356,2026-01-18,CUST0491,Anil Sharma,North,Jaipur,Sports & Fitness,Fitness Band,1016.33,1,5.0,1016.33,50.82,965.51,Net Banking,False,2.0
ORD101579,2026-01-18,CUST0535,Aditya Kumar,North,Jaipur,Electronics,Smartwatch,39433.37,1,10.0,39433.37,3943.34,35490.03,UPI,False,5.0
ORD104342,2026-01-18,CUST0304,Saanvi Joshi,South,Kochi,Electronics,Laptop,43777.88,1,5.0,43777.88,2188.89,41588.99,UPI,False,2.0
ORD101215,2026-01-18,CUST0007,Karthik Verma,North,Jaipur,Home & Kitchen,Vacuum Cleaner,2370.32,2,5.0,4740.64,237.03,4503.61,UPI,False,4.0
ORD102226,2026-01-18,CUST0418,Shreya Desai,South,Kochi,Fashion,Sunglasses,3459.41,1,20.0,3459.41,691.88,2767.53,Net Banking,False,4.0
ORD101185,2026-01-19,CUST0348,Rohan Das,North,Lucknow,Electronics,Smartphone,54876.34,3,25.0,164629.02,41157.25,123471.77,Cash on Delivery,False,4.0
ORD101626,2026-01-19,CUST0007,Karthik Verma,North,Jaipur,Electronics,Wireless Earbuds,29610.24,1,,29610.24,0.0,29610.24,Cash on Delivery,False,4.0
ORD103200,2026-01-19,CUST0197,Priya Bose,South,Hyderabad,Home & Kitchen,Vacuum Cleaner,9643.3,1,10.0,9643.3,964.33,8678.97,UPI,False,4.0
ORD104808,2026-01-19,CUST0172,Sai Kapoor,West,Mumbai,Beauty & Personal Care,Trimmer,2889.98,1,0.0,2889.98,0.0,2889.98,Debit Card,False,5.0
ORD103939,2026-01-19,CUST0530,Kavya Joshi,South,Bengaluru,Electronics,Wireless Earbuds,34756.84,1,5.0,34756.84,1737.84,33019.0,Cash on Delivery,False,2.0
ORD103842,2026-01-19,CUST0631,Nisha Iyer,North,Delhi,Fashion,Sunglasses,2749.57,1,0.0,2749.57,0.0,2749.57,UPI,False,1.0
ORD100733,2026-01-19,CUST0458,Swati Singh,West,Ahmedabad,Beauty & Personal Care,Hair Dryer,3448.45,1,15.0,3448.45,517.27,2931.18,Credit Card,False,5.0
ORD101900,2026-01-19,CUST0464,Ramesh Sharma,West,Surat,Fashion,Wrist Watch,4942.05,1,0.0,4942.05,0.0,4942.05,Cash on Delivery,False,5.0
ORD101425,2026-01-19,CUST0064,Sanjay Reddy,East,Kolkata,Fashion,Sunglasses,781.95,1,5.0,781.95,39.1,742.85,UPI,False,3.0
ORD104320,2026-01-20,CUST0070,Sai Pillai,North,Jaipur,Home & Kitchen,Vacuum Cleaner,2097.96,1,25.0,2097.96,524.49,1573.47,Net Banking,False,4.0
ORD105227,2026-01-20,CUST0552,Shreya Joshi,South,Hyderabad,Sports & Fitness,Cycling Helmet,3255.34,1,5.0,3255.34,162.77,3092.57,Net Banking,False,4.0
ORD103728,2026-01-20,CUST0581,Anil Rao,South,Chennai,Sports & Fitness,Yoga Mat,5341.01,1,0.0,5341.01,0.0,5341.01,Credit Card,True,5.0
ORD104014,2026-01-20,CUST0474,Neha Kapoor,South,Bengaluru,Sports & Fitness,Cycling Helmet,687.73,1,5.0,687.73,34.39,653.34,UPI,False,4.0
ORD103728,2026-01-20,CUST0581,Anil Rao,South,Chennai,Sports & Fitness,Yoga Mat,5341.01,1,0.0,5341.01,0.0,5341.01,Credit Card,True,5.0
ORD102475,2026-01-20,CUST0233,Diya Das,South,Bengaluru,Beauty & Personal Care,Trimmer,1392.61,3,0.0,4177.83,0.0,4177.83,UPI,False,2.0
ORD104753,2026-01-20,CUST0095,Sneha Rao,East,Kolkata,Home & Kitchen,Air Fryer,10173.13,1,0.0,10173.13,0.0,10173.13,Net Banking,False,3.0
ORD103754,2026-01-20,CUST0336,Nisha Rao,South,Chennai,Fashion,Wrist Watch,5250.51,1,0.0,5250.51,0.0,5250.51,Credit Card,False,1.0
ORD105958,2026-01-21,CUST0441,Swati Singh,North,Lucknow,Fashion,Wrist Watch,4181.18,1,5.0,4181.18,209.06,3972.12,Debit Card,False,4.0
ORD101474,2026-01-21,CUST0477,Meera Singh,South,Hyderabad,Electronics,Laptop,28672.53,1,15.0,28672.53,4300.88,24371.65,Net Banking,False,1.0
ORD100365,2026-01-21,CUST0686,Aditya Verma,West,Surat,Fashion,Backpack,5939.44,1,0.0,5939.44,0.0,5939.44,Net Banking,False,5.0
ORD101856,2026-01-21,CUST0596,Vikram Reddy,East,Patna,Fashion,Denim Jacket,2761.26,1,5.0,2761.26,138.06,2623.2,UPI,False,4.0
ORD100410,2026-01-21,CUST0019,Vihaan Malhotra,North,Lucknow,Sports & Fitness,Fitness Band,470.61,1,0.0,470.61,0.0,470.61,Debit Card,False,2.0
ORD105682,2026-01-21,CUST0159,Ishaan Menon,East,Guwahati,Beauty & Personal Care,Trimmer,1334.86,2,0.0,2669.72,0.0,2669.72,UPI,False,2.0
ORD103018,2026-01-21,CUST0670,Sneha Patel,North,Lucknow,Home & Kitchen,Water Purifier,10504.41,1,0.0,10504.41,0.0,10504.41,UPI,False,3.0
ORD101200,2026-01-21,CUST0167,Diya Joshi,South,Chennai,Home & Kitchen,Water Purifier,11840.15,1,25.0,11840.15,2960.04,8880.11,Cash on Delivery,False,5.0
ORD104642,2026-01-21,CUST0429,Swati Verma,East,Bhubaneswar,Fashion,Running Shoes,1678.73,1,10.0,1678.73,167.87,1510.86,UPI,False,5.0
ORD102802,2026-01-22,CUST0273,Isha Mukherjee,East,Kolkata,Home & Kitchen,Non-Stick Cookware Set,14712.81,1,0.0,14712.81,0.0,14712.81,UPI,False,5.0
ORD105806,2026-01-22,CUST0844,Kiran Bose,West,Surat,Home & Kitchen,Air Fryer,9519.49,1,0.0,9519.49,0.0,9519.49,Net Banking,False,5.0
ORD101326,2026-01-22,CUST0690,Ananya Verma,East,Guwahati,Beauty & Personal Care,Perfume,3023.56,1,0.0,3023.56,0.0,3023.56,Credit Card,False,5.0
ORD104979,2026-01-22,CUST0441,Swati Singh,North,Lucknow,Electronics,Wireless Earbuds,5723.55,1,0.0,5723.55,0.0,5723.55,Credit Card,False,1.0
ORD104509,2026-01-22,CUST0483,Manish Reddy,South,Kochi,Beauty & Personal Care,Face Serum,2747.9,2,0.0,5495.8,0.0,5495.8,Credit Card,False,3.0
ORD101277,2026-01-22,CUST0499,Swati Patel,South,Hyderabad,Home & Kitchen,Non-Stick Cookware Set,947.71,1,0.0,947.71,0.0,947.71,Net Banking,True,2.0
ORD102637,2026-01-22,CUST0118,Ananya Das,South,Chennai,Electronics,Laptop,12625.46,1,0.0,12625.46,0.0,12625.46,Debit Card,False,4.0
ORD100423,2026-01-22,CUST0001,Nisha Desai,South,Chennai,Sports & Fitness,Dumbbell Set,1144.14,1,0.0,1144.14,0.0,1144.14,Cash on Delivery,False,1.0
ORD102651,2026-01-22,CUST0187,Sneha Bose,West,Ahmedabad,Fashion,Sunglasses,998.15,1,0.0,998.15,0.0,998.15,Net Banking,False,4.0
ORD104142,2026-01-23,CUST0244,Tara Kapoor,South,Chennai,Fashion,Denim Jacket,3399.18,3,25.0,10197.54,2549.39,7648.15,Credit Card,False,5.0
ORD104620,2026-01-23,CUST0647,Ramesh Das,North,Jaipur,Sports & Fitness,Yoga Mat,5676.22,1,10.0,5676.22,567.62,5108.6,UPI,False,5.0
ORD104396,2026-01-23,CUST0138,Naveen Kapoor,East,Guwahati,Beauty & Personal Care,Skincare Kit,3216.1,1,20.0,3216.1,643.22,2572.88,UPI,False,5.0
ORD102465,2026-01-23,CUST0785,Manisha Patel,North,Lucknow,Electronics,Laptop,4135.84,1,0.0,4135.84,0.0,4135.84,Net Banking,False,2.0
ORD103867,2026-01-23,CUST0062,Pooja Gupta,South,Kochi,Electronics,Bluetooth Speaker,33627.27,2,5.0,67254.54,3362.73,63891.81,UPI,False,4.0
ORD102709,2026-01-23,CUST0267,Anil Chopra,East,Bhubaneswar,Beauty & Personal Care,Face Serum,2221.58,2,20.0,4443.16,888.63,3554.53,UPI,True,3.0
ORD102290,2026-01-23,CUST0702,Manish Chopra,West,Surat,Home & Kitchen,Vacuum Cleaner,3304.28,1,10.0,3304.28,330.43,2973.85,UPI,False,5.0
ORD101412,2026-01-23,CUST0179,Divya Singh,West,Pune,Beauty & Personal Care,Hair Dryer,2964.55,1,0.0,2964.55,0.0,2964.55,Credit Card,False,2.0
ORD102517,2026-01-23,CUST0647,Ramesh Das,North,Jaipur,Electronics,Laptop,26817.18,1,10.0,26817.18,2681.72,24135.46,Debit Card,False,3.0
ORD102406,2026-01-23,CUST0288,Neha Sharma,East,Guwahati,Home & Kitchen,Non-Stick Cookware Set,2209.47,3,0.0,6628.41,0.0,6628.41,Net Banking,False,1.0
ORD104017,2026-01-23,CUST0821,Saanvi Rao,West,Ahmedabad,Fashion,Wrist Watch,4931.9,1,15.0,4931.9,739.78,4192.12,Credit Card,False,4.0
ORD101795,2026-01-23,CUST0406,Vikram Rao,North,Lucknow,Beauty & Personal Care,Face Serum,2818.54,1,0.0,2818.54,0.0,2818.54,Credit Card,False,4.0
ORD100814,2026-01-24,CUST0042,Riya Singh,North,Chandigarh,Fashion,Wrist Watch,5170.54,1,20.0,5170.54,1034.11,4136.43,Net Banking,True,4.0
ORD105613,2026-01-24,CUST0358,Pooja Iyer,North,Lucknow,Beauty & Personal Care,Hair Dryer,2422.63,1,5.0,2422.63,121.13,2301.5,Net Banking,False,5.0
ORD103125,2026-01-24,CUST0561,Lakshmi Rao,East,Kolkata,Fashion,Sunglasses,1617.91,1,0.0,1617.91,0.0,1617.91,Credit Card,False,4.0
ORD100537,2026-01-24,CUST0794,Shreya Verma,North,Jaipur,Sports & Fitness,Dumbbell Set,6175.57,1,0.0,6175.57,0.0,6175.57,Credit Card,False,5.0
ORD100629,2026-01-24,CUST0567,Rohan Malhotra,East,Guwahati,Sports & Fitness,Cycling Helmet,3375.34,1,20.0,3375.34,675.07,2700.27,Cash on Delivery,False,2.0
ORD104739,2026-01-24,CUST0437,Kavya Menon,South,Kochi,Electronics,Smartphone,49244.28,1,5.0,49244.28,2462.21,46782.07,Net Banking,False,5.0
ORD104444,2026-01-24,CUST0084,Lakshmi Das,North,Chandigarh,Home & Kitchen,Air Fryer,8389.63,1,0.0,8389.63,0.0,8389.63,UPI,False,5.0
ORD102940,2026-01-24,CUST0680,Manisha Chopra,East,Guwahati,Sports & Fitness,Cycling Helmet,6748.27,2,0.0,13496.54,0.0,13496.54,Debit Card,False,5.0
ORD103234,2026-01-24,CUST0142,Riya Pillai,South,Kochi,Fashion,Wrist Watch,4999.84,3,25.0,14999.52,3749.88,11249.64,Net Banking,False,5.0
ORD102940,2026-01-24,CUST0680,Manisha Chopra,East,Guwahati,Sports & Fitness,Cycling Helmet,6748.27,2,0.0,13496.54,0.0,13496.54,Debit Card,False,5.0
ORD104578,2026-01-24,CUST0399,Shreya Rao,West,Pune,Beauty & Personal Care,Perfume,1873.22,1,20.0,1873.22,374.64,1498.58,Credit Card,False,5.0
ORD103818,2026-01-24,CUST0351,Vivaan Chopra,North,Delhi,Fashion,Backpack,1950.1,1,5.0,1950.1,97.5,1852.6,Net Banking,False,4.0
ORD102630,2026-01-24,CUST0139,Shreya Reddy,South,Bengaluru,Home & Kitchen,Air Fryer,3863.92,1,25.0,3863.92,965.98,2897.94,Debit Card,False,4.0
ORD102182,2026-01-25,CUST0231,Kiran Mukherjee,East,Bhubaneswar,Electronics,Bluetooth Speaker,18434.9,1,5.0,18434.9,921.74,17513.16,Cash on Delivery,False,4.0
ORD102892,2026-01-25,CUST0221,Divya Das,North,Lucknow,Beauty & Personal Care,Trimmer,1475.62,1,0.0,1475.62,0.0,1475.62,UPI,False,4.0
ORD104660,2026-01-25,CUST0812,Vihaan Rao,West,Pune,Beauty & Personal Care,Face Serum,263.67,1,5.0,263.67,13.18,250.49,UPI,False,2.0
ORD103672,2026-01-25,CUST0787,Karthik Joshi,North,Chandigarh,Sports & Fitness,Dumbbell Set,6466.64,1,0.0,6466.64,0.0,6466.64,Credit Card,False,2.0
ORD103603,2026-01-25,CUST0275,Naveen Singh,East,Guwahati,Home & Kitchen,Water Purifier,7457.58,2,10.0,14915.16,1491.52,13423.64,Credit Card,False,5.0
ORD104911,2026-01-25,CUST0118,Ananya Das,South,Chennai,Electronics,Smartphone,22011.35,1,10.0,22011.35,2201.14,19810.21,UPI,False,4.0
ORD105908,2026-01-25,CUST0097,Priya Sharma,South,Chennai,Electronics,Wireless Earbuds,46131.21,1,10.0,46131.21,4613.12,41518.09,UPI,False,5.0
ORD104757,2026-01-25,CUST0656,Lakshmi Bose,West,Mumbai,Home & Kitchen,Non-Stick Cookware Set,8836.8,1,15.0,8836.8,1325.52,7511.28,Net Banking,False,5.0
ORD100248,2026-01-25,CUST0025,Riya Nair,East,Guwahati,Beauty & Personal Care,Skincare Kit,920.14,1,0.0,920.14,0.0,920.14,Credit Card,False,3.0
ORD103852,2026-01-25,CUST0422,Ananya Nair,North,Lucknow,Beauty & Personal Care,Skincare Kit,2630.58,1,0.0,2630.58,0.0,2630.58,Net Banking,False,5.0
ORD103228,2026-01-26,CUST0200,Sanjay Reddy,East,Patna,Fashion,Sunglasses,5382.34,1,15.0,5382.34,807.35,4574.99,Net Banking,False,4.0
ORD103511,2026-01-26,CUST0359,Manish Mukherjee,North,Chandigarh,Beauty & Personal Care,Face Serum,717.05,1,25.0,717.05,179.26,537.79,UPI,False,4.0
ORD105285,2026-01-26,CUST0473,Manisha Chopra,South,Hyderabad,Home & Kitchen,Air Fryer,3172.46,1,0.0,3172.46,0.0,3172.46,Credit Card,False,3.0
ORD102728,2026-01-26,CUST0182,Riya Joshi,North,Delhi,Beauty & Personal Care,Hair Dryer,1254.16,1,10.0,1254.16,125.42,1128.74,Net Banking,False,4.0
ORD100754,2026-01-26,CUST0350,Sneha Rao,West,Ahmedabad,Electronics,Smartphone,51026.64,1,0.0,51026.64,0.0,51026.64,Net Banking,False,4.0
ORD100408,2026-01-26,CUST0059,Meera Kapoor,West,Pune,Beauty & Personal Care,Perfume,3258.69,1,0.0,3258.69,0.0,3258.69,Net Banking,False,5.0
ORD105354,2026-01-26,CUST0212,Divya Sharma,North,Chandigarh,Electronics,Bluetooth Speaker,12514.42,1,0.0,12514.42,0.0,12514.42,Cash on Delivery,False,5.0
ORD101243,2026-01-26,CUST0039,Aarav Gupta,East,Bhubaneswar,Home & Kitchen,Non-Stick Cookware Set,6350.25,1,5.0,6350.25,317.51,6032.74,Net Banking,False,5.0
ORD103326,2026-01-26,CUST0358,Pooja Iyer,North,Lucknow,Home & Kitchen,Non-Stick Cookware Set,3810.24,1,5.0,3810.24,190.51,3619.73,UPI,True,4.0
ORD105182,2026-01-26,CUST0702,Manish Chopra,West,Surat,Home & Kitchen,Non-Stick Cookware Set,14721.69,2,0.0,29443.38,0.0,29443.38,UPI,False,5.0
ORD101510,2026-01-26,CUST0418,Shreya Desai,South,Kochi,Sports & Fitness,Dumbbell Set,5352.55,1,0.0,5352.55,0.0,5352.55,Credit Card,False,5.0
ORD101980,2026-01-26,CUST0789,Riya Pillai,North,Lucknow,Home & Kitchen,Air Fryer,2710.37,2,5.0,5420.74,271.04,5149.7,Net Banking,False,5.0
ORD102294,2026-01-27,CUST0549,Neha Bose,South,Bengaluru,Home & Kitchen,Air Fryer,1276.29,2,0.0,2552.58,0.0,2552.58,UPI,True,4.0
ORD100867,2026-01-27,CUST0639,Vihaan Chopra,West,Pune,Electronics,Wireless Earbuds,52049.69,2,0.0,104099.38,0.0,104099.38,UPI,False,2.0
ORD104956,2026-01-27,CUST0404,Neha Singh,North,Lucknow,Fashion,Sunglasses,3244.58,2,10.0,6489.16,648.92,5840.24,UPI,False,5.0
ORD103557,2026-01-27,CUST0070,Sai Pillai,North,Jaipur,Sports & Fitness,Cycling Helmet,3657.46,1,15.0,3657.46,548.62,3108.84,Cash on Delivery,False,5.0
ORD101590,2026-01-27,CUST0591,Deepak Menon,West,Mumbai,Home & Kitchen,Air Fryer,11554.82,1,20.0,11554.82,2310.96,9243.86,Net Banking,False,4.0
ORD101162,2026-01-27,CUST0649,Priya Pillai,South,Kochi,Beauty & Personal Care,Face Serum,2106.6,1,5.0,2106.6,105.33,2001.27,UPI,False,5.0
ORD101137,2026-01-27,CUST0397,Deepak Verma,East,Patna,Electronics,Bluetooth Speaker,9196.13,1,0.0,9196.13,0.0,9196.13,Cash on Delivery,False,5.0
ORD101285,2026-01-27,CUST0263,Manisha Joshi,South,Chennai,Fashion,Running Shoes,3514.93,1,15.0,3514.93,527.24,2987.69,UPI,False,1.0
ORD100139,2026-01-27,CUST0492,Swati Menon,North,Jaipur,Sports & Fitness,Dumbbell Set,2636.98,1,0.0,2636.98,0.0,2636.98,UPI,False,1.0
ORD103565,2026-01-27,CUST0472,Rohan Sharma,South,Bengaluru,Home & Kitchen,Air Fryer,6630.16,2,0.0,13260.32,0.0,13260.32,Cash on Delivery,False,4.0
ORD102458,2026-01-28,CUST0408,Naveen Menon,North,Delhi,Beauty & Personal Care,Skincare Kit,2333.78,2,20.0,4667.56,933.51,3734.05,Net Banking,False,4.0
ORD104955,2026-01-28,CUST0003,Krishna Gupta,South,Bengaluru,Sports & Fitness,Fitness Band,7812.37,1,0.0,7812.37,0.0,7812.37,Credit Card,False,4.0
ORD100267,2026-01-28,CUST0748,Nisha Kapoor,South,Chennai,Fashion,Running Shoes,1342.26,1,25.0,1342.26,335.56,1006.7,Credit Card,False,5.0
ORD105221,2026-01-28,CUST0589,Aarav Joshi,South,Chennai,Beauty & Personal Care,Perfume,595.28,1,5.0,595.28,29.76,565.52,Debit Card,False,5.0
ORD105938,2026-01-28,CUST0060,Deepak Kumar,East,Guwahati,Beauty & Personal Care,Hair Dryer,2917.91,1,0.0,2917.91,0.0,2917.91,UPI,False,4.0
ORD101346,2026-01-28,CUST0675,Zara Das,North,Delhi,Beauty & Personal Care,Perfume,576.73,1,10.0,576.73,57.67,519.06,Cash on Delivery,False,2.0
ORD101951,2026-01-28,CUST0285,Divya Joshi,North,Jaipur,Home & Kitchen,Vacuum Cleaner,13846.74,1,0.0,13846.74,0.0,13846.74,UPI,True,4.0
ORD101317,2026-01-29,CUST0221,Divya Das,North,Lucknow,Fashion,Wrist Watch,487.26,3,0.0,1461.78,0.0,1461.78,Debit Card,False,2.0
ORD105583,2026-01-29,CUST0808,Krishna Mukherjee,West,Surat,Fashion,Running Shoes,2511.97,1,0.0,2511.97,0.0,2511.97,UPI,False,5.0
ORD104971,2026-01-29,CUST0287,Kavya Kapoor,South,Hyderabad,Electronics,Laptop,41022.34,1,0.0,41022.34,0.0,41022.34,Credit Card,False,3.0
ORD105049,2026-01-29,CUST0018,Nisha Mukherjee,West,Surat,Electronics,Smartphone,53398.15,1,15.0,53398.15,8009.72,45388.43,Debit Card,False,5.0
ORD105792,2026-01-29,CUST0371,Riya Nair,East,Bhubaneswar,Sports & Fitness,Yoga Mat,5605.52,1,5.0,5605.52,280.28,5325.24,Net Banking,False,4.0
ORD102921,2026-01-29,CUST0397,Deepak Verma,East,Patna,Fashion,Running Shoes,1718.12,1,0.0,1718.12,0.0,1718.12,UPI,False,4.0
ORD104593,2026-01-29,CUST0280,Manisha Rao,West,Mumbai,Sports & Fitness,Dumbbell Set,2774.18,1,0.0,2774.18,0.0,2774.18,Debit Card,False,5.0
ORD100727,2026-01-29,CUST0844,Kiran Bose,West,Surat,Fashion,Wrist Watch,4083.56,1,5.0,4083.56,204.18,3879.38,UPI,False,4.0
ORD102452,2026-01-30,CUST0270,Nisha Kumar,North,Chandigarh,Fashion,Wrist Watch,3858.69,1,0.0,3858.69,0.0,3858.69,UPI,False,2.0
ORD102365,2026-01-30,CUST0479,Vihaan Pillai,North,Delhi,Sports & Fitness,Yoga Mat,4858.03,1,0.0,4858.03,0.0,4858.03,Credit Card,False,4.0
ORD104786,2026-01-30,CUST0111,Vivaan Sharma,West,Ahmedabad,Fashion,Denim Jacket,3932.69,1,0.0,3932.69,0.0,3932.69,UPI,False,3.0
ORD102636,2026-01-30,CUST0194,Naveen Reddy,East,Bhubaneswar,Fashion,Running Shoes,3939.46,1,0.0,3939.46,0.0,3939.46,Debit Card,False,4.0
ORD100478,2026-01-30,CUST0068,Isha Gupta,South,Bengaluru,Home & Kitchen,Mixer Grinder,14278.73,1,0.0,14278.73,0.0,14278.73,Credit Card,False,1.0
ORD104717,2026-01-30,CUST0134,Sanjay Rao,East,Kolkata,Sports & Fitness,Cycling Helmet,6717.33,1,0.0,6717.33,0.0,6717.33,Credit Card,False,3.0
ORD103596,2026-01-30,CUST0821,Saanvi Rao,West,Ahmedabad,Electronics,Wireless Earbuds,21770.21,2,0.0,43540.42,0.0,43540.42,Net Banking,False,5.0
ORD105198,2026-01-30,CUST0651,Zara Reddy,South,Kochi,Beauty & Personal Care,Trimmer,2158.3,2,0.0,4316.6,0.0,4316.6,Cash on Delivery,False,2.0
ORD102900,2026-01-30,CUST0215,Aditya Sharma,East,Patna,Electronics,Laptop,7253.94,1,25.0,7253.94,1813.48,5440.46,Net Banking,False,4.0
ORD101598,2026-01-31,CUST0352,Ananya Joshi,South,Kochi,Beauty & Personal Care,Skincare Kit,798.82,1,15.0,798.82,119.82,679.0,UPI,False,4.0
ORD103868,2026-01-31,CUST0541,Vikram Singh,South,Hyderabad,Beauty & Personal Care,Hair Dryer,1276.79,2,5.0,2553.58,127.68,2425.9,Credit Card,False,4.0
ORD102760,2026-01-31,CUST0259,Isha Singh,East,Patna,Sports & Fitness,Dumbbell Set,2036.93,3,20.0,6110.79,1222.16,4888.63,UPI,False,3.0
ORD100037,2026-01-31,CUST0168,Suresh Kapoor,South,Chennai,Electronics,Bluetooth Speaker,2141.4,1,5.0,2141.4,107.07,2034.33,UPI,False,5.0
ORD101460,2026-01-31,CUST0441,Swati Singh,North,Lucknow,Beauty & Personal Care,Hair Dryer,3491.88,1,0.0,3491.88,0.0,3491.88,Credit Card,False,1.0
ORD104704,2026-01-31,CUST0563,Sneha Pillai,West,Mumbai,Home & Kitchen,Vacuum Cleaner,11342.41,1,0.0,11342.41,0.0,11342.41,UPI,False,3.0
ORD102148,2026-01-31,CUST0350,Sneha Rao,West,Ahmedabad,Sports & Fitness,Resistance Bands,7297.7,1,10.0,7297.7,729.77,6567.93,Net Banking,False,3.0
ORD105930,2026-02-01,CUST0480,Vivaan Joshi,East,Guwahati,Home & Kitchen,Non-Stick Cookware Set,965.7,2,0.0,1931.4,0.0,1931.4,UPI,False,5.0
ORD101544,2026-02-01,CUST0263,Manisha Joshi,South,Chennai,Electronics,Bluetooth Speaker,3309.96,1,5.0,3309.96,165.5,3144.46,Net Banking,False,5.0
ORD105509,2026-02-01,CUST0039,Aarav Gupta,East,Bhubaneswar,Beauty & Personal Care,Face Serum,1379.92,1,0.0,1379.92,0.0,1379.92,Credit Card,False,5.0
ORD101258,2026-02-01,CUST0782,Neha Rao,North,Chandigarh,Electronics,Smartphone,44470.99,2,25.0,88941.98,22235.5,66706.48,Credit Card,False,5.0
ORD101896,2026-02-01,CUST0481,Kiran Nair,South,Chennai,Fashion,Wrist Watch,1420.01,2,0.0,2840.02,0.0,2840.02,Credit Card,False,4.0
ORD100991,2026-02-01,CUST0305,Arjun Kapoor,West,Mumbai,Sports & Fitness,Fitness Band,3243.37,1,25.0,3243.37,810.84,2432.53,Cash on Delivery,False,5.0
ORD105321,2026-02-01,CUST0713,Sanjay Gupta,West,Ahmedabad,Fashion,Denim Jacket,3933.41,1,0.0,3933.41,0.0,3933.41,UPI,False,5.0
ORD100463,2026-02-01,CUST0167,Diya Joshi,South,Chennai,Home & Kitchen,Water Purifier,11911.32,2,0.0,23822.64,0.0,23822.64,UPI,False,3.0
ORD105733,2026-02-02,CUST0535,Aditya Kumar,North,Jaipur,Sports & Fitness,Dumbbell Set,3975.38,1,0.0,3975.38,0.0,3975.38,Net Banking,False,5.0
ORD104755,2026-02-02,CUST0604,Swati Das,South,Bengaluru,Fashion,Sunglasses,1185.84,1,15.0,1185.84,177.88,1007.96,Debit Card,False,2.0
ORD103957,2026-02-02,CUST0640,Saanvi Sharma,North,Chandigarh,Fashion,Running Shoes,1514.93,1,0.0,1514.93,0.0,1514.93,Cash on Delivery,False,5.0
ORD104187,2026-02-02,CUST0161,Deepak Iyer,West,Pune,Home & Kitchen,Water Purifier,2383.16,1,0.0,2383.16,0.0,2383.16,UPI,False,4.0
ORD102295,2026-02-02,CUST0452,Kavya Joshi,North,Chandigarh,Sports & Fitness,Dumbbell Set,5038.79,1,0.0,5038.79,0.0,5038.79,UPI,False,4.0
ORD100099,2026-02-02,CUST0449,Anil Mukherjee,North,Chandigarh,Electronics,Smartwatch,49636.8,1,0.0,49636.8,0.0,49636.8,Debit Card,False,3.0
ORD104966,2026-02-02,CUST0505,Rahul Kapoor,North,Jaipur,Home & Kitchen,Air Fryer,6933.92,1,10.0,6933.92,693.39,6240.53,UPI,False,5.0
ORD100152,2026-02-02,CUST0532,Sanjay Rao,West,Mumbai,Fashion,Denim Jacket,2895.87,1,5.0,2895.87,144.79,2751.08,Net Banking,False,5.0
ORD101816,2026-02-02,CUST0340,Manish Joshi,North,Jaipur,Sports & Fitness,Cycling Helmet,7983.12,2,5.0,15966.24,798.31,15167.93,UPI,False,1.0
ORD104681,2026-02-02,CUST0173,Lakshmi Sharma,South,Kochi,Sports & Fitness,Dumbbell Set,5421.9,1,0.0,5421.9,0.0,5421.9,Credit Card,False,5.0
ORD100399,2026-02-03,CUST0461,Aditya Gupta,North,Delhi,Fashion,Denim Jacket,2644.73,1,0.0,2644.73,0.0,2644.73,Debit Card,False,2.0
ORD103015,2026-02-03,CUST0015,Meera Kapoor,West,Surat,Beauty & Personal Care,Perfume,941.71,1,5.0,941.71,47.09,894.62,UPI,False,5.0
ORD101039,2026-02-03,CUST0675,Zara Das,North,Delhi,Beauty & Personal Care,Face Serum,2956.12,1,0.0,2956.12,0.0,2956.12,Credit Card,False,3.0
ORD102160,2026-02-03,CUST0208,Vikram Bose,East,Kolkata,Electronics,Laptop,26660.04,1,5.0,26660.04,1333.0,25327.04,Debit Card,False,5.0
ORD101111,2026-02-03,CUST0164,Zara Sharma,West,Surat,Fashion,Running Shoes,2803.83,1,10.0,2803.83,280.38,2523.45,UPI,False,1.0
ORD101745,2026-02-03,CUST0433,Ananya Kapoor,South,Hyderabad,Beauty & Personal Care,Hair Dryer,1125.44,1,0.0,1125.44,0.0,1125.44,Cash on Delivery,False,2.0
ORD100010,2026-02-03,CUST0485,Rohan Singh,West,Ahmedabad,Sports & Fitness,Resistance Bands,2292.7,1,0.0,2292.7,0.0,2292.7,Cash on Delivery,False,2.0
ORD104875,2026-02-04,CUST0692,Manisha Singh,West,Pune,Fashion,Backpack,2743.63,1,0.0,2743.63,0.0,2743.63,Net Banking,False,4.0
ORD102531,2026-02-04,CUST0812,Vihaan Rao,West,Pune,Beauty & Personal Care,Hair Dryer,1477.03,1,20.0,1477.03,295.41,1181.62,Net Banking,False,3.0
ORD105962,2026-02-04,CUST0231,Kiran Mukherjee,East,Bhubaneswar,Sports & Fitness,Resistance Bands,6346.73,2,5.0,12693.46,634.67,12058.79,Credit Card,False,3.0
ORD105257,2026-02-04,CUST0003,Krishna Gupta,South,Bengaluru,Beauty & Personal Care,Perfume,269.72,1,0.0,269.72,0.0,269.72,Net Banking,False,3.0
ORD104645,2026-02-04,CUST0687,Diya Kumar,South,Chennai,Beauty & Personal Care,Face Serum,2054.79,2,0.0,4109.58,0.0,4109.58,Net Banking,False,4.0
ORD104116,2026-02-04,CUST0789,Riya Pillai,North,Lucknow,Home & Kitchen,Vacuum Cleaner,3913.62,1,0.0,3913.62,0.0,3913.62,Cash on Delivery,False,4.0
ORD102615,2026-02-04,CUST0607,Anil Gupta,West,Mumbai,Beauty & Personal Care,Skincare Kit,2389.0,1,0.0,2389.0,0.0,2389.0,Debit Card,False,4.0
ORD101643,2026-02-04,CUST0167,Diya Joshi,South,Chennai,Fashion,Denim Jacket,4919.28,1,5.0,4919.28,245.96,4673.32,UPI,False,4.0
ORD100215,2026-02-04,CUST0387,Anil Das,East,Patna,Sports & Fitness,Resistance Bands,6120.94,1,0.0,6120.94,0.0,6120.94,Debit Card,False,3.0
ORD104881,2026-02-05,CUST0306,Anil Verma,South,Kochi,Home & Kitchen,Water Purifier,7771.64,1,5.0,7771.64,388.58,7383.06,UPI,False,4.0
ORD103429,2026-02-05,CUST0812,Vihaan Rao,West,Pune,Sports & Fitness,Dumbbell Set,6090.2,1,20.0,6090.2,1218.04,4872.16,Net Banking,False,4.0
ORD100715,2026-02-05,CUST0471,Rohan Reddy,East,Bhubaneswar,Electronics,Smartphone,25269.03,1,0.0,25269.03,0.0,25269.03,UPI,False,5.0
ORD100898,2026-02-05,CUST0346,Ramesh Nair,South,Kochi,Home & Kitchen,Vacuum Cleaner,9731.74,1,0.0,9731.74,0.0,9731.74,UPI,False,5.0
ORD101894,2026-02-06,CUST0533,Vihaan Sharma,East,Bhubaneswar,Sports & Fitness,Fitness Band,7774.92,1,0.0,7774.92,0.0,7774.92,Debit Card,False,5.0
ORD100606,2026-02-06,CUST0190,Nisha Reddy,South,Hyderabad,Fashion,Running Shoes,1698.33,1,5.0,1698.33,84.92,1613.41,Net Banking,False,3.0
ORD101936,2026-02-06,CUST0728,Pooja Verma,North,Lucknow,Electronics,Bluetooth Speaker,24480.67,1,0.0,24480.67,0.0,24480.67,Credit Card,False,2.0
ORD100008,2026-02-06,CUST0473,Manisha Chopra,South,Hyderabad,Home & Kitchen,Non-Stick Cookware Set,6387.84,2,15.0,12775.68,1916.35,10859.33,Debit Card,False,2.0
ORD104649,2026-02-06,CUST0144,Sai Iyer,South,Bengaluru,Electronics,Wireless Earbuds,43635.79,1,0.0,43635.79,0.0,43635.79,UPI,False,3.0
ORD105367,2026-02-06,CUST0468,Shreya Reddy,West,Mumbai,Fashion,Backpack,4648.14,1,20.0,4648.14,929.63,3718.51,UPI,False,4.0
ORD102012,2026-02-06,CUST0511,Manisha Verma,West,Ahmedabad,Home & Kitchen,Vacuum Cleaner,12852.42,1,10.0,12852.42,1285.24,11567.18,Credit Card,False,5.0
ORD104691,2026-02-07,CUST0124,Saanvi Verma,North,Jaipur,Electronics,Smartwatch,37408.12,1,20.0,37408.12,7481.62,29926.5,Debit Card,False,5.0
ORD101890,2026-02-07,CUST0637,Swati Pillai,North,Jaipur,Beauty & Personal Care,Face Serum,984.86,1,0.0,984.86,0.0,984.86,UPI,False,4.0
ORD100763,2026-02-07,CUST0256,Rohan Pillai,East,Patna,Sports & Fitness,Dumbbell Set,7376.14,1,0.0,7376.14,0.0,7376.14,Debit Card,False,3.0
ORD102196,2026-02-07,CUST0510,Anil Menon,East,Guwahati,Sports & Fitness,Yoga Mat,1646.99,1,5.0,1646.99,82.35,1564.64,UPI,False,5.0
ORD102970,2026-02-07,CUST0095,Sneha Rao,East,Kolkata,Beauty & Personal Care,Perfume,1724.11,1,5.0,1724.11,86.21,1637.9,UPI,False,5.0
ORD102134,2026-02-07,CUST0655,Vihaan Mukherjee,South,Kochi,Electronics,Bluetooth Speaker,1971.27,2,10.0,3942.54,394.25,3548.29,Credit Card,False,4.0
ORD102159,2026-02-07,CUST0271,Deepak Joshi,East,Guwahati,Fashion,Wrist Watch,528.12,2,5.0,1056.24,52.81,1003.43,Credit Card,False,1.0
ORD100682,2026-02-07,CUST0569,Riya Malhotra,East,Guwahati,Electronics,Laptop,29601.55,1,15.0,29601.55,4440.23,25161.32,Credit Card,False,3.0
ORD103122,2026-02-08,CUST0362,Karthik Rao,West,Surat,Fashion,Wrist Watch,577.49,1,15.0,577.49,86.62,490.87,Debit Card,False,5.0
ORD100943,2026-02-08,CUST0384,Naveen Kumar,North,Jaipur,Sports & Fitness,Resistance Bands,7070.78,1,15.0,7070.78,1060.62,6010.16,Credit Card,False,5.0
ORD100133,2026-02-08,CUST0208,Vikram Bose,East,Kolkata,Electronics,Smartphone,45517.45,2,0.0,91034.9,0.0,91034.9,Credit Card,False,5.0
ORD102213,2026-02-08,CUST0333,Suresh Kapoor,West,Mumbai,Electronics,Smartphone,8048.49,1,0.0,8048.49,0.0,8048.49,Cash on Delivery,False,5.0
ORD103049,2026-02-08,CUST0519,Rahul Das,North,Lucknow,Electronics,Laptop,47253.75,1,10.0,47253.75,4725.38,42528.37,Cash on Delivery,False,5.0
ORD105301,2026-02-08,CUST0664,Vikram Menon,East,Kolkata,Beauty & Personal Care,Hair Dryer,2687.07,1,5.0,2687.07,134.35,2552.72,Net Banking,False,5.0
ORD104949,2026-02-09,CUST0728,Pooja Verma,North,Lucknow,Sports & Fitness,Yoga Mat,4480.12,1,10.0,4480.12,448.01,4032.11,Cash on Delivery,False,3.0
ORD100745,2026-02-09,CUST0066,Meera Menon,West,Surat,Beauty & Personal Care,Skincare Kit,431.86,2,0.0,863.72,0.0,863.72,UPI,False,
ORD103882,2026-02-09,CUST0492,Swati Menon,North,Jaipur,Electronics,Wireless Earbuds,25710.48,1,5.0,25710.48,1285.52,24424.96,Credit Card,False,1.0
ORD102111,2026-02-09,CUST0164,Zara Sharma,West,Surat,Beauty & Personal Care,Trimmer,1200.85,1,0.0,1200.85,0.0,1200.85,Credit Card,False,1.0
ORD104579,2026-02-09,CUST0174,Krishna Pillai,East,Patna,Electronics,Smartwatch,12342.29,1,5.0,12342.29,617.11,11725.18,Credit Card,False,5.0
ORD100951,2026-02-09,CUST0030,Sneha Kumar,North,Chandigarh,Electronics,Bluetooth Speaker,45989.15,1,0.0,45989.15,0.0,45989.15,UPI,False,4.0
ORD101383,2026-02-09,CUST0560,Zara Reddy,South,Chennai,Sports & Fitness,Resistance Bands,428.68,1,5.0,428.68,21.43,407.25,Debit Card,False,4.0
ORD105148,2026-02-10,CUST0053,Aarav Iyer,North,Delhi,Home & Kitchen,Air Fryer,5607.73,2,5.0,11215.46,560.77,10654.69,Net Banking,False,4.0
ORD103080,2026-02-10,CUST0813,Karthik Iyer,East,Kolkata,Home & Kitchen,Air Fryer,11795.12,1,5.0,11795.12,589.76,11205.36,Cash on Delivery,False,4.0
ORD101177,2026-02-10,CUST0488,Deepak Malhotra,South,Bengaluru,Sports & Fitness,Yoga Mat,5630.37,1,0.0,5630.37,0.0,5630.37,UPI,False,3.0
ORD102027,2026-02-10,CUST0589,Aarav Joshi,South,Chennai,Beauty & Personal Care,Hair Dryer,884.25,1,0.0,884.25,0.0,884.25,Credit Card,False,5.0
ORD102078,2026-02-10,CUST0784,Anil Sharma,South,Kochi,Home & Kitchen,Water Purifier,8451.64,1,5.0,8451.64,422.58,8029.06,UPI,False,2.0
ORD100884,2026-02-10,CUST0160,Nisha Kumar,East,Bhubaneswar,Beauty & Personal Care,Perfume,2974.33,2,0.0,5948.66,0.0,5948.66,UPI,False,3.0
ORD100069,2026-02-11,CUST0730,Sanjay Reddy,East,Kolkata,Fashion,Denim Jacket,3302.85,1,5.0,3302.85,165.14,3137.71,Net Banking,False,3.0
ORD101720,2026-02-11,CUST0455,Shreya Das,South,Kochi,Sports & Fitness,Cycling Helmet,5798.18,2,0.0,11596.36,0.0,11596.36,Credit Card,False,1.0
ORD100749,2026-02-11,CUST0636,Lakshmi Menon,West,Ahmedabad,Beauty & Personal Care,Perfume,1909.68,1,0.0,1909.68,0.0,1909.68,Debit Card,False,5.0
ORD100151,2026-02-11,CUST0696,Isha Reddy,West,Surat,Sports & Fitness,Fitness Band,4657.34,1,0.0,4657.34,0.0,4657.34,Debit Card,False,4.0
ORD100311,2026-02-11,CUST0687,Diya Kumar,South,Chennai,Home & Kitchen,Vacuum Cleaner,12817.68,1,10.0,12817.68,1281.77,11535.91,Credit Card,False,5.0
ORD105591,2026-02-11,CUST0417,Tara Desai,East,Kolkata,Home & Kitchen,Air Fryer,13866.51,1,20.0,13866.51,2773.3,11093.21,Credit Card,False,5.0
ORD105526,2026-02-11,CUST0699,Pooja Joshi,North,Chandigarh,Fashion,Sunglasses,2579.2,2,20.0,5158.4,1031.68,4126.72,Credit Card,False,1.0
ORD102787,2026-02-12,CUST0643,Sneha Chopra,West,Mumbai,Home & Kitchen,Mixer Grinder,9445.74,1,0.0,9445.74,0.0,9445.74,Credit Card,False,5.0
ORD101256,2026-02-12,CUST0056,Aarav Reddy,West,Mumbai,Fashion,Denim Jacket,2300.88,1,5.0,2300.88,115.04,2185.84,UPI,False,5.0
ORD100444,2026-02-12,CUST0145,Lakshmi Das,North,Lucknow,Home & Kitchen,Water Purifier,14668.51,1,5.0,14668.51,733.43,13935.08,Debit Card,False,5.0
ORD102141,2026-02-12,CUST0270,Nisha Kumar,North,Chandigarh,Fashion,Wrist Watch,4658.56,1,10.0,4658.56,465.86,4192.7,UPI,False,4.0
ORD100916,2026-02-12,CUST0749,Ramesh Menon,South,Hyderabad,Fashion,Wrist Watch,2987.84,1,5.0,2987.84,149.39,2838.45,Cash on Delivery,False,4.0
ORD103137,2026-02-12,CUST0806,Neha Patel,West,Mumbai,Electronics,Wireless Earbuds,37833.99,2,10.0,75667.98,7566.8,68101.18,Net Banking,False,2.0
ORD104382,2026-02-12,CUST0728,Pooja Verma,North,Lucknow,Electronics,Bluetooth Speaker,19723.06,1,0.0,19723.06,0.0,19723.06,Cash on Delivery,False,4.0
ORD100046,2026-02-12,CUST0391,Saanvi Kapoor,East,Kolkata,Beauty & Personal Care,Trimmer,2478.37,1,0.0,2478.37,0.0,2478.37,UPI,False,5.0
ORD105152,2026-02-12,CUST0635,Sneha Iyer,South,Chennai,Home & Kitchen,Non-Stick Cookware Set,12845.42,3,0.0,38536.26,0.0,38536.26,UPI,False,4.0
ORD103197,2026-02-13,CUST0413,Ananya Singh,East,Bhubaneswar,Beauty & Personal Care,Perfume,2723.79,1,25.0,2723.79,680.95,2042.84,Cash on Delivery,False,4.0
ORD100746,2026-02-13,CUST0267,Anil Chopra,East,Bhubaneswar,Sports & Fitness,Dumbbell Set,6946.11,1,0.0,6946.11,0.0,6946.11,Credit Card,False,4.0
ORD103765,2026-02-13,CUST0307,Rohan Mukherjee,South,Kochi,Fashion,Sunglasses,4760.23,1,0.0,4760.23,0.0,4760.23,Cash on Delivery,False,3.0
ORD101526,2026-02-13,CUST0209,Vivaan Das,North,Lucknow,Electronics,Laptop,12503.67,1,0.0,12503.67,0.0,12503.67,Credit Card,False,4.0
ORD101971,2026-02-13,CUST0733,Vihaan Das,East,Patna,Beauty & Personal Care,Face Serum,1208.98,1,0.0,1208.98,0.0,1208.98,UPI,False,4.0
ORD102292,2026-02-13,CUST0560,Zara Reddy,South,Chennai,Beauty & Personal Care,Perfume,1901.13,1,0.0,1901.13,0.0,1901.13,Credit Card,False,5.0
ORD100663,2026-02-14,CUST0784,Anil Sharma,South,Kochi,Beauty & Personal Care,Hair Dryer,2971.19,1,0.0,2971.19,0.0,2971.19,UPI,True,4.0
ORD102793,2026-02-14,CUST0008,Vikram Pillai,West,Mumbai,Beauty & Personal Care,Skincare Kit,436.88,1,0.0,436.88,0.0,436.88,UPI,False,5.0
ORD100701,2026-02-14,CUST0642,Vivaan Iyer,West,Surat,Sports & Fitness,Resistance Bands,4434.97,2,0.0,8869.94,0.0,8869.94,Credit Card,False,4.0
ORD101208,2026-02-14,CUST0601,Sneha Patel,South,Hyderabad,Electronics,Smartwatch,23290.5,2,0.0,46581.0,0.0,46581.0,UPI,False,3.0
ORD100263,2026-02-14,CUST0836,Meera Verma,North,Delhi,Electronics,Wireless Earbuds,1297.49,1,0.0,1297.49,0.0,1297.49,Credit Card,False,5.0
ORD101116,2026-02-14,CUST0507,Rohan Desai,West,Surat,Beauty & Personal Care,Skincare Kit,3185.42,1,0.0,3185.42,0.0,3185.42,Credit Card,False,4.0
ORD102674,2026-02-14,CUST0134,Sanjay Rao,East,Kolkata,Sports & Fitness,Yoga Mat,2801.53,1,0.0,2801.53,0.0,2801.53,Credit Card,False,5.0
ORD104991,2026-02-15,CUST0283,Rahul Menon,East,Kolkata,Electronics,Bluetooth Speaker,53239.16,1,0.0,53239.16,0.0,53239.16,Net Banking,True,4.0
ORD102553,2026-02-15,CUST0789,Riya Pillai,North,Lucknow,Electronics,Laptop,16931.74,1,5.0,16931.74,846.59,16085.15,Credit Card,False,5.0
ORD104037,2026-02-15,CUST0195,Sanjay Malhotra,South,Chennai,Sports & Fitness,Fitness Band,4096.92,1,5.0,4096.92,204.85,3892.07,Cash on Delivery,False,5.0
ORD104878,2026-02-15,CUST0811,Zara Bose,South,Chennai,Sports & Fitness,Resistance Bands,2763.96,1,5.0,2763.96,138.2,2625.76,UPI,False,2.0
ORD102727,2026-02-15,CUST0696,Isha Reddy,West,Surat,Electronics,Smartwatch,25257.82,1,20.0,25257.82,5051.56,20206.26,UPI,False,4.0
ORD105819,2026-02-15,CUST0445,Rahul Reddy,West,Mumbai,Beauty & Personal Care,Skincare Kit,2855.15,1,25.0,2855.15,713.79,2141.36,UPI,False,3.0
ORD102702,2026-02-15,CUST0306,Anil Verma,South,Kochi,Fashion,Running Shoes,1148.46,1,10.0,1148.46,114.85,1033.61,Net Banking,False,1.0
ORD105107,2026-02-15,CUST0707,Isha Menon,West,Pune,Home & Kitchen,Non-Stick Cookware Set,5701.9,1,0.0,5701.9,0.0,5701.9,Credit Card,False,4.0
ORD105904,2026-02-15,CUST0570,Ishaan Singh,East,Bhubaneswar,Sports & Fitness,Yoga Mat,756.32,1,20.0,756.32,151.26,605.06,Net Banking,False,5.0
ORD101693,2026-02-16,CUST0443,Lakshmi Malhotra,East,Bhubaneswar,Fashion,Denim Jacket,4020.86,2,20.0,8041.72,1608.34,6433.38,Credit Card,False,3.0
ORD100757,2026-02-16,CUST0763,Saanvi Kapoor,East,Patna,Home & Kitchen,Non-Stick Cookware Set,12261.27,1,0.0,12261.27,0.0,12261.27,Credit Card,False,5.0
ORD104412,2026-02-16,CUST0780,Rahul Mukherjee,North,Delhi,Sports & Fitness,Resistance Bands,2466.77,3,15.0,7400.31,1110.05,6290.26,Net Banking,False,5.0
ORD104419,2026-02-16,CUST0389,Anil Nair,South,Hyderabad,Beauty & Personal Care,Hair Dryer,2275.37,1,20.0,2275.37,455.07,1820.3,Debit Card,False,5.0
ORD105131,2026-02-16,CUST0454,Suresh Kapoor,West,Mumbai,Beauty & Personal Care,Hair Dryer,1421.18,1,0.0,1421.18,0.0,1421.18,UPI,False,4.0
ORD102978,2026-02-16,CUST0408,Naveen Menon,North,Delhi,Fashion,Backpack,2068.61,1,0.0,2068.61,0.0,2068.61,Cash on Delivery,False,3.0
ORD105863,2026-02-17,CUST0043,Divya Iyer,West,Ahmedabad,Fashion,Wrist Watch,3951.47,1,0.0,3951.47,0.0,3951.47,UPI,False,5.0
ORD102816,2026-02-17,CUST0449,Anil Mukherjee,North,Chandigarh,Fashion,Denim Jacket,5235.93,1,10.0,5235.93,523.59,4712.34,Net Banking,False,4.0
ORD100945,2026-02-17,CUST0578,Kiran Patel,North,Chandigarh,Home & Kitchen,Non-Stick Cookware Set,13886.58,1,0.0,13886.58,0.0,13886.58,UPI,False,5.0
ORD105233,2026-02-17,CUST0845,Sanjay Kumar,North,Lucknow,Beauty & Personal Care,Perfume,1298.64,2,10.0,2597.28,259.73,2337.55,Credit Card,False,5.0
ORD100861,2026-02-17,CUST0039,Aarav Gupta,East,Bhubaneswar,Beauty & Personal Care,Skincare Kit,893.41,2,0.0,1786.82,0.0,1786.82,Credit Card,False,5.0
ORD105840,2026-02-18,CUST0753,Manish Iyer,South,Bengaluru,Electronics,Smartwatch,35822.86,1,5.0,35822.86,1791.14,34031.72,Credit Card,False,2.0
ORD105840,2026-02-18,CUST0753,Manish Iyer,South,Bengaluru,Electronics,Smartwatch,35822.86,1,5.0,35822.86,1791.14,34031.72,Credit Card,False,2.0
ORD104678,2026-02-18,CUST0412,Vivaan Kapoor,West,Mumbai,Home & Kitchen,Air Fryer,7687.76,1,25.0,7687.76,1921.94,5765.82,UPI,False,5.0
ORD102718,2026-02-18,CUST0709,Kiran Rao,East,Bhubaneswar,Sports & Fitness,Dumbbell Set,993.12,1,20.0,993.12,198.62,794.5,Debit Card,False,5.0
ORD102891,2026-02-18,CUST0096,Karthik Menon,South,Kochi,Home & Kitchen,Mixer Grinder,6740.63,1,15.0,6740.63,1011.09,5729.54,Credit Card,False,4.0
ORD104095,2026-02-18,CUST0650,Rohan Gupta,West,Mumbai,Beauty & Personal Care,Face Serum,667.52,1,0.0,667.52,0.0,667.52,Cash on Delivery,False,5.0
ORD105980,2026-02-19,CUST0789,Riya Pillai,North,Lucknow,Beauty & Personal Care,Skincare Kit,3368.57,1,15.0,3368.57,505.29,2863.28,Credit Card,False,5.0
ORD100488,2026-02-19,CUST0284,Lakshmi Nair,West,Pune,Electronics,Smartwatch,32322.35,1,20.0,32322.35,6464.47,25857.88,UPI,False,1.0
ORD103223,2026-02-19,CUST0461,Aditya Gupta,North,Delhi,Electronics,Bluetooth Speaker,51873.97,1,10.0,51873.97,5187.4,46686.57,UPI,False,4.0
ORD103315,2026-02-19,CUST0361,Saanvi Kumar,West,Surat,Fashion,Running Shoes,2694.42,1,0.0,2694.42,0.0,2694.42,Debit Card,False,4.0
ORD104175,2026-02-19,CUST0481,Kiran Nair,South,Chennai,Home & Kitchen,Water Purifier,6652.79,1,15.0,6652.79,997.92,5654.87,Credit Card,False,3.0
ORD105580,2026-02-19,CUST0650,Rohan Gupta,West,Mumbai,Sports & Fitness,Yoga Mat,6725.91,1,0.0,6725.91,0.0,6725.91,Debit Card,False,5.0
ORD100367,2026-02-19,CUST0300,Zara Chopra,West,Pune,Electronics,Wireless Earbuds,42181.76,1,25.0,42181.76,10545.44,31636.32,Net Banking,False,4.0
ORD103792,2026-02-19,CUST0141,Divya Das,South,Chennai,Sports & Fitness,Dumbbell Set,5780.67,1,15.0,5780.67,867.1,4913.57,UPI,False,2.0
ORD103722,2026-02-20,CUST0756,Priya Reddy,West,Mumbai,Fashion,Sunglasses,578.84,2,0.0,1157.68,0.0,1157.68,Credit Card,False,5.0
ORD105436,2026-02-20,CUST0397,Deepak Verma,East,Patna,Sports & Fitness,Yoga Mat,3809.7,1,25.0,3809.7,952.42,2857.28,Credit Card,False,1.0
ORD102288,2026-02-20,CUST0293,Krishna Rao,West,Surat,Beauty & Personal Care,Perfume,979.39,1,0.0,979.39,0.0,979.39,UPI,False,2.0
ORD103722,2026-02-20,CUST0756,Priya Reddy,West,Mumbai,Fashion,Sunglasses,578.84,2,0.0,1157.68,0.0,1157.68,Credit Card,False,5.0
ORD100470,2026-02-20,CUST0675,Zara Das,North,Delhi,Beauty & Personal Care,Face Serum,1653.13,1,5.0,1653.13,82.66,1570.47,UPI,False,5.0
ORD101378,2026-02-20,CUST0435,Divya Das,East,Patna,Beauty & Personal Care,Hair Dryer,1340.98,1,20.0,1340.98,268.2,1072.78,Debit Card,False,5.0
ORD105369,2026-02-20,CUST0404,Neha Singh,North,Lucknow,Fashion,Running Shoes,4070.21,1,0.0,4070.21,0.0,4070.21,Credit Card,False,4.0
ORD103425,2026-02-21,CUST0636,Lakshmi Menon,West,Ahmedabad,Fashion,Running Shoes,5025.87,1,10.0,5025.87,502.59,4523.28,Credit Card,False,5.0
ORD105050,2026-02-21,CUST0053,Aarav Iyer,North,Delhi,Sports & Fitness,Fitness Band,6049.4,1,5.0,6049.4,302.47,5746.93,UPI,False,3.0
ORD104985,2026-02-21,CUST0660,Vikram Nair,South,Chennai,Electronics,Wireless Earbuds,7005.11,3,0.0,21015.33,0.0,21015.33,UPI,False,4.0
ORD102192,2026-02-21,CUST0242,Naveen Malhotra,West,Pune,Sports & Fitness,Resistance Bands,6967.79,2,0.0,13935.58,0.0,13935.58,Debit Card,False,5.0
ORD105252,2026-02-21,CUST0165,Krishna Malhotra,North,Lucknow,Electronics,Wireless Earbuds,18314.15,1,0.0,18314.15,0.0,18314.15,Credit Card,False,1.0
ORD101630,2026-02-21,CUST0109,Divya Gupta,West,Pune,Sports & Fitness,Dumbbell Set,7436.73,3,0.0,22310.19,0.0,22310.19,UPI,False,5.0
ORD103203,2026-02-21,CUST0789,Riya Pillai,North,Lucknow,Fashion,Running Shoes,5278.82,1,0.0,5278.82,0.0,5278.82,Credit Card,False,5.0
ORD102404,2026-02-21,CUST0282,Rahul Bose,East,Guwahati,Sports & Fitness,Fitness Band,3423.49,1,5.0,3423.49,171.17,3252.32,UPI,False,4.0
ORD101963,2026-02-21,CUST0537,Sneha Sharma,West,Surat,Fashion,Running Shoes,5557.89,1,5.0,5557.89,277.89,5280.0,Cash on Delivery,False,4.0
ORD101499,2026-02-21,CUST0499,Swati Patel,South,Hyderabad,Sports & Fitness,Cycling Helmet,3774.32,2,0.0,7548.64,0.0,7548.64,UPI,False,3.0
ORD105405,2026-02-21,CUST0039,Aarav Gupta,East,Bhubaneswar,Sports & Fitness,Yoga Mat,857.91,1,0.0,857.91,0.0,857.91,Credit Card,False,5.0
ORD101755,2026-02-22,CUST0035,Rahul Bose,North,Lucknow,Fashion,Denim Jacket,2525.18,1,0.0,2525.18,0.0,2525.18,Credit Card,False,1.0
ORD102546,2026-02-22,CUST0700,Aditya Singh,North,Lucknow,Beauty & Personal Care,Face Serum,3249.46,2,5.0,6498.92,324.95,6173.97,UPI,False,5.0
ORD102846,2026-02-22,CUST0606,Swati Kumar,South,Chennai,Home & Kitchen,Non-Stick Cookware Set,9543.61,1,0.0,9543.61,0.0,9543.61,Cash on Delivery,False,5.0
ORD102019,2026-02-22,CUST0298,Kiran Das,North,Lucknow,Sports & Fitness,Yoga Mat,5011.26,1,5.0,5011.26,250.56,4760.7,Credit Card,False,1.0
ORD102082,2026-02-22,CUST0120,Manisha Singh,West,Pune,Sports & Fitness,Cycling Helmet,4526.91,1,5.0,4526.91,226.35,4300.56,Debit Card,False,5.0
ORD101428,2026-02-22,CUST0223,Ramesh Kumar,North,Chandigarh,Sports & Fitness,Resistance Bands,7789.17,2,10.0,15578.34,1557.83,14020.51,UPI,False,2.0
ORD105352,2026-02-22,CUST0321,Rohan Joshi,North,Chandigarh,Beauty & Personal Care,Face Serum,2080.2,1,0.0,2080.2,0.0,2080.2,Net Banking,False,5.0
ORD104960,2026-02-23,CUST0684,Ananya Patel,North,Lucknow,Home & Kitchen,Air Fryer,12655.51,2,0.0,25311.02,0.0,25311.02,UPI,False,5.0
ORD102390,2026-02-23,CUST0461,Aditya Gupta,North,Delhi,Sports & Fitness,Resistance Bands,2253.26,2,10.0,4506.52,450.65,4055.87,Credit Card,False,5.0
ORD103903,2026-02-23,CUST0164,Zara Sharma,West,Surat,Electronics,Smartphone,9586.61,1,5.0,9586.61,479.33,9107.28,UPI,False,2.0
ORD102757,2026-02-23,CUST0335,Vivaan Menon,East,Guwahati,Home & Kitchen,Water Purifier,14497.96,1,0.0,14497.96,0.0,14497.96,UPI,False,5.0
ORD105905,2026-02-23,CUST0612,Tara Reddy,North,Lucknow,Electronics,Laptop,9704.95,2,0.0,19409.9,0.0,19409.9,UPI,False,4.0
ORD102986,2026-02-23,CUST0563,Sneha Pillai,West,Mumbai,Beauty & Personal Care,Skincare Kit,2023.85,1,5.0,2023.85,101.19,1922.66,Credit Card,False,5.0
ORD101593,2026-02-23,CUST0084,Lakshmi Das,North,Chandigarh,Fashion,Denim Jacket,5351.02,1,5.0,5351.02,267.55,5083.47,Credit Card,False,1.0
ORD101230,2026-02-23,CUST0322,Riya Malhotra,East,Guwahati,Fashion,Denim Jacket,1921.97,2,25.0,3843.94,960.98,2882.96,Net Banking,False,3.0
ORD101814,2026-02-24,CUST0328,Naveen Singh,North,Jaipur,Beauty & Personal Care,Hair Dryer,2200.5,1,25.0,2200.5,550.12,1650.38,UPI,False,4.0
ORD102667,2026-02-24,CUST0817,Isha Chopra,East,Bhubaneswar,Electronics,Bluetooth Speaker,15143.1,1,0.0,15143.1,0.0,15143.1,Credit Card,False,4.0
ORD105286,2026-02-24,CUST0462,Krishna Kumar,West,Ahmedabad,Electronics,Wireless Earbuds,25585.18,1,5.0,25585.18,1279.26,24305.92,Credit Card,False,4.0
ORD104197,2026-02-24,CUST0155,Karthik Verma,South,Chennai,Beauty & Personal Care,Face Serum,1183.55,2,0.0,2367.1,0.0,2367.1,Debit Card,False,4.0
ORD104049,2026-02-24,CUST0468,Shreya Reddy,West,Mumbai,Home & Kitchen,Air Fryer,2839.25,1,15.0,2839.25,425.89,2413.36,Debit Card,False,3.0
ORD103613,2026-02-24,CUST0794,Shreya Verma,North,Jaipur,Fashion,Wrist Watch,4529.03,1,5.0,4529.03,226.45,4302.58,Credit Card,False,4.0
ORD103100,2026-02-24,CUST0820,Krishna Joshi,East,Bhubaneswar,Electronics,Laptop,33422.08,1,0.0,33422.08,0.0,33422.08,Debit Card,False,5.0
ORD100495,2026-02-24,CUST0606,Swati Kumar,South,Chennai,Fashion,Running Shoes,1370.89,1,0.0,1370.89,0.0,1370.89,Net Banking,False,5.0
ORD104636,2026-02-24,CUST0743,Meera Joshi,East,Patna,Beauty & Personal Care,Face Serum,1050.53,1,15.0,1050.53,157.58,892.95,UPI,False,5.0
ORD101205,2026-02-24,CUST0406,Vikram Rao,North,Lucknow,Home & Kitchen,Vacuum Cleaner,14275.02,1,15.0,14275.02,2141.25,12133.77,Credit Card,False,4.0
ORD100772,2026-02-24,CUST0498,Ramesh Malhotra,South,Bengaluru,Home & Kitchen,Vacuum Cleaner,12782.34,1,0.0,12782.34,0.0,12782.34,Credit Card,False,5.0
ORD100117,2026-02-24,CUST0789,Riya Pillai,North,Lucknow,Electronics,Laptop,37209.17,2,0.0,74418.34,0.0,74418.34,UPI,False,3.0
ORD104900,2026-02-24,CUST0733,Vihaan Das,East,Patna,Electronics,Wireless Earbuds,48178.31,1,0.0,48178.31,0.0,48178.31,UPI,True,5.0
ORD104978,2026-02-24,CUST0578,Kiran Patel,North,Chandigarh,Beauty & Personal Care,Hair Dryer,1187.82,1,0.0,1187.82,0.0,1187.82,UPI,False,3.0
ORD105590,2026-02-25,CUST0060,Deepak Kumar,East,Guwahati,Beauty & Personal Care,Face Serum,2900.87,1,0.0,2900.87,0.0,2900.87,Debit Card,False,4.0
ORD104300,2026-02-25,CUST0632,Saanvi Kumar,South,Chennai,Home & Kitchen,Water Purifier,7367.1,1,0.0,7367.1,0.0,7367.1,UPI,False,5.0
ORD105768,2026-02-25,CUST0266,Riya Gupta,West,Ahmedabad,Electronics,Smartphone,36975.37,1,5.0,36975.37,1848.77,35126.6,Credit Card,False,4.0
ORD101671,2026-02-25,CUST0397,Deepak Verma,East,Patna,Fashion,Sunglasses,2698.33,1,25.0,2698.33,674.58,2023.75,UPI,False,3.0
ORD104862,2026-02-25,CUST0348,Rohan Das,North,Lucknow,Electronics,Laptop,23124.22,1,0.0,23124.22,0.0,23124.22,UPI,False,3.0
ORD104563,2026-02-25,CUST0133,Karthik Malhotra,South,Hyderabad,Beauty & Personal Care,Hair Dryer,2567.12,1,0.0,2567.12,0.0,2567.12,Net Banking,False,1.0
ORD102176,2026-02-25,CUST0348,Rohan Das,North,Lucknow,Fashion,Denim Jacket,522.44,2,0.0,1044.88,0.0,1044.88,UPI,False,5.0
ORD102432,2026-02-26,CUST0096,Karthik Menon,South,Kochi,Home & Kitchen,Vacuum Cleaner,10464.3,1,10.0,10464.3,1046.43,9417.87,Debit Card,False,5.0
ORD101482,2026-02-26,CUST0522,Zara Singh,West,Ahmedabad,Beauty & Personal Care,Perfume,1739.97,1,0.0,1739.97,0.0,1739.97,Credit Card,True,4.0
ORD102132,2026-02-26,CUST0037,Vikram Chopra,West,Surat,Home & Kitchen,Non-Stick Cookware Set,11931.31,1,15.0,11931.31,1789.7,10141.61,Credit Card,True,4.0
ORD104527,2026-02-26,CUST0018,Nisha Mukherjee,West,Surat,Sports & Fitness,Dumbbell Set,6574.01,1,0.0,6574.01,0.0,6574.01,UPI,False,5.0
ORD103739,2026-02-26,CUST0728,Pooja Verma,North,Lucknow,Electronics,Bluetooth Speaker,16984.75,1,0.0,16984.75,0.0,16984.75,UPI,False,4.0
ORD100332,2026-02-26,CUST0613,Riya Kumar,South,Bengaluru,Home & Kitchen,Non-Stick Cookware Set,2140.88,2,0.0,4281.76,0.0,4281.76,Credit Card,False,5.0
ORD101504,2026-02-26,CUST0547,Priya Nair,South,Kochi,Sports & Fitness,Resistance Bands,4498.52,1,20.0,4498.52,899.7,3598.82,Credit Card,False,5.0
ORD102167,2026-02-26,CUST0239,Kiran Pillai,East,Patna,Fashion,Backpack,4672.81,2,0.0,9345.62,0.0,9345.62,Debit Card,False,3.0
ORD104893,2026-02-26,CUST0480,Vivaan Joshi,East,Guwahati,Electronics,Bluetooth Speaker,20525.83,2,10.0,41051.66,4105.17,36946.49,Cash on Delivery,False,4.0
ORD103058,2026-02-26,CUST0055,Kavya Iyer,North,Jaipur,Fashion,Sunglasses,5842.85,1,0.0,5842.85,0.0,5842.85,Credit Card,False,3.0
ORD101863,2026-02-26,CUST0449,Anil Mukherjee,North,Chandigarh,Fashion,Running Shoes,3971.93,1,0.0,3971.93,0.0,3971.93,Credit Card,False,4.0
ORD101976,2026-02-26,CUST0612,Tara Reddy,North,Lucknow,Beauty & Personal Care,Face Serum,1010.98,1,0.0,1010.98,0.0,1010.98,Debit Card,False,5.0
ORD100030,2026-02-27,CUST0499,Swati Patel,South,Hyderabad,Sports & Fitness,Dumbbell Set,2925.41,3,0.0,8776.23,0.0,8776.23,Cash on Delivery,False,5.0
ORD103857,2026-02-27,CUST0283,Rahul Menon,East,Kolkata,Fashion,Running Shoes,1108.33,1,0.0,1108.33,0.0,1108.33,UPI,False,5.0
ORD105752,2026-02-27,CUST0424,Aditya Sharma,East,Guwahati,Electronics,Bluetooth Speaker,29520.37,1,5.0,29520.37,1476.02,28044.35,Net Banking,False,1.0
ORD102128,2026-02-27,CUST0767,Meera Malhotra,East,Patna,Sports & Fitness,Yoga Mat,3912.86,1,25.0,3912.86,978.22,2934.64,Debit Card,False,4.0
ORD102351,2026-02-27,CUST0758,Tara Reddy,North,Chandigarh,Sports & Fitness,Dumbbell Set,5070.5,1,0.0,5070.5,0.0,5070.5,UPI,False,4.0
ORD101279,2026-02-27,CUST0397,Deepak Verma,East,Patna,Sports & Fitness,Cycling Helmet,3551.9,1,5.0,3551.9,177.6,3374.3,UPI,False,5.0
ORD101938,2026-02-27,CUST0666,Anil Gupta,North,Lucknow,Sports & Fitness,Cycling Helmet,3282.05,1,0.0,3282.05,0.0,3282.05,UPI,False,5.0
ORD102369,2026-02-27,CUST0693,Arjun Bose,West,Surat,Electronics,Laptop,38766.38,2,20.0,77532.76,15506.55,62026.21,Cash on Delivery,False,4.0
ORD105906,2026-02-28,CUST0680,Manisha Chopra,East,Guwahati,Sports & Fitness,Resistance Bands,2416.2,1,0.0,2416.2,0.0,2416.2,Debit Card,False,4.0
ORD105136,2026-02-28,CUST0780,Rahul Mukherjee,North,Delhi,Fashion,Denim Jacket,3496.32,1,0.0,3496.32,0.0,3496.32,UPI,False,5.0
ORD101364,2026-02-28,CUST0455,Shreya Das,South,Kochi,Beauty & Personal Care,Face Serum,3328.85,2,25.0,6657.7,1664.42,4993.28,Credit Card,False,5.0
ORD101947,2026-02-28,CUST0461,Aditya Gupta,North,Delhi,Electronics,Wireless Earbuds,47512.76,1,15.0,47512.76,7126.91,40385.85,UPI,False,3.0
ORD100699,2026-02-28,CUST0813,Karthik Iyer,East,Kolkata,Fashion,Sunglasses,4469.75,2,5.0,8939.5,446.98,8492.52,Net Banking,False,5.0
ORD104112,2026-02-28,CUST0268,Vihaan Nair,East,Kolkata,Fashion,Sunglasses,4958.37,1,0.0,4958.37,0.0,4958.37,UPI,False,3.0
ORD100980,2026-02-28,CUST0838,Nisha Kumar,East,Bhubaneswar,Sports & Fitness,Cycling Helmet,7684.37,1,25.0,7684.37,1921.09,5763.28,Credit Card,False,5.0
ORD103210,2026-02-28,CUST0754,Riya Pillai,North,Jaipur,Fashion,Running Shoes,2394.74,1,0.0,2394.74,0.0,2394.74,Credit Card,False,5.0
ORD101956,2026-02-28,CUST0070,Sai Pillai,North,Jaipur,Fashion,Sunglasses,2095.28,1,10.0,2095.28,209.53,1885.75,UPI,False,4.0
ORD100942,2026-02-28,CUST0117,Vikram Desai,West,Pune,Home & Kitchen,Non-Stick Cookware Set,7411.0,1,0.0,7411.0,0.0,7411.0,UPI,False,5.0
ORD103650,2026-02-28,CUST0220,Vivaan Joshi,North,Chandigarh,Fashion,Wrist Watch,1868.58,1,0.0,1868.58,0.0,1868.58,UPI,False,5.0
ORD104953,2026-02-28,CUST0503,Kiran Sharma,West,Mumbai,Beauty & Personal Care,Perfume,1083.2,2,0.0,2166.4,0.0,2166.4,UPI,False,3.0
ORD102611,2026-02-28,CUST0410,Sai Das,North,Chandigarh,Sports & Fitness,Yoga Mat,3246.32,3,10.0,9738.96,973.9,8765.06,Cash on Delivery,False,1.0
ORD105203,2026-02-28,CUST0097,Priya Sharma,South,Chennai,Home & Kitchen,Non-Stick Cookware Set,8411.54,1,15.0,8411.54,1261.73,7149.81,Debit Card,False,4.0
ORD100347,2026-02-28,CUST0118,Ananya Das,South,Chennai,Electronics,Bluetooth Speaker,15489.79,1,15.0,15489.79,2323.47,13166.32,UPI,False,4.0
ORD101611,2026-03-01,CUST0441,Swati Singh,North,Lucknow,Electronics,Smartwatch,29948.36,2,0.0,59896.72,0.0,59896.72,Cash on Delivery,False,3.0
ORD103615,2026-03-01,CUST0036,Saanvi Kapoor,North,Lucknow,Sports & Fitness,Fitness Band,6786.22,1,0.0,6786.22,0.0,6786.22,Net Banking,False,2.0
ORD100548,2026-03-01,CUST0701,Sneha Singh,East,Patna,Beauty & Personal Care,Hair Dryer,2370.71,1,10.0,2370.71,237.07,2133.64,Net Banking,False,4.0
ORD100865,2026-03-01,CUST0482,Deepak Menon,East,Patna,Beauty & Personal Care,Trimmer,1860.9,2,10.0,3721.8,372.18,3349.62,Net Banking,False,4.0
ORD102792,2026-03-01,CUST0532,Sanjay Rao,West,Mumbai,Beauty & Personal Care,Perfume,2258.2,1,10.0,2258.2,225.82,2032.38,UPI,False,5.0
ORD101985,2026-03-01,CUST0772,Meera Malhotra,South,Bengaluru,Beauty & Personal Care,Trimmer,2156.15,1,5.0,2156.15,107.81,2048.34,Net Banking,False,5.0
ORD104388,2026-03-02,CUST0675,Zara Das,North,Delhi,Beauty & Personal Care,Perfume,3371.35,1,10.0,3371.35,337.14,3034.21,Cash on Delivery,False,2.0
ORD100051,2026-03-02,CUST0820,Krishna Joshi,East,Bhubaneswar,Beauty & Personal Care,Skincare Kit,2901.86,1,0.0,2901.86,0.0,2901.86,Cash on Delivery,False,4.0
ORD101427,2026-03-02,CUST0630,Neha Desai,North,Chandigarh,Sports & Fitness,Fitness Band,472.22,1,0.0,472.22,0.0,472.22,Net Banking,False,1.0
ORD101622,2026-03-02,CUST0812,Vihaan Rao,West,Pune,Electronics,Laptop,3031.86,1,0.0,3031.86,0.0,3031.86,UPI,False,5.0
ORD105991,2026-03-02,CUST0667,Vihaan Singh,East,Guwahati,Home & Kitchen,Vacuum Cleaner,14016.99,1,0.0,14016.99,0.0,14016.99,Credit Card,False,1.0
ORD101151,2026-03-02,CUST0728,Pooja Verma,North,Lucknow,Fashion,Wrist Watch,5040.44,1,20.0,5040.44,1008.09,4032.35,Credit Card,False,4.0
ORD100020,2026-03-02,CUST0813,Karthik Iyer,East,Kolkata,Sports & Fitness,Yoga Mat,5075.81,1,0.0,5075.81,0.0,5075.81,UPI,False,5.0
ORD105150,2026-03-03,CUST0075,Isha Patel,North,Jaipur,Sports & Fitness,Yoga Mat,5823.42,1,20.0,5823.42,1164.68,4658.74,UPI,False,3.0
ORD101140,2026-03-03,CUST0695,Sai Reddy,West,Mumbai,Beauty & Personal Care,Skincare Kit,2099.49,1,0.0,2099.49,0.0,2099.49,Cash on Delivery,False,5.0
ORD105929,2026-03-03,CUST0024,Divya Malhotra,South,Kochi,Fashion,Denim Jacket,4337.95,2,0.0,8675.9,0.0,8675.9,Credit Card,False,4.0
ORD101415,2026-03-03,CUST0481,Kiran Nair,South,Chennai,Fashion,Backpack,1448.98,1,5.0,1448.98,72.45,1376.53,UPI,False,4.0
ORD104728,2026-03-03,CUST0087,Naveen Reddy,South,Chennai,Home & Kitchen,Water Purifier,6194.92,1,0.0,6194.92,0.0,6194.92,Credit Card,False,5.0
ORD103661,2026-03-03,CUST0166,Priya Malhotra,North,Delhi,Beauty & Personal Care,Hair Dryer,1147.63,1,0.0,1147.63,0.0,1147.63,UPI,False,5.0
ORD104615,2026-03-03,CUST0160,Nisha Kumar,East,Bhubaneswar,Sports & Fitness,Dumbbell Set,4246.52,1,10.0,4246.52,424.65,3821.87,UPI,False,5.0
ORD102562,2026-03-03,CUST0790,Pooja Kapoor,West,Mumbai,Fashion,Backpack,704.54,1,0.0,704.54,0.0,704.54,Cash on Delivery,False,5.0
ORD104244,2026-03-03,CUST0416,Deepak Nair,South,Chennai,Home & Kitchen,Air Fryer,2735.65,1,10.0,2735.65,273.56,2462.09,Credit Card,False,3.0
ORD101180,2026-03-04,CUST0284,Lakshmi Nair,West,Pune,Electronics,Smartwatch,31863.03,1,10.0,31863.03,3186.3,28676.73,UPI,False,4.0
ORD100536,2026-03-04,CUST0326,Aarav Das,North,Jaipur,Electronics,Laptop,34142.46,1,10.0,34142.46,3414.25,30728.21,Debit Card,False,5.0
ORD101139,2026-03-04,CUST0621,Meera Patel,South,Bengaluru,Sports & Fitness,Yoga Mat,5796.96,1,0.0,5796.96,0.0,5796.96,Debit Card,False,3.0
ORD105631,2026-03-04,CUST0085,Riya Das,North,Jaipur,Beauty & Personal Care,Skincare Kit,2459.96,1,5.0,2459.96,123.0,2336.96,Net Banking,False,5.0
ORD100839,2026-03-04,CUST0275,Naveen Singh,East,Guwahati,Home & Kitchen,Mixer Grinder,13463.81,1,15.0,13463.81,2019.57,11444.24,UPI,False,4.0
ORD103864,2026-03-05,CUST0231,Kiran Mukherjee,East,Bhubaneswar,Beauty & Personal Care,Trimmer,1745.85,1,10.0,1745.85,174.58,1571.27,Net Banking,False,4.0
ORD100953,2026-03-05,CUST0693,Arjun Bose,West,Surat,Home & Kitchen,Vacuum Cleaner,13525.78,1,15.0,13525.78,2028.87,11496.91,Debit Card,False,2.0
ORD100357,2026-03-05,CUST0348,Rohan Das,North,Lucknow,Fashion,Running Shoes,1073.91,1,10.0,1073.91,107.39,966.52,UPI,False,3.0
ORD100167,2026-03-05,CUST0283,Rahul Menon,East,Kolkata,Sports & Fitness,Fitness Band,7970.46,1,0.0,7970.46,0.0,7970.46,Debit Card,False,4.0
ORD103514,2026-03-05,CUST0806,Neha Patel,West,Mumbai,Electronics,Wireless Earbuds,50103.15,1,15.0,50103.15,7515.47,42587.68,UPI,True,3.0
ORD103156,2026-03-05,CUST0813,Karthik Iyer,East,Kolkata,Electronics,Bluetooth Speaker,51231.15,1,15.0,51231.15,7684.67,43546.48,UPI,False,4.0
ORD105487,2026-03-05,CUST0284,Lakshmi Nair,West,Pune,Electronics,Smartwatch,9948.12,2,20.0,19896.24,3979.25,15916.99,UPI,False,5.0
ORD100769,2026-03-06,CUST0016,Aditya Reddy,West,Pune,Beauty & Personal Care,Face Serum,3014.8,1,0.0,3014.8,0.0,3014.8,Debit Card,False,5.0
ORD105186,2026-03-06,CUST0637,Swati Pillai,North,Jaipur,Beauty & Personal Care,Skincare Kit,1191.45,2,0.0,2382.9,0.0,2382.9,Cash on Delivery,False,5.0
ORD105407,2026-03-06,CUST0765,Anil Das,West,Pune,Fashion,Running Shoes,5309.84,1,5.0,5309.84,265.49,5044.35,UPI,False,4.0
ORD103865,2026-03-06,CUST0478,Arjun Kapoor,South,Chennai,Home & Kitchen,Non-Stick Cookware Set,12135.78,1,0.0,12135.78,0.0,12135.78,UPI,False,4.0
ORD105063,2026-03-06,CUST0176,Vihaan Rao,North,Jaipur,Beauty & Personal Care,Trimmer,3443.03,1,0.0,3443.03,0.0,3443.03,Net Banking,False,5.0
ORD103115,2026-03-06,CUST0192,Diya Bose,West,Mumbai,Electronics,Smartphone,11429.12,1,0.0,11429.12,0.0,11429.12,Net Banking,False,4.0
ORD101040,2026-03-06,CUST0755,Naveen Kapoor,North,Lucknow,Sports & Fitness,Fitness Band,5654.82,1,0.0,5654.82,0.0,5654.82,UPI,False,4.0
ORD100280,2026-03-06,CUST0385,Nisha Das,East,Guwahati,Electronics,Bluetooth Speaker,24712.41,1,10.0,24712.41,2471.24,22241.17,Credit Card,False,5.0
ORD100484,2026-03-06,CUST0365,Sneha Das,South,Hyderabad,Electronics,Wireless Earbuds,12768.21,1,0.0,12768.21,0.0,12768.21,Net Banking,True,2.0
ORD101523,2026-03-06,CUST0480,Vivaan Joshi,East,Guwahati,Home & Kitchen,Vacuum Cleaner,10062.49,2,10.0,20124.98,2012.5,18112.48,Cash on Delivery,False,4.0
ORD104282,2026-03-07,CUST0565,Karthik Pillai,East,Patna,Beauty & Personal Care,Trimmer,2860.69,1,10.0,2860.69,286.07,2574.62,UPI,False,4.0
ORD101853,2026-03-07,CUST0076,Aditya Gupta,North,Jaipur,Home & Kitchen,Air Fryer,6405.38,1,10.0,6405.38,640.54,5764.84,UPI,False,5.0
ORD104445,2026-03-07,CUST0755,Naveen Kapoor,North,Lucknow,Home & Kitchen,Mixer Grinder,7189.57,2,0.0,14379.14,0.0,14379.14,Debit Card,False,5.0
ORD102511,2026-03-07,CUST0301,Naveen Bose,East,Patna,Fashion,Denim Jacket,3797.7,1,0.0,3797.7,0.0,3797.7,UPI,False,5.0
ORD104425,2026-03-07,CUST0687,Diya Kumar,South,Chennai,Beauty & Personal Care,Trimmer,2110.1,1,15.0,2110.1,316.52,1793.58,Credit Card,False,4.0
ORD102064,2026-03-08,CUST0417,Tara Desai,East,Kolkata,Beauty & Personal Care,Perfume,1477.14,1,0.0,1477.14,0.0,1477.14,Cash on Delivery,False,1.0
ORD101997,2026-03-08,CUST0176,Vihaan Rao,North,Jaipur,Beauty & Personal Care,Hair Dryer,1532.97,1,20.0,1532.97,306.59,1226.38,UPI,False,4.0
ORD105480,2026-03-08,CUST0813,Karthik Iyer,East,Kolkata,Fashion,Sunglasses,3247.84,1,15.0,3247.84,487.18,2760.66,UPI,False,1.0
ORD105217,2026-03-09,CUST0670,Sneha Patel,North,Lucknow,Sports & Fitness,Yoga Mat,5561.49,2,10.0,11122.98,1112.3,10010.68,UPI,False,4.0
ORD103623,2026-03-09,CUST0025,Riya Nair,East,Guwahati,Sports & Fitness,Yoga Mat,1755.01,2,0.0,3510.02,0.0,3510.02,Credit Card,True,5.0
ORD102375,2026-03-09,CUST0367,Manish Patel,North,Delhi,Home & Kitchen,Mixer Grinder,5526.89,1,0.0,5526.89,0.0,5526.89,UPI,False,4.0
ORD101719,2026-03-09,CUST0485,Rohan Singh,West,Ahmedabad,Home & Kitchen,Non-Stick Cookware Set,1944.08,1,0.0,1944.08,0.0,1944.08,UPI,False,5.0
ORD100336,2026-03-09,CUST0322,Riya Malhotra,East,Guwahati,Beauty & Personal Care,Perfume,2531.33,2,10.0,5062.66,506.27,4556.39,Credit Card,False,4.0
ORD101815,2026-03-09,CUST0452,Kavya Joshi,North,Chandigarh,Beauty & Personal Care,Perfume,1809.46,1,20.0,1809.46,361.89,1447.57,Cash on Delivery,False,5.0
ORD101353,2026-03-09,CUST0304,Saanvi Joshi,South,Kochi,Home & Kitchen,Non-Stick Cookware Set,9247.55,1,20.0,9247.55,1849.51,7398.04,UPI,False,4.0
ORD103478,2026-03-10,CUST0407,Vivaan Desai,North,Delhi,Beauty & Personal Care,Trimmer,584.64,1,0.0,584.64,0.0,584.64,Cash on Delivery,False,5.0
ORD100156,2026-03-10,CUST0458,Swati Singh,West,Ahmedabad,Electronics,Smartwatch,42692.88,1,0.0,42692.88,0.0,42692.88,Cash on Delivery,False,3.0
ORD104936,2026-03-10,CUST0285,Divya Joshi,North,Jaipur,Sports & Fitness,Yoga Mat,2754.64,1,15.0,2754.64,413.2,2341.44,Cash on Delivery,False,5.0
ORD101144,2026-03-11,CUST0475,Kiran Chopra,East,Bhubaneswar,Electronics,Bluetooth Speaker,12743.02,1,10.0,12743.02,1274.3,11468.72,UPI,False,5.0
ORD103961,2026-03-11,CUST0552,Shreya Joshi,South,Hyderabad,Home & Kitchen,Air Fryer,13991.0,1,0.0,13991.0,0.0,13991.0,Credit Card,False,4.0
ORD104907,2026-03-11,CUST0097,Priya Sharma,South,Chennai,Fashion,Wrist Watch,2442.94,1,10.0,2442.94,244.29,2198.65,Credit Card,False,3.0
ORD103874,2026-03-11,CUST0810,Reyansh Menon,East,Bhubaneswar,Home & Kitchen,Vacuum Cleaner,9801.64,2,25.0,19603.28,4900.82,14702.46,UPI,False,5.0
ORD101302,2026-03-11,CUST0066,Meera Menon,West,Surat,Electronics,Smartwatch,41549.1,1,10.0,41549.1,4154.91,37394.19,Debit Card,False,2.0
ORD102688,2026-03-11,CUST0647,Ramesh Das,North,Jaipur,Fashion,Denim Jacket,1102.33,3,10.0,3306.99,330.7,2976.29,UPI,False,3.0
ORD102107,2026-03-11,CUST0775,Ishaan Rao,West,Ahmedabad,Electronics,Laptop,20942.29,1,10.0,20942.29,2094.23,18848.06,Debit Card,False,5.0
ORD101260,2026-03-12,CUST0509,Divya Desai,West,Ahmedabad,Electronics,Bluetooth Speaker,30891.14,1,0.0,30891.14,0.0,30891.14,Net Banking,False,5.0
ORD100617,2026-03-12,CUST0754,Riya Pillai,North,Jaipur,Home & Kitchen,Air Fryer,2391.48,1,15.0,2391.48,358.72,2032.76,Credit Card,False,5.0
ORD102722,2026-03-12,CUST0785,Manisha Patel,North,Lucknow,Beauty & Personal Care,Skincare Kit,539.98,2,0.0,1079.96,0.0,1079.96,UPI,False,4.0
ORD104816,2026-03-12,CUST0578,Kiran Patel,North,Chandigarh,Home & Kitchen,Mixer Grinder,11127.16,2,0.0,22254.32,0.0,22254.32,UPI,False,5.0
ORD104734,2026-03-12,CUST0271,Deepak Joshi,East,Guwahati,Home & Kitchen,Vacuum Cleaner,1109.07,1,0.0,1109.07,0.0,1109.07,Cash on Delivery,False,4.0
ORD104539,2026-03-12,CUST0650,Rohan Gupta,West,Mumbai,Sports & Fitness,Resistance Bands,6867.33,1,15.0,6867.33,1030.1,5837.23,Debit Card,False,4.0
ORD101506,2026-03-12,CUST0639,Vihaan Chopra,West,Pune,Beauty & Personal Care,Trimmer,1869.05,1,0.0,1869.05,0.0,1869.05,Net Banking,False,3.0
ORD102094,2026-03-12,CUST0112,Diya Reddy,East,Bhubaneswar,Beauty & Personal Care,Trimmer,425.51,1,0.0,425.51,0.0,425.51,Credit Card,False,3.0
ORD103610,2026-03-12,CUST0371,Riya Nair,East,Bhubaneswar,Electronics,Laptop,15991.7,1,0.0,15991.7,0.0,15991.7,Net Banking,False,1.0
ORD102635,2026-03-13,CUST0789,Riya Pillai,North,Lucknow,Beauty & Personal Care,Face Serum,3027.36,1,0.0,3027.36,0.0,3027.36,Cash on Delivery,False,5.0
ORD103597,2026-03-13,CUST0348,Rohan Das,North,Lucknow,Fashion,Backpack,1428.06,1,0.0,1428.06,0.0,1428.06,Cash on Delivery,False,5.0
ORD100091,2026-03-13,CUST0167,Diya Joshi,South,Chennai,Fashion,Denim Jacket,501.25,1,5.0,501.25,25.06,476.19,Debit Card,False,3.0
ORD102013,2026-03-13,CUST0239,Kiran Pillai,East,Patna,Home & Kitchen,Water Purifier,9354.06,1,0.0,9354.06,0.0,9354.06,UPI,False,4.0
ORD102962,2026-03-13,CUST0283,Rahul Menon,East,Kolkata,Beauty & Personal Care,Hair Dryer,1596.42,1,0.0,1596.42,0.0,1596.42,UPI,False,5.0
ORD105340,2026-03-13,CUST0813,Karthik Iyer,East,Kolkata,Fashion,Sunglasses,3435.9,1,0.0,3435.9,0.0,3435.9,Credit Card,False,5.0
ORD102671,2026-03-14,CUST0331,Diya Sharma,West,Ahmedabad,Fashion,Denim Jacket,5381.31,1,0.0,5381.31,0.0,5381.31,Credit Card,False,4.0
ORD104840,2026-03-14,CUST0302,Ramesh Chopra,West,Mumbai,Electronics,Smartphone,25272.66,1,,25272.66,0.0,25272.66,UPI,False,3.0
ORD102272,2026-03-14,CUST0581,Anil Rao,South,Chennai,Electronics,Bluetooth Speaker,29582.37,1,0.0,29582.37,0.0,29582.37,Cash on Delivery,False,5.0
ORD102680,2026-03-14,CUST0259,Isha Singh,East,Patna,Fashion,Running Shoes,3553.92,1,10.0,3553.92,355.39,3198.53,UPI,False,4.0
ORD105817,2026-03-14,CUST0428,Vivaan Chopra,South,Hyderabad,Sports & Fitness,Yoga Mat,7883.64,2,5.0,15767.28,788.36,14978.92,Credit Card,False,3.0
ORD101015,2026-03-14,CUST0501,Suresh Sharma,North,Delhi,Sports & Fitness,Dumbbell Set,7225.12,1,5.0,7225.12,361.26,6863.86,Cash on Delivery,False,5.0
ORD104679,2026-03-14,CUST0809,Naveen Desai,East,Kolkata,Fashion,Backpack,3395.13,1,0.0,3395.13,0.0,3395.13,Net Banking,False,4.0
ORD102868,2026-03-15,CUST0677,Saanvi Das,West,Surat,Home & Kitchen,Mixer Grinder,3988.16,1,0.0,3988.16,0.0,3988.16,UPI,False,5.0
ORD100235,2026-03-15,CUST0176,Vihaan Rao,North,Jaipur,Beauty & Personal Care,Face Serum,1278.22,3,0.0,3834.66,0.0,3834.66,Credit Card,False,5.0
ORD101036,2026-03-15,CUST0722,Neha Verma,South,Kochi,Beauty & Personal Care,Hair Dryer,694.45,2,10.0,1388.9,138.89,1250.01,Credit Card,False,2.0
ORD101002,2026-03-15,CUST0185,Diya Sharma,North,Jaipur,Electronics,Wireless Earbuds,12565.5,1,0.0,12565.5,0.0,12565.5,Credit Card,False,4.0
ORD100044,2026-03-15,CUST0478,Arjun Kapoor,South,Chennai,Electronics,Bluetooth Speaker,8806.44,1,5.0,8806.44,440.32,8366.12,UPI,False,5.0
ORD102599,2026-03-15,CUST0655,Vihaan Mukherjee,South,Kochi,Home & Kitchen,Vacuum Cleaner,9742.06,1,10.0,9742.06,974.21,8767.85,Net Banking,False,5.0
ORD100713,2026-03-15,CUST0198,Rahul Gupta,North,Chandigarh,Home & Kitchen,Air Fryer,10042.78,1,15.0,10042.78,1506.42,8536.36,UPI,False,3.0
ORD102367,2026-03-15,CUST0413,Ananya Singh,East,Bhubaneswar,Beauty & Personal Care,Hair Dryer,2546.91,2,5.0,5093.82,254.69,4839.13,UPI,False,5.0
ORD100235,2026-03-15,CUST0176,Vihaan Rao,North,Jaipur,Beauty & Personal Care,Face Serum,1278.22,3,0.0,3834.66,0.0,3834.66,Credit Card,False,5.0
ORD103585,2026-03-15,CUST0389,Anil Nair,South,Hyderabad,Electronics,Laptop,47192.46,1,0.0,47192.46,0.0,47192.46,Net Banking,False,4.0
ORD103144,2026-03-15,CUST0155,Karthik Verma,South,Chennai,Home & Kitchen,Mixer Grinder,6974.69,1,0.0,6974.69,0.0,6974.69,Cash on Delivery,False,4.0
ORD101123,2026-03-15,CUST0314,Divya Sharma,South,Bengaluru,Electronics,Wireless Earbuds,41631.86,1,0.0,41631.86,0.0,41631.86,Debit Card,False,5.0
ORD101168,2026-03-16,CUST0497,Naveen Patel,West,Ahmedabad,Fashion,Wrist Watch,5338.59,1,5.0,5338.59,266.93,5071.66,UPI,False,5.0
ORD101929,2026-03-16,CUST0051,Divya Pillai,North,Lucknow,Fashion,Running Shoes,4873.34,1,15.0,4873.34,731.0,4142.34,UPI,False,5.0
ORD101090,2026-03-16,CUST0553,Tara Nair,East,Bhubaneswar,Home & Kitchen,Mixer Grinder,4356.28,1,0.0,4356.28,0.0,4356.28,Credit Card,False,4.0
ORD103243,2026-03-16,CUST0657,Aarav Malhotra,North,Lucknow,Sports & Fitness,Yoga Mat,4212.92,1,10.0,4212.92,421.29,3791.63,UPI,False,4.0
ORD101754,2026-03-16,CUST0567,Rohan Malhotra,East,Guwahati,Sports & Fitness,Cycling Helmet,5911.81,1,20.0,5911.81,1182.36,4729.45,UPI,True,5.0
ORD105982,2026-03-16,CUST0480,Vivaan Joshi,East,Guwahati,Electronics,Bluetooth Speaker,27529.04,1,10.0,27529.04,2752.9,24776.14,Credit Card,False,4.0
ORD103657,2026-03-16,CUST0763,Saanvi Kapoor,East,Patna,Home & Kitchen,Water Purifier,1517.7,1,0.0,1517.7,0.0,1517.7,UPI,False,2.0
ORD102563,2026-03-17,CUST0256,Rohan Pillai,East,Patna,Sports & Fitness,Dumbbell Set,6027.29,1,0.0,6027.29,0.0,6027.29,Credit Card,False,5.0
ORD103936,2026-03-17,CUST0799,Vivaan Rao,North,Jaipur,Fashion,Backpack,2913.11,1,5.0,2913.11,145.66,2767.45,Debit Card,False,4.0
ORD100047,2026-03-17,CUST0728,Pooja Verma,North,Lucknow,Beauty & Personal Care,Skincare Kit,1647.96,1,0.0,1647.96,0.0,1647.96,Cash on Delivery,False,2.0
ORD104205,2026-03-17,CUST0789,Riya Pillai,North,Lucknow,Beauty & Personal Care,Trimmer,2105.35,1,0.0,2105.35,0.0,2105.35,Debit Card,False,3.0
ORD103457,2026-03-17,CUST0015,Meera Kapoor,West,Surat,Electronics,Smartwatch,45202.71,1,25.0,45202.71,11300.68,33902.03,Debit Card,False,5.0
ORD105013,2026-03-17,CUST0287,Kavya Kapoor,South,Hyderabad,Home & Kitchen,Vacuum Cleaner,4244.73,3,0.0,12734.19,0.0,12734.19,UPI,False,5.0
ORD104639,2026-03-17,CUST0728,Pooja Verma,North,Lucknow,Sports & Fitness,Resistance Bands,7303.79,1,0.0,7303.79,0.0,7303.79,UPI,False,5.0
ORD103274,2026-03-17,CUST0271,Deepak Joshi,East,Guwahati,Sports & Fitness,Cycling Helmet,3657.44,2,10.0,7314.88,731.49,6583.39,UPI,False,4.0
ORD102324,2026-03-17,CUST0397,Deepak Verma,East,Patna,Beauty & Personal Care,Perfume,2527.35,1,10.0,2527.35,252.74,2274.61,UPI,False,4.0
ORD104290,2026-03-18,CUST0302,Ramesh Chopra,West,Mumbai,Home & Kitchen,Non-Stick Cookware Set,11401.24,1,5.0,11401.24,570.06,10831.18,UPI,False,5.0
ORD105559,2026-03-18,CUST0407,Vivaan Desai,North,Delhi,Home & Kitchen,Vacuum Cleaner,4246.98,1,0.0,4246.98,0.0,4246.98,Credit Card,False,4.0
ORD103308,2026-03-18,CUST0161,Deepak Iyer,West,Pune,Fashion,Denim Jacket,2585.55,2,10.0,5171.1,517.11,4653.99,Debit Card,False,5.0
ORD104605,2026-03-18,CUST0211,Vikram Pillai,East,Kolkata,Sports & Fitness,Fitness Band,882.78,2,5.0,1765.56,88.28,1677.28,Credit Card,False,5.0
ORD102300,2026-03-18,CUST0680,Manisha Chopra,East,Guwahati,Electronics,Laptop,50266.68,1,0.0,50266.68,0.0,50266.68,UPI,False,1.0
ORD101516,2026-03-19,CUST0097,Priya Sharma,South,Chennai,Electronics,Wireless Earbuds,5568.27,2,5.0,11136.54,556.83,10579.71,UPI,False,1.0
ORD101837,2026-03-19,CUST0106,Swati Sharma,East,Kolkata,Home & Kitchen,Non-Stick Cookware Set,11151.14,2,0.0,22302.28,0.0,22302.28,Net Banking,False,2.0
ORD102841,2026-03-19,CUST0314,Divya Sharma,South,Bengaluru,Sports & Fitness,Fitness Band,3885.17,1,0.0,3885.17,0.0,3885.17,Debit Card,False,5.0
ORD105563,2026-03-19,CUST0512,Reyansh Mukherjee,South,Hyderabad,Fashion,Running Shoes,5450.1,1,10.0,5450.1,545.01,4905.09,UPI,False,2.0
ORD100707,2026-03-19,CUST0275,Naveen Singh,East,Guwahati,Home & Kitchen,Mixer Grinder,12566.98,1,10.0,12566.98,1256.7,11310.28,UPI,False,4.0
ORD101079,2026-03-19,CUST0635,Sneha Iyer,South,Chennai,Home & Kitchen,Air Fryer,14947.43,1,0.0,14947.43,0.0,14947.43,UPI,False,5.0
ORD100383,2026-03-19,CUST0516,Sai Sharma,East,Patna,Home & Kitchen,Air Fryer,3966.01,1,0.0,3966.01,0.0,3966.01,Net Banking,False,5.0
ORD104409,2026-03-19,CUST0560,Zara Reddy,South,Chennai,Beauty & Personal Care,Trimmer,2363.36,1,10.0,2363.36,236.34,2127.02,UPI,False,3.0
ORD103445,2026-03-19,CUST0196,Arjun Pillai,South,Kochi,Electronics,Smartphone,37772.71,1,,37772.71,0.0,37772.71,Credit Card,False,3.0
ORD103834,2026-03-19,CUST0322,Riya Malhotra,East,Guwahati,Sports & Fitness,Fitness Band,7519.12,1,0.0,7519.12,0.0,7519.12,Debit Card,False,4.0
ORD101437,2026-03-20,CUST0789,Riya Pillai,North,Lucknow,Electronics,Bluetooth Speaker,45675.55,1,15.0,45675.55,6851.33,38824.22,Net Banking,False,4.0
ORD105955,2026-03-20,CUST0370,Sanjay Menon,West,Surat,Fashion,Running Shoes,509.11,1,0.0,509.11,0.0,509.11,Net Banking,False,5.0
ORD104835,2026-03-20,CUST0563,Sneha Pillai,West,Mumbai,Electronics,Wireless Earbuds,33233.33,1,0.0,33233.33,0.0,33233.33,Net Banking,False,3.0
ORD102336,2026-03-20,CUST0017,Reyansh Patel,West,Mumbai,Home & Kitchen,Water Purifier,8617.32,1,25.0,8617.32,2154.33,6462.99,Cash on Delivery,False,2.0
ORD103067,2026-03-20,CUST0412,Vivaan Kapoor,West,Mumbai,Fashion,Wrist Watch,1411.76,1,0.0,1411.76,0.0,1411.76,Credit Card,False,4.0
ORD101255,2026-03-20,CUST0728,Pooja Verma,North,Lucknow,Home & Kitchen,Water Purifier,6615.46,1,25.0,6615.46,1653.86,4961.6,UPI,False,5.0
ORD102822,2026-03-20,CUST0211,Vikram Pillai,East,Kolkata,Fashion,Denim Jacket,1276.73,1,10.0,1276.73,127.67,1149.06,UPI,False,4.0
ORD105395,2026-03-20,CUST0813,Karthik Iyer,East,Kolkata,Electronics,Smartphone,32991.98,1,0.0,32991.98,0.0,32991.98,Credit Card,False,1.0
ORD104028,2026-03-21,CUST0238,Tara Das,North,Jaipur,Home & Kitchen,Air Fryer,12665.58,1,5.0,12665.58,633.28,12032.3,Debit Card,False,5.0
ORD104869,2026-03-21,CUST0428,Vivaan Chopra,South,Hyderabad,Sports & Fitness,Cycling Helmet,5516.13,1,20.0,5516.13,1103.23,4412.9,Debit Card,False,4.0
ORD100703,2026-03-21,CUST0167,Diya Joshi,South,Chennai,Beauty & Personal Care,Trimmer,1243.6,1,0.0,1243.6,0.0,1243.6,UPI,False,5.0
ORD100104,2026-03-21,CUST0630,Neha Desai,North,Chandigarh,Electronics,Smartwatch,41558.65,1,25.0,41558.65,10389.66,31168.99,Credit Card,False,5.0
ORD101117,2026-03-21,CUST0480,Vivaan Joshi,East,Guwahati,Sports & Fitness,Fitness Band,7390.21,1,0.0,7390.21,0.0,7390.21,Net Banking,False,5.0
ORD101481,2026-03-21,CUST0220,Vivaan Joshi,North,Chandigarh,Home & Kitchen,Water Purifier,11882.12,1,10.0,11882.12,1188.21,10693.91,Credit Card,True,3.0
ORD103007,2026-03-21,CUST0442,Ananya Patel,West,Mumbai,Fashion,Sunglasses,494.63,1,10.0,494.63,49.46,445.17,UPI,False,3.0
ORD105710,2026-03-21,CUST0687,Diya Kumar,South,Chennai,Beauty & Personal Care,Face Serum,1039.67,1,0.0,1039.67,0.0,1039.67,Cash on Delivery,False,5.0
ORD101186,2026-03-21,CUST0728,Pooja Verma,North,Lucknow,Sports & Fitness,Resistance Bands,1658.49,1,5.0,1658.49,82.92,1575.57,UPI,False,5.0
ORD105665,2026-03-22,CUST0699,Pooja Joshi,North,Chandigarh,Beauty & Personal Care,Perfume,3170.15,1,5.0,3170.15,158.51,3011.64,UPI,False,5.0
ORD105496,2026-03-22,CUST0533,Vihaan Sharma,East,Bhubaneswar,Sports & Fitness,Yoga Mat,1823.03,1,0.0,1823.03,0.0,1823.03,UPI,False,4.0
ORD101254,2026-03-22,CUST0337,Sneha Rao,North,Jaipur,Sports & Fitness,Resistance Bands,2234.7,1,0.0,2234.7,0.0,2234.7,Debit Card,False,4.0
ORD101209,2026-03-22,CUST0481,Kiran Nair,South,Chennai,Sports & Fitness,Resistance Bands,5622.55,1,20.0,5622.55,1124.51,4498.04,Net Banking,False,5.0
ORD101797,2026-03-22,CUST0563,Sneha Pillai,West,Mumbai,Beauty & Personal Care,Hair Dryer,2686.91,1,25.0,2686.91,671.73,2015.18,Credit Card,False,5.0
ORD104770,2026-03-22,CUST0396,Lakshmi Rao,North,Lucknow,Fashion,Backpack,3967.0,1,0.0,3967.0,0.0,3967.0,UPI,False,3.0
ORD104827,2026-03-22,CUST0472,Rohan Sharma,South,Bengaluru,Sports & Fitness,Cycling Helmet,833.66,1,0.0,833.66,0.0,833.66,UPI,False,4.0
ORD100065,2026-03-22,CUST0772,Meera Malhotra,South,Bengaluru,Electronics,Bluetooth Speaker,46617.2,1,5.0,46617.2,2330.86,44286.34,UPI,True,4.0
ORD102451,2026-03-22,CUST0563,Sneha Pillai,West,Mumbai,Beauty & Personal Care,Perfume,395.73,2,5.0,791.46,39.57,751.89,Credit Card,False,1.0
ORD104050,2026-03-22,CUST0245,Priya Reddy,South,Kochi,Home & Kitchen,Air Fryer,4471.28,1,20.0,4471.28,894.26,3577.02,Credit Card,False,4.0
ORD102003,2026-03-22,CUST0386,Nisha Pillai,North,Lucknow,Beauty & Personal Care,Skincare Kit,687.63,2,0.0,1375.26,0.0,1375.26,UPI,False,5.0
ORD104666,2026-03-23,CUST0368,Deepak Kapoor,West,Ahmedabad,Beauty & Personal Care,Trimmer,662.76,1,0.0,662.76,0.0,662.76,UPI,False,3.0
ORD100780,2026-03-23,CUST0405,Lakshmi Nair,South,Kochi,Electronics,Bluetooth Speaker,10875.83,1,,10875.83,2175.17,8700.66,Debit Card,False,4.0
ORD100166,2026-03-23,CUST0019,Vihaan Malhotra,North,Lucknow,Home & Kitchen,Air Fryer,14923.78,1,10.0,14923.78,1492.38,13431.4,UPI,False,5.0
ORD100402,2026-03-23,CUST0142,Riya Pillai,South,Kochi,Home & Kitchen,Non-Stick Cookware Set,7351.72,1,15.0,7351.72,1102.76,6248.96,Net Banking,False,4.0
ORD105966,2026-03-23,CUST0233,Diya Das,South,Bengaluru,Home & Kitchen,Vacuum Cleaner,7573.71,1,0.0,7573.71,0.0,7573.71,Credit Card,False,4.0
ORD102506,2026-03-23,CUST0268,Vihaan Nair,East,Kolkata,Electronics,Smartwatch,35792.97,1,5.0,35792.97,1789.65,34003.32,Credit Card,False,5.0
ORD101435,2026-03-23,CUST0030,Sneha Kumar,North,Chandigarh,Electronics,Wireless Earbuds,8674.06,1,10.0,8674.06,867.41,7806.65,Net Banking,False,5.0
ORD100741,2026-03-23,CUST0390,Rohan Iyer,North,Delhi,Beauty & Personal Care,Face Serum,641.24,1,10.0,641.24,64.12,577.12,Net Banking,False,3.0
ORD102856,2026-03-23,CUST0424,Aditya Sharma,East,Guwahati,Electronics,Wireless Earbuds,4190.87,1,10.0,4190.87,419.09,3771.78,Debit Card,False,4.0
ORD105139,2026-03-23,CUST0751,Kavya Desai,North,Delhi,Home & Kitchen,Air Fryer,5891.34,1,15.0,5891.34,883.7,5007.64,Credit Card,False,5.0
ORD105473,2026-03-24,CUST0418,Shreya Desai,South,Kochi,Beauty & Personal Care,Skincare Kit,283.65,2,0.0,567.3,0.0,567.3,Credit Card,True,5.0
ORD102095,2026-03-24,CUST0487,Krishna Kapoor,West,Mumbai,Beauty & Personal Care,Hair Dryer,2893.32,1,0.0,2893.32,0.0,2893.32,Net Banking,False,4.0
ORD102909,2026-03-24,CUST0284,Lakshmi Nair,West,Pune,Sports & Fitness,Resistance Bands,2099.78,1,10.0,2099.78,209.98,1889.8,Net Banking,False,1.0
ORD102145,2026-03-24,CUST0080,Vikram Kapoor,North,Lucknow,Beauty & Personal Care,Face Serum,524.27,2,0.0,1048.54,0.0,1048.54,Cash on Delivery,False,5.0
ORD102238,2026-03-24,CUST0781,Sanjay Mukherjee,West,Surat,Sports & Fitness,Cycling Helmet,7312.61,1,0.0,7312.61,0.0,7312.61,UPI,False,5.0
ORD100823,2026-03-24,CUST0237,Anil Chopra,South,Bengaluru,Beauty & Personal Care,Perfume,2522.96,1,0.0,2522.96,0.0,2522.96,UPI,False,5.0
ORD100810,2026-03-24,CUST0823,Karthik Reddy,East,Bhubaneswar,Sports & Fitness,Dumbbell Set,1065.85,1,10.0,1065.85,106.58,959.27,UPI,False,4.0
ORD105403,2026-03-25,CUST0684,Ananya Patel,North,Lucknow,Sports & Fitness,Yoga Mat,7371.89,1,5.0,7371.89,368.59,7003.3,Debit Card,False,2.0
ORD100765,2026-03-25,CUST0510,Anil Menon,East,Guwahati,Home & Kitchen,Air Fryer,1411.16,2,0.0,2822.32,0.0,2822.32,UPI,False,4.0
ORD101320,2026-03-25,CUST0762,Anil Pillai,East,Bhubaneswar,Home & Kitchen,Water Purifier,10891.17,1,0.0,10891.17,0.0,10891.17,Debit Card,False,4.0
ORD101204,2026-03-25,CUST0352,Ananya Joshi,South,Kochi,Electronics,Smartphone,30370.13,1,10.0,30370.13,3037.01,27333.12,Credit Card,False,5.0
ORD103988,2026-03-25,CUST0608,Divya Iyer,South,Hyderabad,Fashion,Wrist Watch,4046.82,1,15.0,4046.82,607.02,3439.8,UPI,False,5.0
ORD105009,2026-03-25,CUST0624,Priya Gupta,West,Ahmedabad,Electronics,Smartwatch,31176.43,1,0.0,31176.43,0.0,31176.43,Cash on Delivery,False,5.0
ORD100705,2026-03-25,CUST0520,Reyansh Das,West,Pune,Electronics,Wireless Earbuds,35177.58,1,0.0,35177.58,0.0,35177.58,UPI,False,2.0
ORD102161,2026-03-26,CUST0622,Deepak Kapoor,South,Bengaluru,Home & Kitchen,Air Fryer,11104.55,1,0.0,11104.55,0.0,11104.55,UPI,False,3.0
ORD102388,2026-03-26,CUST0414,Deepak Joshi,East,Patna,Electronics,Smartwatch,13384.82,1,0.0,13384.82,0.0,13384.82,Credit Card,False,4.0
ORD102497,2026-03-26,CUST0196,Arjun Pillai,South,Kochi,Electronics,Laptop,41682.21,2,25.0,83364.42,20841.1,62523.32,Credit Card,False,5.0
ORD102726,2026-03-26,CUST0611,Sneha Pillai,North,Delhi,Sports & Fitness,Fitness Band,7200.48,1,10.0,7200.48,720.05,6480.43,Credit Card,False,4.0
ORD101989,2026-03-26,CUST0439,Diya Iyer,West,Surat,Electronics,Smartphone,9675.65,1,0.0,9675.65,0.0,9675.65,Cash on Delivery,False,5.0
ORD101259,2026-03-26,CUST0850,Anil Desai,West,Mumbai,Beauty & Personal Care,Skincare Kit,1581.11,1,0.0,1581.11,0.0,1581.11,UPI,False,5.0
ORD105488,2026-03-26,CUST0595,Divya Verma,North,Chandigarh,Fashion,Denim Jacket,5226.97,1,15.0,5226.97,784.05,4442.92,Credit Card,False,5.0
ORD103627,2026-03-26,CUST0547,Priya Nair,South,Kochi,Beauty & Personal Care,Face Serum,594.67,1,0.0,594.67,0.0,594.67,Debit Card,False,3.0
ORD104977,2026-03-27,CUST0070,Sai Pillai,North,Jaipur,Beauty & Personal Care,Skincare Kit,2785.06,1,15.0,2785.06,417.76,2367.3,Cash on Delivery,False,5.0
ORD103628,2026-03-27,CUST0036,Saanvi Kapoor,North,Lucknow,Beauty & Personal Care,Perfume,2646.35,1,5.0,2646.35,132.32,2514.03,Credit Card,False,4.0
ORD105900,2026-03-27,CUST0057,Deepak Malhotra,West,Surat,Fashion,Running Shoes,4154.52,2,10.0,8309.04,830.9,7478.14,UPI,False,5.0
ORD105054,2026-03-27,CUST0485,Rohan Singh,West,Ahmedabad,Electronics,Laptop,23625.55,1,10.0,23625.55,2362.55,21263.0,Net Banking,False,3.0
ORD105857,2026-03-27,CUST0202,Arjun Nair,North,Lucknow,Fashion,Denim Jacket,3175.17,2,5.0,6350.34,317.52,6032.82,Debit Card,False,
ORD100118,2026-03-27,CUST0821,Saanvi Rao,West,Ahmedabad,Electronics,Wireless Earbuds,38664.3,1,0.0,38664.3,0.0,38664.3,Net Banking,False,5.0
ORD104325,2026-03-27,CUST0085,Riya Das,North,Jaipur,Home & Kitchen,Non-Stick Cookware Set,12129.74,1,5.0,12129.74,606.49,11523.25,UPI,False,4.0
ORD101107,2026-03-28,CUST0221,Divya Das,North,Lucknow,Sports & Fitness,Fitness Band,5873.81,2,0.0,11747.62,0.0,11747.62,Debit Card,False,5.0
ORD104215,2026-03-28,CUST0631,Nisha Iyer,North,Delhi,Home & Kitchen,Mixer Grinder,3282.95,1,10.0,3282.95,328.3,2954.65,UPI,False,4.0
ORD103337,2026-03-28,CUST0262,Arjun Reddy,East,Patna,Sports & Fitness,Yoga Mat,521.28,1,0.0,521.28,0.0,521.28,Credit Card,False,5.0
ORD100268,2026-03-28,CUST0276,Nisha Sharma,North,Jaipur,Sports & Fitness,Cycling Helmet,7301.09,1,0.0,7301.09,0.0,7301.09,UPI,True,4.0
ORD102558,2026-03-28,CUST0306,Anil Verma,South,Kochi,Beauty & Personal Care,Hair Dryer,2383.75,2,0.0,4767.5,0.0,4767.5,Debit Card,False,5.0
ORD102992,2026-03-28,CUST0334,Lakshmi Malhotra,South,Kochi,Sports & Fitness,Resistance Bands,1327.38,1,5.0,1327.38,66.37,1261.01,Credit Card,False,4.0
ORD101674,2026-03-28,CUST0752,Karthik Menon,North,Lucknow,Home & Kitchen,Air Fryer,5133.65,1,20.0,5133.65,1026.73,4106.92,UPI,False,4.0
ORD101455,2026-03-28,CUST0781,Sanjay Mukherjee,West,Surat,Beauty & Personal Care,Perfume,2724.25,1,0.0,2724.25,0.0,2724.25,Debit Card,False,4.0
ORD101486,2026-03-29,CUST0646,Nisha Malhotra,West,Mumbai,Beauty & Personal Care,Hair Dryer,1740.85,1,5.0,1740.85,87.04,1653.81,Net Banking,False,4.0
ORD101753,2026-03-29,CUST0126,Kiran Sharma,East,Bhubaneswar,Beauty & Personal Care,Perfume,3272.48,1,0.0,3272.48,0.0,3272.48,Debit Card,False,4.0
ORD103270,2026-03-29,CUST0422,Ananya Nair,North,Lucknow,Sports & Fitness,Resistance Bands,1690.68,1,5.0,1690.68,84.53,1606.15,UPI,False,5.0
ORD105714,2026-03-29,CUST0555,Vivaan Sharma,North,Delhi,Fashion,Wrist Watch,1306.78,3,10.0,3920.34,392.03,3528.31,UPI,False,5.0
ORD101237,2026-03-29,CUST0502,Lakshmi Malhotra,East,Guwahati,Home & Kitchen,Water Purifier,2970.93,1,15.0,2970.93,445.64,2525.29,UPI,True,5.0
ORD100163,2026-03-29,CUST0242,Naveen Malhotra,West,Pune,Electronics,Smartphone,14486.74,2,20.0,28973.48,5794.7,23178.78,Credit Card,False,4.0
ORD102211,2026-03-29,CUST0562,Sanjay Patel,South,Chennai,Home & Kitchen,Non-Stick Cookware Set,7707.84,1,0.0,7707.84,0.0,7707.84,UPI,False,5.0
ORD100325,2026-03-29,CUST0478,Arjun Kapoor,South,Chennai,Home & Kitchen,Mixer Grinder,13040.22,1,0.0,13040.22,0.0,13040.22,Credit Card,False,4.0
ORD103878,2026-03-29,CUST0473,Manisha Chopra,South,Hyderabad,Electronics,Smartwatch,54208.85,1,10.0,54208.85,5420.88,48787.97,Credit Card,False,4.0
ORD100128,2026-03-29,CUST0438,Ishaan Verma,West,Ahmedabad,Fashion,Running Shoes,3604.79,1,0.0,3604.79,0.0,3604.79,Net Banking,False,3.0
ORD104287,2026-03-30,CUST0560,Zara Reddy,South,Chennai,Sports & Fitness,Fitness Band,5328.71,1,5.0,5328.71,266.44,5062.27,Credit Card,False,5.0
ORD102246,2026-03-30,CUST0406,Vikram Rao,North,Lucknow,Electronics,Bluetooth Speaker,6440.17,1,5.0,6440.17,322.01,6118.16,Net Banking,False,3.0
ORD102381,2026-03-30,CUST0612,Tara Reddy,North,Lucknow,Sports & Fitness,Fitness Band,6496.23,1,0.0,6496.23,0.0,6496.23,Credit Card,False,4.0
ORD101573,2026-03-30,CUST0180,Priya Chopra,North,Jaipur,Sports & Fitness,Resistance Bands,3785.67,2,15.0,7571.34,1135.7,6435.64,UPI,False,5.0
ORD102149,2026-03-30,CUST0347,Rohan Das,South,Chennai,Sports & Fitness,Cycling Helmet,1120.29,2,0.0,2240.58,0.0,2240.58,UPI,False,5.0
ORD101845,2026-03-31,CUST0694,Deepak Mukherjee,North,Lucknow,Electronics,Smartphone,5335.11,1,20.0,5335.11,1067.02,4268.09,UPI,False,5.0
ORD105542,2026-03-31,CUST0802,Swati Menon,South,Hyderabad,Electronics,Wireless Earbuds,1869.96,2,5.0,3739.92,187.0,3552.92,Credit Card,False,3.0
ORD103189,2026-03-31,CUST0270,Nisha Kumar,North,Chandigarh,Home & Kitchen,Vacuum Cleaner,1480.59,1,0.0,1480.59,0.0,1480.59,UPI,False,4.0
ORD103812,2026-03-31,CUST0608,Divya Iyer,South,Hyderabad,Home & Kitchen,Water Purifier,1072.36,1,0.0,1072.36,0.0,1072.36,UPI,False,3.0
ORD100512,2026-03-31,CUST0561,Lakshmi Rao,East,Kolkata,Home & Kitchen,Vacuum Cleaner,11286.86,1,5.0,11286.86,564.34,10722.52,Credit Card,False,2.0
ORD102898,2026-03-31,CUST0701,Sneha Singh,East,Patna,Electronics,Laptop,37386.48,1,0.0,37386.48,0.0,37386.48,UPI,False,5.0
ORD104313,2026-04-01,CUST0223,Ramesh Kumar,North,Chandigarh,Home & Kitchen,Vacuum Cleaner,14474.56,1,10.0,14474.56,1447.46,13027.1,UPI,False,1.0
ORD102015,2026-04-01,CUST0016,Aditya Reddy,West,Pune,Home & Kitchen,Non-Stick Cookware Set,2392.93,3,25.0,7178.79,1794.7,5384.09,UPI,False,1.0
ORD103126,2026-04-01,CUST0141,Divya Das,South,Chennai,Sports & Fitness,Dumbbell Set,6013.4,1,10.0,6013.4,601.34,5412.06,Debit Card,False,2.0
ORD104795,2026-04-01,CUST0787,Karthik Joshi,North,Chandigarh,Home & Kitchen,Non-Stick Cookware Set,7895.16,1,0.0,7895.16,0.0,7895.16,Cash on Delivery,True,5.0
ORD100238,2026-04-01,CUST0413,Ananya Singh,East,Bhubaneswar,Sports & Fitness,Fitness Band,643.89,1,0.0,643.89,0.0,643.89,UPI,False,3.0
ORD105799,2026-04-01,CUST0438,Ishaan Verma,West,Ahmedabad,Sports & Fitness,Dumbbell Set,923.94,2,0.0,1847.88,0.0,1847.88,Credit Card,False,5.0
ORD105946,2026-04-01,CUST0284,Lakshmi Nair,West,Pune,Sports & Fitness,Yoga Mat,7715.53,1,0.0,7715.53,0.0,7715.53,UPI,False,4.0
ORD104413,2026-04-01,CUST0458,Swati Singh,West,Ahmedabad,Beauty & Personal Care,Hair Dryer,1909.3,1,5.0,1909.3,95.46,1813.84,Net Banking,False,3.0
ORD105799,2026-04-01,CUST0438,Ishaan Verma,West,Ahmedabad,Sports & Fitness,Dumbbell Set,923.94,2,0.0,1847.88,0.0,1847.88,Credit Card,False,5.0
ORD105169,2026-04-01,CUST0175,Arjun Gupta,North,Lucknow,Home & Kitchen,Vacuum Cleaner,12297.61,2,10.0,24595.22,2459.52,22135.7,UPI,False,2.0
ORD102065,2026-04-02,CUST0708,Anil Kumar,South,Chennai,Home & Kitchen,Non-Stick Cookware Set,8714.04,2,20.0,17428.08,3485.62,13942.46,UPI,False,4.0
ORD102075,2026-04-02,CUST0252,Neha Reddy,North,Delhi,Sports & Fitness,Dumbbell Set,5835.15,1,10.0,5835.15,583.52,5251.63,UPI,False,4.0
ORD101031,2026-04-02,CUST0026,Swati Nair,South,Chennai,Electronics,Smartphone,15133.24,2,5.0,30266.48,1513.32,28753.16,UPI,False,5.0
ORD102135,2026-04-02,CUST0306,Anil Verma,South,Kochi,Beauty & Personal Care,Perfume,2440.72,1,0.0,2440.72,0.0,2440.72,UPI,False,5.0
ORD101616,2026-04-02,CUST0307,Rohan Mukherjee,South,Kochi,Fashion,Running Shoes,782.93,1,25.0,782.93,195.73,587.2,Debit Card,False,3.0
ORD105435,2026-04-03,CUST0396,Lakshmi Rao,North,Lucknow,Home & Kitchen,Vacuum Cleaner,14487.79,1,0.0,14487.79,0.0,14487.79,UPI,False,4.0
ORD103257,2026-04-03,CUST0285,Divya Joshi,North,Jaipur,Fashion,Running Shoes,5504.83,1,5.0,5504.83,275.24,5229.59,Cash on Delivery,False,2.0
ORD102597,2026-04-03,CUST0039,Aarav Gupta,East,Bhubaneswar,Sports & Fitness,Fitness Band,7892.6,1,5.0,7892.6,394.63,7497.97,UPI,False,3.0
ORD104807,2026-04-03,CUST0560,Zara Reddy,South,Chennai,Electronics,Wireless Earbuds,31551.3,1,20.0,31551.3,6310.26,25241.04,Debit Card,True,5.0
ORD101607,2026-04-03,CUST0039,Aarav Gupta,East,Bhubaneswar,Sports & Fitness,Resistance Bands,5984.65,1,25.0,5984.65,1496.16,4488.49,Credit Card,False,5.0
ORD104782,2026-04-03,CUST0630,Neha Desai,North,Chandigarh,Sports & Fitness,Cycling Helmet,2306.32,1,0.0,2306.32,0.0,2306.32,UPI,False,4.0
ORD101150,2026-04-03,CUST0197,Priya Bose,South,Hyderabad,Fashion,Denim Jacket,640.31,1,20.0,640.31,128.06,512.25,UPI,False,4.0
ORD103293,2026-04-04,CUST0072,Naveen Gupta,North,Chandigarh,Beauty & Personal Care,Perfume,401.99,1,0.0,401.99,0.0,401.99,Debit Card,False,3.0
ORD102510,2026-04-04,CUST0844,Kiran Bose,West,Surat,Sports & Fitness,Cycling Helmet,2701.86,1,0.0,2701.86,0.0,2701.86,UPI,False,5.0
ORD105709,2026-04-04,CUST0442,Ananya Patel,West,Mumbai,Fashion,Sunglasses,2351.52,1,0.0,2351.52,0.0,2351.52,Credit Card,False,4.0
ORD101760,2026-04-04,CUST0235,Sanjay Das,South,Chennai,Home & Kitchen,Non-Stick Cookware Set,1455.0,1,10.0,1455.0,145.5,1309.5,UPI,False,1.0
ORD104023,2026-04-04,CUST0800,Nisha Malhotra,North,Jaipur,Home & Kitchen,Air Fryer,14259.74,1,0.0,14259.74,0.0,14259.74,Credit Card,False,3.0
ORD105158,2026-04-04,CUST0509,Divya Desai,West,Ahmedabad,Fashion,Running Shoes,812.48,1,10.0,812.48,81.25,731.23,UPI,False,5.0
ORD100106,2026-04-04,CUST0266,Riya Gupta,West,Ahmedabad,Beauty & Personal Care,Perfume,3033.86,1,0.0,3033.86,0.0,3033.86,Credit Card,False,2.0
ORD105875,2026-04-05,CUST0820,Krishna Joshi,East,Bhubaneswar,Home & Kitchen,Air Fryer,922.95,1,0.0,922.95,0.0,922.95,UPI,False,5.0
ORD100806,2026-04-05,CUST0008,Vikram Pillai,West,Mumbai,Home & Kitchen,Water Purifier,12798.78,1,0.0,12798.78,0.0,12798.78,Cash on Delivery,True,4.0
ORD101189,2026-04-05,CUST0813,Karthik Iyer,East,Kolkata,Home & Kitchen,Water Purifier,13896.75,2,10.0,27793.5,2779.35,25014.15,Net Banking,False,5.0
ORD103976,2026-04-05,CUST0567,Rohan Malhotra,East,Guwahati,Home & Kitchen,Non-Stick Cookware Set,5809.76,1,10.0,5809.76,580.98,5228.78,Net Banking,False,4.0
ORD104245,2026-04-05,CUST0356,Vihaan Singh,West,Pune,Fashion,Denim Jacket,3011.83,1,5.0,3011.83,150.59,2861.24,Credit Card,False,5.0
ORD105558,2026-04-05,CUST0208,Vikram Bose,East,Kolkata,Electronics,Bluetooth Speaker,16314.91,1,15.0,16314.91,2447.24,13867.67,UPI,False,5.0
ORD103548,2026-04-05,CUST0222,Deepak Singh,North,Jaipur,Sports & Fitness,Resistance Bands,5610.66,1,20.0,5610.66,1122.13,4488.53,Debit Card,False,2.0
ORD103239,2026-04-06,CUST0591,Deepak Menon,West,Mumbai,Sports & Fitness,Resistance Bands,4629.57,1,15.0,4629.57,694.44,3935.13,Debit Card,False,4.0
ORD105976,2026-04-06,CUST0446,Arjun Joshi,North,Lucknow,Fashion,Denim Jacket,1675.81,3,25.0,5027.43,1256.86,3770.57,Cash on Delivery,False,4.0
ORD101467,2026-04-06,CUST0413,Ananya Singh,East,Bhubaneswar,Beauty & Personal Care,Perfume,2537.57,1,10.0,2537.57,253.76,2283.81,UPI,False,5.0
ORD105571,2026-04-06,CUST0099,Priya Iyer,South,Hyderabad,Fashion,Wrist Watch,4978.44,2,5.0,9956.88,497.84,9459.04,Credit Card,False,3.0
ORD103744,2026-04-06,CUST0752,Karthik Menon,North,Lucknow,Beauty & Personal Care,Face Serum,2442.46,1,25.0,2442.46,610.62,1831.84,Cash on Delivery,False,5.0
ORD103346,2026-04-07,CUST0176,Vihaan Rao,North,Jaipur,Beauty & Personal Care,Face Serum,1454.88,1,0.0,1454.88,0.0,1454.88,UPI,False,5.0
ORD101098,2026-04-07,CUST0133,Karthik Malhotra,South,Hyderabad,Beauty & Personal Care,Skincare Kit,1166.36,1,20.0,1166.36,233.27,933.09,UPI,False,4.0
ORD101495,2026-04-07,CUST0043,Divya Iyer,West,Ahmedabad,Sports & Fitness,Fitness Band,3149.94,1,0.0,3149.94,0.0,3149.94,Cash on Delivery,False,4.0
ORD105394,2026-04-07,CUST0081,Pooja Patel,North,Lucknow,Beauty & Personal Care,Hair Dryer,2988.62,1,0.0,2988.62,0.0,2988.62,Credit Card,False,3.0
ORD102233,2026-04-07,CUST0367,Manish Patel,North,Delhi,Sports & Fitness,Cycling Helmet,6583.02,3,10.0,19749.06,1974.91,17774.15,UPI,False,5.0
ORD101953,2026-04-07,CUST0715,Kiran Verma,South,Bengaluru,Fashion,Backpack,3062.88,1,0.0,3062.88,0.0,3062.88,Credit Card,False,5.0
ORD103907,2026-04-07,CUST0515,Vikram Gupta,West,Ahmedabad,Electronics,Smartwatch,9518.32,1,0.0,9518.32,0.0,9518.32,Cash on Delivery,False,5.0
ORD101873,2026-04-07,CUST0700,Aditya Singh,North,Lucknow,Beauty & Personal Care,Face Serum,1882.37,2,0.0,3764.74,0.0,3764.74,UPI,False,5.0
ORD103790,2026-04-08,CUST0311,Ananya Das,West,Mumbai,Beauty & Personal Care,Trimmer,2198.98,1,5.0,2198.98,109.95,2089.03,UPI,False,1.0
ORD104553,2026-04-08,CUST0791,Priya Desai,North,Delhi,Electronics,Wireless Earbuds,37492.93,1,0.0,37492.93,0.0,37492.93,Credit Card,False,5.0
ORD102915,2026-04-08,CUST0762,Anil Pillai,East,Bhubaneswar,Electronics,Laptop,4222.1,1,0.0,4222.1,0.0,4222.1,Credit Card,False,5.0
ORD102436,2026-04-08,CUST0446,Arjun Joshi,North,Lucknow,Home & Kitchen,Mixer Grinder,4500.99,1,0.0,4500.99,0.0,4500.99,Credit Card,False,3.0
ORD101871,2026-04-08,CUST0537,Sneha Sharma,West,Surat,Beauty & Personal Care,Hair Dryer,804.19,1,0.0,804.19,0.0,804.19,Net Banking,False,4.0
ORD101451,2026-04-08,CUST0561,Lakshmi Rao,East,Kolkata,Electronics,Smartwatch,41562.48,1,5.0,41562.48,2078.12,39484.36,Cash on Delivery,False,2.0
ORD100894,2026-04-08,CUST0669,Rohan Menon,South,Kochi,Home & Kitchen,Water Purifier,1471.33,1,15.0,1471.33,220.7,1250.63,Net Banking,False,5.0
ORD101334,2026-04-09,CUST0789,Riya Pillai,North,Lucknow,Home & Kitchen,Air Fryer,3419.02,1,0.0,3419.02,0.0,3419.02,Net Banking,False,5.0
ORD103590,2026-04-09,CUST0270,Nisha Kumar,North,Chandigarh,Electronics,Smartphone,36472.34,1,0.0,36472.34,0.0,36472.34,UPI,False,2.0
ORD101372,2026-04-09,CUST0604,Swati Das,South,Bengaluru,Home & Kitchen,Mixer Grinder,11539.82,1,0.0,11539.82,0.0,11539.82,Net Banking,False,5.0
ORD105760,2026-04-09,CUST0258,Reyansh Malhotra,West,Mumbai,Electronics,Smartphone,27146.93,1,10.0,27146.93,2714.69,24432.24,Debit Card,False,5.0
ORD103003,2026-04-09,CUST0258,Reyansh Malhotra,West,Mumbai,Fashion,Running Shoes,3247.23,1,10.0,3247.23,324.72,2922.51,Credit Card,False,4.0
ORD103998,2026-04-10,CUST0118,Ananya Das,South,Chennai,Electronics,Smartphone,51855.65,1,25.0,51855.65,12963.91,38891.74,Credit Card,False,5.0
ORD101181,2026-04-10,CUST0620,Anil Pillai,West,Surat,Home & Kitchen,Non-Stick Cookware Set,9698.8,1,0.0,9698.8,0.0,9698.8,Debit Card,False,5.0
ORD102626,2026-04-10,CUST0157,Vivaan Das,North,Lucknow,Sports & Fitness,Dumbbell Set,527.8,1,10.0,527.8,52.78,475.02,UPI,False,5.0
ORD100078,2026-04-10,CUST0780,Rahul Mukherjee,North,Delhi,Beauty & Personal Care,Hair Dryer,886.94,2,25.0,1773.88,443.47,1330.41,Cash on Delivery,False,4.0
ORD104507,2026-04-10,CUST0192,Diya Bose,West,Mumbai,Electronics,Smartphone,3696.34,1,0.0,3696.34,0.0,3696.34,UPI,False,4.0
ORD101017,2026-04-10,CUST0612,Tara Reddy,North,Lucknow,Beauty & Personal Care,Face Serum,1512.42,1,0.0,1512.42,0.0,1512.42,Credit Card,False,4.0
ORD102481,2026-04-10,CUST0070,Sai Pillai,North,Jaipur,Beauty & Personal Care,Skincare Kit,640.75,1,10.0,640.75,64.08,576.67,UPI,False,4.0
ORD100274,2026-04-10,CUST0655,Vihaan Mukherjee,South,Kochi,Sports & Fitness,Fitness Band,4813.8,1,25.0,4813.8,1203.45,3610.35,Net Banking,False,4.0
ORD102771,2026-04-11,CUST0545,Divya Malhotra,North,Jaipur,Electronics,Smartwatch,30659.78,1,0.0,30659.78,0.0,30659.78,UPI,True,5.0
ORD101014,2026-04-11,CUST0457,Vivaan Malhotra,North,Delhi,Beauty & Personal Care,Face Serum,1954.22,2,0.0,3908.44,0.0,3908.44,UPI,False,3.0
ORD100140,2026-04-11,CUST0276,Nisha Sharma,North,Jaipur,Home & Kitchen,Water Purifier,9075.26,1,0.0,9075.26,0.0,9075.26,Net Banking,False,3.0
ORD102610,2026-04-11,CUST0428,Vivaan Chopra,South,Hyderabad,Electronics,Smartwatch,4304.84,2,10.0,8609.68,860.97,7748.71,Credit Card,False,4.0
ORD105796,2026-04-12,CUST0534,Krishna Gupta,West,Surat,Fashion,Running Shoes,668.95,2,10.0,1337.9,133.79,1204.11,UPI,True,1.0
ORD104727,2026-04-12,CUST0080,Vikram Kapoor,North,Lucknow,Home & Kitchen,Mixer Grinder,4809.57,1,10.0,4809.57,480.96,4328.61,Net Banking,False,4.0
ORD101064,2026-04-12,CUST0472,Rohan Sharma,South,Bengaluru,Fashion,Wrist Watch,2556.7,1,5.0,2556.7,127.84,2428.86,Credit Card,True,3.0
ORD103065,2026-04-12,CUST0053,Aarav Iyer,North,Delhi,Home & Kitchen,Vacuum Cleaner,1460.89,1,0.0,1460.89,0.0,1460.89,UPI,False,5.0
ORD105689,2026-04-12,CUST0445,Rahul Reddy,West,Mumbai,Home & Kitchen,Water Purifier,1008.35,1,0.0,1008.35,0.0,1008.35,Net Banking,False,5.0
ORD104204,2026-04-12,CUST0187,Sneha Bose,West,Ahmedabad,Beauty & Personal Care,Perfume,1035.02,1,0.0,1035.02,0.0,1035.02,UPI,False,5.0
ORD100562,2026-04-12,CUST0304,Saanvi Joshi,South,Kochi,Beauty & Personal Care,Hair Dryer,1719.09,1,0.0,1719.09,0.0,1719.09,UPI,False,4.0
ORD101838,2026-04-12,CUST0245,Priya Reddy,South,Kochi,Beauty & Personal Care,Skincare Kit,2260.49,1,0.0,2260.49,0.0,2260.49,Net Banking,False,5.0
ORD100298,2026-04-12,CUST0239,Kiran Pillai,East,Patna,Beauty & Personal Care,Perfume,1127.41,1,15.0,1127.41,169.11,958.3,Credit Card,False,4.0
ORD100271,2026-04-12,CUST0014,Naveen Bose,North,Chandigarh,Home & Kitchen,Non-Stick Cookware Set,6047.82,1,10.0,6047.82,604.78,5443.04,UPI,False,5.0
ORD105327,2026-04-13,CUST0343,Vikram Kapoor,East,Patna,Fashion,Running Shoes,4989.44,1,0.0,4989.44,0.0,4989.44,Credit Card,False,4.0
ORD102700,2026-04-13,CUST0455,Shreya Das,South,Kochi,Sports & Fitness,Fitness Band,1447.27,1,0.0,1447.27,0.0,1447.27,Credit Card,False,5.0
ORD104709,2026-04-13,CUST0813,Karthik Iyer,East,Kolkata,Beauty & Personal Care,Perfume,2492.66,2,0.0,4985.32,0.0,4985.32,UPI,False,5.0
ORD105359,2026-04-13,CUST0553,Tara Nair,East,Bhubaneswar,Home & Kitchen,Non-Stick Cookware Set,3568.36,2,25.0,7136.72,1784.18,5352.54,Debit Card,False,5.0
ORD101687,2026-04-13,CUST0445,Rahul Reddy,West,Mumbai,Fashion,Backpack,4293.98,1,5.0,4293.98,214.7,4079.28,UPI,False,4.0
ORD103298,2026-04-13,CUST0614,Diya Bose,North,Chandigarh,Beauty & Personal Care,Trimmer,3190.89,2,0.0,6381.78,0.0,6381.78,Debit Card,False,1.0
ORD100327,2026-04-13,CUST0700,Aditya Singh,North,Lucknow,Electronics,Wireless Earbuds,18397.28,2,10.0,36794.56,3679.46,33115.1,Debit Card,False,5.0
ORD102202,2026-04-13,CUST0740,Diya Gupta,East,Bhubaneswar,Fashion,Denim Jacket,3133.39,1,10.0,3133.39,313.34,2820.05,Net Banking,False,4.0
ORD103848,2026-04-13,CUST0176,Vihaan Rao,North,Jaipur,Home & Kitchen,Non-Stick Cookware Set,13853.4,1,0.0,13853.4,0.0,13853.4,Net Banking,False,4.0
ORD100431,2026-04-13,CUST0406,Vikram Rao,North,Lucknow,Home & Kitchen,Vacuum Cleaner,5365.71,1,0.0,5365.71,0.0,5365.71,UPI,False,5.0
ORD105746,2026-04-14,CUST0591,Deepak Menon,West,Mumbai,Fashion,Backpack,2442.11,1,5.0,2442.11,122.11,2320.0,Debit Card,False,4.0
ORD100627,2026-04-14,CUST0262,Arjun Reddy,East,Patna,Fashion,Backpack,2697.89,3,0.0,8093.67,0.0,8093.67,Net Banking,False,4.0
ORD104047,2026-04-14,CUST0442,Ananya Patel,West,Mumbai,Beauty & Personal Care,Skincare Kit,3124.2,2,0.0,6248.4,0.0,6248.4,UPI,False,4.0
ORD103355,2026-04-14,CUST0205,Tara Sharma,West,Ahmedabad,Beauty & Personal Care,Face Serum,946.1,3,0.0,2838.3,0.0,2838.3,Net Banking,True,4.0
ORD104743,2026-04-14,CUST0039,Aarav Gupta,East,Bhubaneswar,Beauty & Personal Care,Face Serum,1351.61,1,0.0,1351.61,0.0,1351.61,Net Banking,False,5.0
ORD102941,2026-04-14,CUST0406,Vikram Rao,North,Lucknow,Sports & Fitness,Yoga Mat,6426.87,1,0.0,6426.87,0.0,6426.87,Credit Card,False,5.0
ORD105529,2026-04-14,CUST0003,Krishna Gupta,South,Bengaluru,Beauty & Personal Care,Perfume,703.92,2,5.0,1407.84,70.39,1337.45,UPI,True,2.0
ORD100538,2026-04-14,CUST0222,Deepak Singh,North,Jaipur,Beauty & Personal Care,Skincare Kit,3109.09,1,20.0,3109.09,621.82,2487.27,Credit Card,False,3.0
ORD102435,2026-04-14,CUST0057,Deepak Malhotra,West,Surat,Home & Kitchen,Water Purifier,11472.81,1,5.0,11472.81,573.64,10899.17,UPI,False,5.0
ORD101865,2026-04-14,CUST0731,Ramesh Nair,South,Bengaluru,Home & Kitchen,Air Fryer,8803.26,1,0.0,8803.26,0.0,8803.26,UPI,False,5.0
ORD103947,2026-04-15,CUST0464,Ramesh Sharma,West,Surat,Sports & Fitness,Yoga Mat,4935.48,2,5.0,9870.96,493.55,9377.41,Credit Card,False,4.0
ORD102582,2026-04-15,CUST0239,Kiran Pillai,East,Patna,Fashion,Denim Jacket,3574.29,1,0.0,3574.29,0.0,3574.29,Credit Card,False,3.0
ORD102123,2026-04-15,CUST0555,Vivaan Sharma,North,Delhi,Fashion,Backpack,3238.43,1,0.0,3238.43,0.0,3238.43,Credit Card,False,2.0
ORD104084,2026-04-15,CUST0373,Divya Desai,West,Mumbai,Sports & Fitness,Dumbbell Set,1938.21,2,10.0,3876.42,387.64,3488.78,Credit Card,False,2.0
ORD105289,2026-04-15,CUST0137,Rahul Sharma,East,Guwahati,Home & Kitchen,Vacuum Cleaner,1122.05,1,0.0,1122.05,0.0,1122.05,Credit Card,False,5.0
ORD101404,2026-04-15,CUST0606,Swati Kumar,South,Chennai,Sports & Fitness,Fitness Band,5544.54,1,5.0,5544.54,277.23,5267.31,Debit Card,False,1.0
ORD100564,2026-04-15,CUST0092,Pooja Nair,South,Hyderabad,Electronics,Laptop,7808.79,1,0.0,7808.79,0.0,7808.79,UPI,False,4.0
ORD102592,2026-04-15,CUST0765,Anil Das,West,Pune,Sports & Fitness,Fitness Band,6365.44,1,0.0,6365.44,0.0,6365.44,Credit Card,False,4.0
ORD103724,2026-04-16,CUST0208,Vikram Bose,East,Kolkata,Beauty & Personal Care,Hair Dryer,2759.33,1,5.0,2759.33,137.97,2621.36,Cash on Delivery,False,5.0
ORD100817,2026-04-16,CUST0650,Rohan Gupta,West,Mumbai,Home & Kitchen,Water Purifier,1601.72,1,0.0,1601.72,0.0,1601.72,Net Banking,False,5.0
ORD104628,2026-04-16,CUST0725,Sai Joshi,North,Lucknow,Beauty & Personal Care,Hair Dryer,3347.51,1,0.0,3347.51,0.0,3347.51,Credit Card,False,3.0
ORD105520,2026-04-16,CUST0612,Tara Reddy,North,Lucknow,Home & Kitchen,Vacuum Cleaner,12995.48,1,0.0,12995.48,0.0,12995.48,Credit Card,False,
ORD103764,2026-04-16,CUST0813,Karthik Iyer,East,Kolkata,Fashion,Backpack,2221.66,1,0.0,2221.66,0.0,2221.66,UPI,False,2.0
ORD104588,2026-04-16,CUST0228,Rohan Reddy,South,Kochi,Beauty & Personal Care,Hair Dryer,1506.37,1,5.0,1506.37,75.32,1431.05,Debit Card,False,3.0
ORD100678,2026-04-16,CUST0606,Swati Kumar,South,Chennai,Home & Kitchen,Non-Stick Cookware Set,7862.56,2,15.0,15725.12,2358.77,13366.35,Net Banking,True,5.0
ORD104982,2026-04-16,CUST0289,Aditya Bose,South,Bengaluru,Sports & Fitness,Yoga Mat,4525.12,1,20.0,4525.12,905.02,3620.1,UPI,False,5.0
ORD100805,2026-04-16,CUST0027,Vivaan Rao,South,Kochi,Home & Kitchen,Air Fryer,4537.39,1,10.0,4537.39,453.74,4083.65,Cash on Delivery,False,2.0
ORD100837,2026-04-16,CUST0842,Shreya Iyer,North,Lucknow,Fashion,Backpack,4841.15,1,25.0,4841.15,1210.29,3630.86,Credit Card,False,4.0
ORD104522,2026-04-16,CUST0535,Aditya Kumar,North,Jaipur,Electronics,Laptop,19468.9,1,0.0,19468.9,0.0,19468.9,UPI,True,5.0
ORD105984,2026-04-16,CUST0294,Diya Singh,North,Jaipur,Beauty & Personal Care,Skincare Kit,1533.92,1,0.0,1533.92,0.0,1533.92,UPI,False,2.0
ORD100811,2026-04-16,CUST0064,Sanjay Reddy,East,Kolkata,Beauty & Personal Care,Trimmer,2292.52,1,0.0,2292.52,0.0,2292.52,Credit Card,False,5.0
ORD104355,2026-04-17,CUST0781,Sanjay Mukherjee,West,Surat,Electronics,Wireless Earbuds,52873.34,2,0.0,105746.68,0.0,105746.68,Credit Card,False,2.0
ORD105537,2026-04-17,CUST0076,Aditya Gupta,North,Jaipur,Electronics,Smartphone,23183.34,2,20.0,46366.68,9273.34,37093.34,Debit Card,False,5.0
ORD101724,2026-04-17,CUST0454,Suresh Kapoor,West,Mumbai,Fashion,Wrist Watch,3911.14,1,10.0,3911.14,391.11,3520.03,Net Banking,False,2.0
ORD105706,2026-04-17,CUST0440,Divya Sharma,North,Chandigarh,Home & Kitchen,Water Purifier,5954.75,1,5.0,5954.75,297.74,5657.01,Net Banking,False,4.0
ORD104828,2026-04-17,CUST0677,Saanvi Das,West,Surat,Home & Kitchen,Mixer Grinder,10300.99,1,0.0,10300.99,0.0,10300.99,UPI,False,5.0
ORD100196,2026-04-17,CUST0264,Krishna Bose,South,Kochi,Home & Kitchen,Water Purifier,3551.02,1,0.0,3551.02,0.0,3551.02,Credit Card,False,3.0
ORD100055,2026-04-18,CUST0216,Shreya Singh,East,Guwahati,Sports & Fitness,Fitness Band,5089.25,2,20.0,10178.5,2035.7,8142.8,Debit Card,False,4.0
ORD104543,2026-04-18,CUST0479,Vihaan Pillai,North,Delhi,Fashion,Wrist Watch,5945.56,1,10.0,5945.56,594.56,5351.0,Credit Card,False,5.0
ORD103488,2026-04-18,CUST0418,Shreya Desai,South,Kochi,Fashion,Running Shoes,5735.86,1,10.0,5735.86,573.59,5162.27,Credit Card,False,
ORD104229,2026-04-18,CUST0437,Kavya Menon,South,Kochi,Sports & Fitness,Yoga Mat,7385.29,1,0.0,7385.29,0.0,7385.29,UPI,False,4.0
ORD101684,2026-04-18,CUST0444,Sanjay Iyer,North,Chandigarh,Fashion,Sunglasses,2701.75,1,15.0,2701.75,405.26,2296.49,UPI,False,4.0
ORD100527,2026-04-18,CUST0317,Arjun Reddy,East,Guwahati,Sports & Fitness,Cycling Helmet,6128.0,1,20.0,6128.0,1225.6,4902.4,Credit Card,False,2.0
ORD103143,2026-04-18,CUST0039,Aarav Gupta,East,Bhubaneswar,Fashion,Wrist Watch,1620.29,1,20.0,1620.29,324.06,1296.23,Net Banking,False,5.0
ORD102576,2026-04-18,CUST0041,Krishna Menon,North,Lucknow,Home & Kitchen,Non-Stick Cookware Set,3089.91,1,0.0,3089.91,0.0,3089.91,UPI,False,5.0
ORD100756,2026-04-18,CUST0728,Pooja Verma,North,Lucknow,Home & Kitchen,Mixer Grinder,9287.46,2,0.0,18574.92,0.0,18574.92,Credit Card,True,5.0
ORD105060,2026-04-18,CUST0118,Ananya Das,South,Chennai,Electronics,Smartwatch,13348.2,1,20.0,13348.2,2669.64,10678.56,Debit Card,False,4.0
ORD101477,2026-04-18,CUST0321,Rohan Joshi,North,Chandigarh,Electronics,Wireless Earbuds,47293.9,1,20.0,47293.9,9458.78,37835.12,UPI,False,2.0
ORD101399,2026-04-18,CUST0563,Sneha Pillai,West,Mumbai,Beauty & Personal Care,Trimmer,3212.61,1,10.0,3212.61,321.26,2891.35,Credit Card,False,4.0
ORD104606,2026-04-19,CUST0231,Kiran Mukherjee,East,Bhubaneswar,Electronics,Laptop,8420.21,1,5.0,8420.21,421.01,7999.2,Net Banking,False,3.0
ORD101507,2026-04-19,CUST0182,Riya Joshi,North,Delhi,Beauty & Personal Care,Perfume,2281.13,1,15.0,2281.13,342.17,1938.96,Credit Card,False,4.0
ORD103675,2026-04-19,CUST0481,Kiran Nair,South,Chennai,Sports & Fitness,Yoga Mat,2952.3,1,0.0,2952.3,0.0,2952.3,Credit Card,False,4.0
ORD105703,2026-04-19,CUST0018,Nisha Mukherjee,West,Surat,Sports & Fitness,Dumbbell Set,4043.24,1,0.0,4043.24,0.0,4043.24,Credit Card,False,4.0
ORD101868,2026-04-19,CUST0601,Sneha Patel,South,Hyderabad,Fashion,Denim Jacket,1051.65,2,0.0,2103.3,0.0,2103.3,Credit Card,False,5.0
ORD103924,2026-04-19,CUST0555,Vivaan Sharma,North,Delhi,Electronics,Laptop,19207.99,1,0.0,19207.99,0.0,19207.99,Credit Card,False,2.0
ORD100608,2026-04-19,CUST0371,Riya Nair,East,Bhubaneswar,Electronics,Laptop,50721.41,1,10.0,50721.41,5072.14,45649.27,Debit Card,False,5.0
ORD104895,2026-04-20,CUST0649,Priya Pillai,South,Kochi,Electronics,Bluetooth Speaker,11936.06,2,5.0,23872.12,1193.61,22678.51,UPI,False,4.0
ORD103095,2026-04-20,CUST0724,Divya Bose,East,Patna,Sports & Fitness,Resistance Bands,4603.84,1,0.0,4603.84,0.0,4603.84,Credit Card,False,5.0
ORD100209,2026-04-20,CUST0070,Sai Pillai,North,Jaipur,Electronics,Smartphone,17234.52,1,0.0,17234.52,0.0,17234.52,Credit Card,False,4.0
ORD104692,2026-04-20,CUST0802,Swati Menon,South,Hyderabad,Home & Kitchen,Non-Stick Cookware Set,3842.07,1,0.0,3842.07,0.0,3842.07,Cash on Delivery,False,3.0
ORD101875,2026-04-20,CUST0494,Kiran Bose,East,Patna,Electronics,Wireless Earbuds,50256.31,2,0.0,100512.62,0.0,100512.62,UPI,False,4.0
ORD103361,2026-04-20,CUST0621,Meera Patel,South,Bengaluru,Beauty & Personal Care,Skincare Kit,3339.68,1,0.0,3339.68,0.0,3339.68,UPI,False,4.0
ORD102223,2026-04-21,CUST0288,Neha Sharma,East,Guwahati,Fashion,Wrist Watch,1794.95,1,0.0,1794.95,0.0,1794.95,Net Banking,False,5.0
ORD101895,2026-04-21,CUST0707,Isha Menon,West,Pune,Fashion,Backpack,4078.01,1,10.0,4078.01,407.8,3670.21,Debit Card,False,5.0
ORD104048,2026-04-21,CUST0379,Reyansh Iyer,West,Mumbai,Sports & Fitness,Yoga Mat,5169.5,2,10.0,10339.0,1033.9,9305.1,UPI,False,3.0
ORD102619,2026-04-21,CUST0413,Ananya Singh,East,Bhubaneswar,Electronics,Smartphone,21294.92,1,0.0,21294.92,0.0,21294.92,UPI,False,5.0
ORD101122,2026-04-22,CUST0450,Swati Singh,East,Kolkata,Electronics,Smartphone,52488.73,1,0.0,52488.73,0.0,52488.73,UPI,True,4.0
ORD105506,2026-04-22,CUST0838,Nisha Kumar,East,Bhubaneswar,Sports & Fitness,Yoga Mat,4201.18,1,0.0,4201.18,0.0,4201.18,UPI,False,5.0
ORD103096,2026-04-22,CUST0003,Krishna Gupta,South,Bengaluru,Electronics,Laptop,45883.17,2,20.0,91766.34,18353.27,73413.07,Credit Card,False,5.0
ORD104357,2026-04-22,CUST0820,Krishna Joshi,East,Bhubaneswar,Sports & Fitness,Cycling Helmet,1468.32,1,10.0,1468.32,146.83,1321.49,Credit Card,False,5.0
ORD105790,2026-04-22,CUST0721,Riya Singh,West,Surat,Sports & Fitness,Resistance Bands,4830.21,1,15.0,4830.21,724.53,4105.68,Cash on Delivery,False,1.0
ORD100774,2026-04-22,CUST0259,Isha Singh,East,Patna,Fashion,Denim Jacket,3751.39,1,0.0,3751.39,0.0,3751.39,Cash on Delivery,True,3.0
ORD102155,2026-04-22,CUST0515,Vikram Gupta,West,Ahmedabad,Sports & Fitness,Dumbbell Set,7914.21,1,0.0,7914.21,0.0,7914.21,UPI,False,5.0
ORD102220,2026-04-22,CUST0418,Shreya Desai,South,Kochi,Beauty & Personal Care,Face Serum,1817.4,1,5.0,1817.4,90.87,1726.53,Credit Card,False,5.0
ORD103824,2026-04-23,CUST0509,Divya Desai,West,Ahmedabad,Electronics,Bluetooth Speaker,50781.35,1,20.0,50781.35,10156.27,40625.08,Net Banking,False,3.0
ORD104475,2026-04-23,CUST0622,Deepak Kapoor,South,Bengaluru,Home & Kitchen,Water Purifier,10530.53,2,0.0,21061.06,0.0,21061.06,UPI,False,5.0
ORD101146,2026-04-23,CUST0412,Vivaan Kapoor,West,Mumbai,Sports & Fitness,Fitness Band,6006.36,1,0.0,6006.36,0.0,6006.36,UPI,False,
ORD100168,2026-04-23,CUST0823,Karthik Reddy,East,Bhubaneswar,Fashion,Wrist Watch,3295.86,2,15.0,6591.72,988.76,5602.96,Debit Card,False,4.0
ORD100189,2026-04-23,CUST0815,Saanvi Pillai,West,Ahmedabad,Sports & Fitness,Cycling Helmet,2361.86,1,0.0,2361.86,0.0,2361.86,Cash on Delivery,False,5.0
ORD102450,2026-04-23,CUST0828,Diya Das,East,Guwahati,Home & Kitchen,Air Fryer,7537.98,1,0.0,7537.98,0.0,7537.98,Debit Card,False,2.0
ORD104087,2026-04-23,CUST0781,Sanjay Mukherjee,West,Surat,Beauty & Personal Care,Perfume,289.93,2,5.0,579.86,28.99,550.87,UPI,False,5.0
ORD102703,2026-04-23,CUST0227,Anil Nair,West,Ahmedabad,Beauty & Personal Care,Perfume,2300.7,2,0.0,4601.4,0.0,4601.4,UPI,False,4.0
ORD103571,2026-04-23,CUST0283,Rahul Menon,East,Kolkata,Home & Kitchen,Non-Stick Cookware Set,5579.55,1,10.0,5579.55,557.96,5021.59,UPI,False,5.0
ORD101269,2026-04-24,CUST0202,Arjun Nair,North,Lucknow,Home & Kitchen,Water Purifier,10100.39,1,0.0,10100.39,0.0,10100.39,Credit Card,False,4.0
ORD105334,2026-04-24,CUST0068,Isha Gupta,South,Bengaluru,Home & Kitchen,Mixer Grinder,8381.98,1,15.0,8381.98,1257.3,7124.68,Credit Card,False,2.0
ORD101543,2026-04-24,CUST0025,Riya Nair,East,Guwahati,Home & Kitchen,Non-Stick Cookware Set,3936.81,1,0.0,3936.81,0.0,3936.81,Cash on Delivery,False,5.0
ORD103039,2026-04-24,CUST0412,Vivaan Kapoor,West,Mumbai,Fashion,Wrist Watch,4327.7,2,10.0,8655.4,865.54,7789.86,UPI,False,5.0
ORD103117,2026-04-24,CUST0109,Divya Gupta,West,Pune,Beauty & Personal Care,Trimmer,2145.76,1,0.0,2145.76,0.0,2145.76,Credit Card,False,5.0
ORD101327,2026-04-24,CUST0495,Vihaan Reddy,North,Chandigarh,Sports & Fitness,Yoga Mat,4398.69,1,0.0,4398.69,0.0,4398.69,Debit Card,False,5.0
ORD104514,2026-04-24,CUST0486,Manisha Rao,South,Chennai,Fashion,Backpack,646.3,1,10.0,646.3,64.63,581.67,UPI,False,5.0
ORD101686,2026-04-24,CUST0654,Kavya Mukherjee,East,Patna,Fashion,Running Shoes,1281.73,1,25.0,1281.73,320.43,961.3,UPI,False,4.0
ORD104061,2026-04-25,CUST0754,Riya Pillai,North,Jaipur,Sports & Fitness,Cycling Helmet,2861.64,1,10.0,2861.64,286.16,2575.48,Net Banking,False,3.0
ORD104343,2026-04-25,CUST0379,Reyansh Iyer,West,Mumbai,Sports & Fitness,Cycling Helmet,7112.77,3,0.0,21338.31,0.0,21338.31,Net Banking,False,4.0
ORD105839,2026-04-25,CUST0468,Shreya Reddy,West,Mumbai,Beauty & Personal Care,Hair Dryer,3087.72,1,0.0,3087.72,0.0,3087.72,Net Banking,False,5.0
ORD104484,2026-04-25,CUST0479,Vihaan Pillai,North,Delhi,Sports & Fitness,Dumbbell Set,2307.98,1,0.0,2307.98,0.0,2307.98,Credit Card,False,5.0
ORD105053,2026-04-25,CUST0752,Karthik Menon,North,Lucknow,Sports & Fitness,Yoga Mat,640.0,1,0.0,640.0,0.0,640.0,Credit Card,False,4.0
ORD102099,2026-04-25,CUST0003,Krishna Gupta,South,Bengaluru,Fashion,Backpack,2889.91,1,25.0,2889.91,722.48,2167.43,Credit Card,False,2.0
ORD102021,2026-04-25,CUST0755,Naveen Kapoor,North,Lucknow,Electronics,Smartphone,15753.77,1,10.0,15753.77,1575.38,14178.39,Debit Card,False,2.0
ORD101617,2026-04-25,CUST0194,Naveen Reddy,East,Bhubaneswar,Electronics,Smartphone,54319.98,2,0.0,108639.96,0.0,108639.96,UPI,False,4.0
ORD101362,2026-04-25,CUST0639,Vihaan Chopra,West,Pune,Home & Kitchen,Air Fryer,14529.82,2,15.0,29059.64,4358.95,24700.69,Debit Card,False,5.0
ORD105974,2026-04-26,CUST0378,Deepak Malhotra,East,Patna,Fashion,Sunglasses,4564.1,1,15.0,4564.1,684.62,3879.48,Net Banking,False,5.0
ORD104574,2026-04-26,CUST0821,Saanvi Rao,West,Ahmedabad,Fashion,Denim Jacket,3389.7,1,0.0,3389.7,0.0,3389.7,UPI,False,4.0
ORD101159,2026-04-26,CUST0553,Tara Nair,East,Bhubaneswar,Beauty & Personal Care,Skincare Kit,1146.26,1,0.0,1146.26,0.0,1146.26,Credit Card,False,4.0
ORD105988,2026-04-26,CUST0258,Reyansh Malhotra,West,Mumbai,Beauty & Personal Care,Trimmer,1133.51,1,10.0,1133.51,113.35,1020.16,UPI,False,5.0
ORD100132,2026-04-26,CUST0306,Anil Verma,South,Kochi,Electronics,Smartwatch,13423.77,1,15.0,13423.77,2013.57,11410.2,UPI,False,5.0
ORD105020,2026-04-26,CUST0116,Zara Sharma,West,Pune,Fashion,Backpack,2185.87,2,15.0,4371.74,655.76,3715.98,UPI,False,4.0
ORD100500,2026-04-26,CUST0406,Vikram Rao,North,Lucknow,Sports & Fitness,Fitness Band,1318.95,1,10.0,1318.95,131.9,1187.05,Debit Card,False,4.0
ORD101703,2026-04-26,CUST0157,Vivaan Das,North,Lucknow,Beauty & Personal Care,Trimmer,2527.27,2,0.0,5054.54,0.0,5054.54,Cash on Delivery,False,1.0
ORD101670,2026-04-27,CUST0813,Karthik Iyer,East,Kolkata,Fashion,Running Shoes,4821.96,3,5.0,14465.88,723.29,13742.59,Credit Card,False,5.0
ORD103152,2026-04-27,CUST0070,Sai Pillai,North,Jaipur,Home & Kitchen,Water Purifier,7558.75,1,10.0,7558.75,755.88,6802.87,UPI,False,4.0
ORD105159,2026-04-27,CUST0820,Krishna Joshi,East,Bhubaneswar,Home & Kitchen,Non-Stick Cookware Set,7164.97,2,0.0,14329.94,0.0,14329.94,UPI,False,5.0
ORD104972,2026-04-27,CUST0068,Isha Gupta,South,Bengaluru,Beauty & Personal Care,Hair Dryer,2592.86,1,10.0,2592.86,259.29,2333.57,Credit Card,False,2.0
ORD103640,2026-04-27,CUST0808,Krishna Mukherjee,West,Surat,Electronics,Smartwatch,38972.58,1,0.0,38972.58,0.0,38972.58,Net Banking,False,5.0
ORD101548,2026-04-27,CUST0247,Anil Desai,North,Chandigarh,Beauty & Personal Care,Skincare Kit,325.36,1,10.0,325.36,32.54,292.82,Debit Card,False,2.0
ORD103682,2026-04-27,CUST0747,Isha Patel,North,Delhi,Home & Kitchen,Water Purifier,5521.31,3,0.0,16563.93,0.0,16563.93,UPI,False,5.0
ORD104386,2026-04-28,CUST0709,Kiran Rao,East,Bhubaneswar,Sports & Fitness,Cycling Helmet,4393.86,1,10.0,4393.86,439.39,3954.47,UPI,False,2.0
ORD104033,2026-04-28,CUST0502,Lakshmi Malhotra,East,Guwahati,Electronics,Smartwatch,26154.96,1,0.0,26154.96,0.0,26154.96,Credit Card,False,4.0
ORD102156,2026-04-28,CUST0415,Arjun Rao,North,Chandigarh,Electronics,Bluetooth Speaker,46981.64,1,5.0,46981.64,2349.08,44632.56,UPI,True,3.0
ORD102684,2026-04-29,CUST0289,Aditya Bose,South,Bengaluru,Sports & Fitness,Resistance Bands,1583.34,1,5.0,1583.34,79.17,1504.17,UPI,False,4.0
ORD100594,2026-04-29,CUST0556,Arjun Desai,North,Chandigarh,Fashion,Denim Jacket,5975.07,1,0.0,5975.07,0.0,5975.07,Credit Card,False,2.0
ORD101565,2026-04-29,CUST0225,Reyansh Nair,North,Lucknow,Fashion,Denim Jacket,4994.02,1,0.0,4994.02,0.0,4994.02,UPI,False,3.0
ORD105535,2026-04-29,CUST0428,Vivaan Chopra,South,Hyderabad,Beauty & Personal Care,Perfume,2505.72,2,0.0,5011.44,0.0,5011.44,Credit Card,False,5.0
ORD102890,2026-04-29,CUST0699,Pooja Joshi,North,Chandigarh,Beauty & Personal Care,Face Serum,3205.17,1,0.0,3205.17,0.0,3205.17,UPI,False,3.0
ORD100638,2026-04-29,CUST0728,Pooja Verma,North,Lucknow,Sports & Fitness,Resistance Bands,7504.8,1,0.0,7504.8,0.0,7504.8,Credit Card,False,4.0
ORD103542,2026-04-29,CUST0350,Sneha Rao,West,Ahmedabad,Electronics,Smartphone,7465.21,1,0.0,7465.21,0.0,7465.21,UPI,False,5.0
ORD103707,2026-04-29,CUST0114,Divya Joshi,South,Chennai,Beauty & Personal Care,Hair Dryer,1222.66,1,5.0,1222.66,61.13,1161.53,UPI,False,2.0
ORD100273,2026-04-29,CUST0680,Manisha Chopra,East,Guwahati,Home & Kitchen,Mixer Grinder,1950.6,1,25.0,1950.6,487.65,1462.95,UPI,False,5.0
ORD102245,2026-04-29,CUST0083,Vivaan Iyer,North,Lucknow,Electronics,Laptop,26308.78,1,5.0,26308.78,1315.44,24993.34,Net Banking,False,1.0
ORD101301,2026-04-30,CUST0100,Zara Nair,North,Jaipur,Home & Kitchen,Vacuum Cleaner,8654.84,2,10.0,17309.68,1730.97,15578.71,UPI,False,5.0
ORD105805,2026-04-30,CUST0237,Anil Chopra,South,Bengaluru,Home & Kitchen,Water Purifier,10931.41,1,20.0,10931.41,2186.28,8745.13,UPI,False,3.0
ORD103388,2026-04-30,CUST0743,Meera Joshi,East,Patna,Beauty & Personal Care,Skincare Kit,972.71,1,5.0,972.71,48.64,924.07,Cash on Delivery,False,5.0
ORD103001,2026-04-30,CUST0687,Diya Kumar,South,Chennai,Fashion,Running Shoes,3526.02,1,10.0,3526.02,352.6,3173.42,UPI,False,4.0
ORD104070,2026-04-30,CUST0304,Saanvi Joshi,South,Kochi,Fashion,Backpack,3852.22,1,20.0,3852.22,770.44,3081.78,UPI,False,5.0
ORD102670,2026-04-30,CUST0277,Aditya Chopra,West,Mumbai,Sports & Fitness,Resistance Bands,4348.23,1,0.0,4348.23,0.0,4348.23,UPI,False,4.0
ORD105673,2026-04-30,CUST0345,Riya Reddy,East,Bhubaneswar,Sports & Fitness,Dumbbell Set,6938.23,1,10.0,6938.23,693.82,6244.41,Credit Card,False,4.0
ORD101935,2026-04-30,CUST0715,Kiran Verma,South,Bengaluru,Electronics,Wireless Earbuds,39798.4,3,0.0,119395.2,0.0,119395.2,Debit Card,False,3.0
ORD103503,2026-04-30,CUST0146,Neha Iyer,South,Chennai,Sports & Fitness,Resistance Bands,5470.44,2,5.0,10940.88,547.04,10393.84,Net Banking,False,3.0
ORD105202,2026-05-01,CUST0161,Deepak Iyer,West,Pune,Sports & Fitness,Yoga Mat,818.02,1,0.0,818.02,0.0,818.02,UPI,False,3.0
ORD100114,2026-05-01,CUST0354,Neha Menon,East,Guwahati,Sports & Fitness,Yoga Mat,7872.08,2,0.0,15744.16,0.0,15744.16,UPI,False,4.0
ORD101682,2026-05-01,CUST0482,Deepak Menon,East,Patna,Sports & Fitness,Resistance Bands,308.4,1,0.0,308.4,0.0,308.4,Credit Card,False,3.0
ORD104324,2026-05-01,CUST0523,Reyansh Sharma,West,Ahmedabad,Home & Kitchen,Non-Stick Cookware Set,6031.0,1,10.0,6031.0,603.1,5427.9,Credit Card,False,5.0
ORD104058,2026-05-01,CUST0165,Krishna Malhotra,North,Lucknow,Home & Kitchen,Non-Stick Cookware Set,8952.71,1,10.0,8952.71,895.27,8057.44,Debit Card,False,4.0
ORD105363,2026-05-01,CUST0050,Suresh Reddy,East,Kolkata,Fashion,Denim Jacket,4759.31,1,0.0,4759.31,0.0,4759.31,Net Banking,False,5.0
ORD103660,2026-05-01,CUST0802,Swati Menon,South,Hyderabad,Electronics,Laptop,30299.51,1,0.0,30299.51,0.0,30299.51,Net Banking,False,1.0
ORD105231,2026-05-01,CUST0192,Diya Bose,West,Mumbai,Beauty & Personal Care,Face Serum,2093.84,2,0.0,4187.68,0.0,4187.68,Net Banking,False,5.0
ORD102138,2026-05-02,CUST0396,Lakshmi Rao,North,Lucknow,Electronics,Laptop,26749.15,2,25.0,53498.3,13374.58,40123.72,Net Banking,False,5.0
ORD100929,2026-05-02,CUST0506,Ishaan Patel,West,Ahmedabad,Home & Kitchen,Mixer Grinder,4093.09,2,25.0,8186.18,2046.54,6139.64,Cash on Delivery,False,4.0
ORD104711,2026-05-02,CUST0674,Ishaan Iyer,South,Bengaluru,Sports & Fitness,Cycling Helmet,2093.29,1,25.0,2093.29,523.32,1569.97,UPI,False,5.0
ORD105645,2026-05-02,CUST0468,Shreya Reddy,West,Mumbai,Home & Kitchen,Non-Stick Cookware Set,6640.12,2,15.0,13280.24,1992.04,11288.2,Credit Card,False,5.0
ORD105143,2026-05-02,CUST0364,Diya Malhotra,North,Delhi,Fashion,Denim Jacket,1155.81,1,0.0,1155.81,0.0,1155.81,Debit Card,False,3.0
ORD105378,2026-05-02,CUST0461,Aditya Gupta,North,Delhi,Electronics,Smartwatch,37047.83,2,10.0,74095.66,7409.57,66686.09,Credit Card,False,2.0
ORD105201,2026-05-02,CUST0328,Naveen Singh,North,Jaipur,Sports & Fitness,Cycling Helmet,6868.78,2,0.0,13737.56,0.0,13737.56,UPI,False,5.0
ORD103030,2026-05-03,CUST0210,Naveen Desai,North,Jaipur,Home & Kitchen,Non-Stick Cookware Set,8747.99,2,15.0,17495.98,2624.4,14871.58,Credit Card,False,4.0
ORD100579,2026-05-03,CUST0173,Lakshmi Sharma,South,Kochi,Home & Kitchen,Non-Stick Cookware Set,6643.7,1,20.0,6643.7,1328.74,5314.96,UPI,False,2.0
ORD104339,2026-05-03,CUST0228,Rohan Reddy,South,Kochi,Fashion,Running Shoes,5396.02,2,0.0,10792.04,0.0,10792.04,Cash on Delivery,False,4.0
ORD101658,2026-05-03,CUST0342,Manisha Sharma,East,Patna,Sports & Fitness,Fitness Band,496.38,1,0.0,496.38,0.0,496.38,Debit Card,False,5.0
ORD103349,2026-05-03,CUST0755,Naveen Kapoor,North,Lucknow,Beauty & Personal Care,Skincare Kit,1681.09,2,15.0,3362.18,504.33,2857.85,Credit Card,False,5.0
ORD103598,2026-05-03,CUST0043,Divya Iyer,West,Ahmedabad,Electronics,Wireless Earbuds,51658.43,1,15.0,51658.43,7748.76,43909.67,Debit Card,False,5.0
ORD102764,2026-05-03,CUST0760,Manisha Kapoor,North,Lucknow,Beauty & Personal Care,Trimmer,1626.06,1,0.0,1626.06,0.0,1626.06,Debit Card,False,3.0
ORD103193,2026-05-03,CUST0802,Swati Menon,South,Hyderabad,Sports & Fitness,Dumbbell Set,4718.36,1,5.0,4718.36,235.92,4482.44,Cash on Delivery,False,5.0
ORD105592,2026-05-04,CUST0763,Saanvi Kapoor,East,Patna,Beauty & Personal Care,Skincare Kit,1511.42,2,5.0,3022.84,151.14,2871.7,Debit Card,False,5.0
ORD100914,2026-05-04,CUST0498,Ramesh Malhotra,South,Bengaluru,Fashion,Sunglasses,2059.66,1,10.0,2059.66,205.97,1853.69,Net Banking,False,5.0
ORD103029,2026-05-04,CUST0787,Karthik Joshi,North,Chandigarh,Sports & Fitness,Cycling Helmet,4115.88,2,0.0,8231.76,0.0,8231.76,UPI,False,5.0
ORD101060,2026-05-04,CUST0413,Ananya Singh,East,Bhubaneswar,Fashion,Sunglasses,4578.24,1,0.0,4578.24,0.0,4578.24,Credit Card,False,5.0
ORD104335,2026-05-04,CUST0631,Nisha Iyer,North,Delhi,Home & Kitchen,Non-Stick Cookware Set,12363.45,1,5.0,12363.45,618.17,11745.28,Net Banking,False,5.0
ORD101828,2026-05-04,CUST0001,Nisha Desai,South,Chennai,Home & Kitchen,Air Fryer,4053.92,1,25.0,4053.92,1013.48,3040.44,Net Banking,False,3.0
ORD100433,2026-05-05,CUST0382,Divya Joshi,East,Guwahati,Home & Kitchen,Mixer Grinder,1198.53,1,10.0,1198.53,119.85,1078.68,Credit Card,False,5.0
ORD103805,2026-05-05,CUST0789,Riya Pillai,North,Lucknow,Beauty & Personal Care,Hair Dryer,2705.7,1,5.0,2705.7,135.28,2570.42,Debit Card,False,5.0
ORD100573,2026-05-05,CUST0029,Deepak Pillai,South,Bengaluru,Electronics,Bluetooth Speaker,8972.79,1,20.0,8972.79,1794.56,7178.23,UPI,True,5.0
ORD102474,2026-05-05,CUST0008,Vikram Pillai,West,Mumbai,Home & Kitchen,Water Purifier,8719.41,1,5.0,8719.41,435.97,8283.44,Net Banking,False,5.0
ORD102372,2026-05-06,CUST0288,Neha Sharma,East,Guwahati,Electronics,Smartwatch,39086.88,1,5.0,39086.88,1954.34,37132.54,Net Banking,False,4.0
ORD104669,2026-05-06,CUST0596,Vikram Reddy,East,Patna,Sports & Fitness,Resistance Bands,3547.99,1,20.0,3547.99,709.6,2838.39,UPI,False,3.0
ORD101299,2026-05-06,CUST0586,Reyansh Kumar,South,Hyderabad,Beauty & Personal Care,Hair Dryer,1946.27,2,5.0,3892.54,194.63,3697.91,UPI,False,1.0
ORD100043,2026-05-06,CUST0503,Kiran Sharma,West,Mumbai,Sports & Fitness,Fitness Band,1764.76,1,0.0,1764.76,0.0,1764.76,Net Banking,False,5.0
ORD105205,2026-05-06,CUST0396,Lakshmi Rao,North,Lucknow,Electronics,Wireless Earbuds,16196.69,1,10.0,16196.69,1619.67,14577.02,UPI,False,5.0
ORD101905,2026-05-06,CUST0368,Deepak Kapoor,West,Ahmedabad,Home & Kitchen,Mixer Grinder,10281.95,1,5.0,10281.95,514.1,9767.85,UPI,False,4.0
ORD100190,2026-05-06,CUST0027,Vivaan Rao,South,Kochi,Sports & Fitness,Dumbbell Set,885.15,1,0.0,885.15,0.0,885.15,Debit Card,False,5.0
ORD101549,2026-05-06,CUST0394,Krishna Singh,South,Chennai,Beauty & Personal Care,Hair Dryer,1100.92,1,20.0,1100.92,220.18,880.74,Cash on Delivery,False,3.0
ORD100643,2026-05-06,CUST0262,Arjun Reddy,East,Patna,Fashion,Backpack,2572.72,1,0.0,2572.72,0.0,2572.72,UPI,False,
ORD105067,2026-05-07,CUST0644,Isha Mukherjee,West,Mumbai,Fashion,Running Shoes,4940.1,1,10.0,4940.1,494.01,4446.09,Net Banking,False,3.0
ORD101576,2026-05-07,CUST0612,Tara Reddy,North,Lucknow,Fashion,Running Shoes,1622.94,1,20.0,1622.94,324.59,1298.35,Net Banking,True,4.0
ORD101696,2026-05-07,CUST0577,Saanvi Kumar,East,Guwahati,Home & Kitchen,Vacuum Cleaner,6239.34,2,0.0,12478.68,0.0,12478.68,UPI,False,4.0
ORD105070,2026-05-07,CUST0815,Saanvi Pillai,West,Ahmedabad,Electronics,Smartwatch,14449.13,3,0.0,43347.39,0.0,43347.39,UPI,False,2.0
ORD105622,2026-05-07,CUST0124,Saanvi Verma,North,Jaipur,Sports & Fitness,Resistance Bands,2473.73,1,0.0,2473.73,0.0,2473.73,Net Banking,False,4.0
ORD102808,2026-05-07,CUST0698,Swati Chopra,West,Pune,Electronics,Laptop,54667.88,1,5.0,54667.88,2733.39,51934.49,Credit Card,False,5.0
ORD103366,2026-05-07,CUST0422,Ananya Nair,North,Lucknow,Beauty & Personal Care,Perfume,1659.63,1,0.0,1659.63,0.0,1659.63,UPI,True,3.0
ORD100334,2026-05-07,CUST0537,Sneha Sharma,West,Surat,Home & Kitchen,Non-Stick Cookware Set,3607.67,1,10.0,3607.67,360.77,3246.9,Net Banking,False,3.0
ORD102308,2026-05-07,CUST0027,Vivaan Rao,South,Kochi,Electronics,Bluetooth Speaker,49717.28,1,15.0,49717.28,7457.59,42259.69,Cash on Delivery,False,2.0
ORD102927,2026-05-07,CUST0172,Sai Kapoor,West,Mumbai,Beauty & Personal Care,Hair Dryer,3140.94,1,10.0,3140.94,314.09,2826.85,Debit Card,False,4.0
ORD100660,2026-05-08,CUST0636,Lakshmi Menon,West,Ahmedabad,Beauty & Personal Care,Trimmer,812.0,1,0.0,812.0,0.0,812.0,Debit Card,False,4.0
ORD103009,2026-05-08,CUST0247,Anil Desai,North,Chandigarh,Electronics,Bluetooth Speaker,54659.14,1,0.0,54659.14,0.0,54659.14,Credit Card,False,2.0
ORD102262,2026-05-08,CUST0412,Vivaan Kapoor,West,Mumbai,Sports & Fitness,Cycling Helmet,2284.33,2,0.0,4568.66,0.0,4568.66,Net Banking,False,3.0
ORD102386,2026-05-08,CUST0068,Isha Gupta,South,Bengaluru,Beauty & Personal Care,Trimmer,858.44,1,20.0,858.44,171.69,686.75,Credit Card,False,4.0
ORD100999,2026-05-08,CUST0770,Vikram Iyer,South,Hyderabad,Electronics,Smartphone,17467.45,1,0.0,17467.45,0.0,17467.45,UPI,False,3.0
ORD100110,2026-05-09,CUST0071,Zara Menon,East,Patna,Sports & Fitness,Cycling Helmet,2074.04,1,25.0,2074.04,518.51,1555.53,Net Banking,False,2.0
ORD103985,2026-05-09,CUST0391,Saanvi Kapoor,East,Kolkata,Sports & Fitness,Yoga Mat,5863.67,1,10.0,5863.67,586.37,5277.3,Debit Card,False,5.0
ORD105713,2026-05-09,CUST0354,Neha Menon,East,Guwahati,Sports & Fitness,Cycling Helmet,2365.88,2,0.0,4731.76,0.0,4731.76,Debit Card,False,5.0
ORD105894,2026-05-09,CUST0651,Zara Reddy,South,Kochi,Beauty & Personal Care,Face Serum,1724.4,2,5.0,3448.8,172.44,3276.36,UPI,True,4.0
ORD105266,2026-05-09,CUST0458,Swati Singh,West,Ahmedabad,Home & Kitchen,Air Fryer,9929.13,1,0.0,9929.13,0.0,9929.13,UPI,False,2.0
ORD100100,2026-05-09,CUST0707,Isha Menon,West,Pune,Fashion,Running Shoes,1902.2,3,0.0,5706.6,0.0,5706.6,UPI,True,3.0
ORD104715,2026-05-09,CUST0473,Manisha Chopra,South,Hyderabad,Fashion,Backpack,951.78,1,10.0,951.78,95.18,856.6,UPI,False,3.0
ORD100348,2026-05-10,CUST0468,Shreya Reddy,West,Mumbai,Home & Kitchen,Water Purifier,7496.67,1,15.0,7496.67,1124.5,6372.17,Cash on Delivery,False,4.0
ORD102514,2026-05-10,CUST0481,Kiran Nair,South,Chennai,Sports & Fitness,Cycling Helmet,4054.51,1,0.0,4054.51,0.0,4054.51,Debit Card,False,4.0
ORD100619,2026-05-10,CUST0141,Divya Das,South,Chennai,Sports & Fitness,Resistance Bands,5371.39,3,15.0,16114.17,2417.13,13697.04,Cash on Delivery,False,2.0
ORD101870,2026-05-10,CUST0106,Swati Sharma,East,Kolkata,Sports & Fitness,Dumbbell Set,7009.44,1,0.0,7009.44,0.0,7009.44,Debit Card,False,5.0
ORD105515,2026-05-11,CUST0838,Nisha Kumar,East,Bhubaneswar,Sports & Fitness,Cycling Helmet,4756.66,1,10.0,4756.66,475.67,4280.99,UPI,False,1.0
ORD100466,2026-05-11,CUST0240,Tara Pillai,North,Chandigarh,Sports & Fitness,Resistance Bands,7800.04,2,0.0,15600.08,0.0,15600.08,Credit Card,False,5.0
ORD103558,2026-05-11,CUST0017,Reyansh Patel,West,Mumbai,Beauty & Personal Care,Trimmer,2651.01,1,0.0,2651.01,0.0,2651.01,UPI,False,5.0
ORD101018,2026-05-11,CUST0307,Rohan Mukherjee,South,Kochi,Electronics,Smartwatch,28862.38,1,0.0,28862.38,0.0,28862.38,UPI,False,4.0
ORD104780,2026-05-11,CUST0187,Sneha Bose,West,Ahmedabad,Fashion,Backpack,4417.25,2,0.0,8834.5,0.0,8834.5,Credit Card,False,3.0
ORD101829,2026-05-12,CUST0765,Anil Das,West,Pune,Electronics,Bluetooth Speaker,19576.46,1,10.0,19576.46,1957.65,17618.81,Net Banking,False,5.0
ORD100758,2026-05-12,CUST0233,Diya Das,South,Bengaluru,Home & Kitchen,Non-Stick Cookware Set,4385.16,3,0.0,13155.48,0.0,13155.48,UPI,False,4.0
ORD100767,2026-05-12,CUST0115,Priya Iyer,North,Lucknow,Sports & Fitness,Resistance Bands,776.33,1,0.0,776.33,0.0,776.33,UPI,False,4.0
ORD100906,2026-05-12,CUST0802,Swati Menon,South,Hyderabad,Home & Kitchen,Non-Stick Cookware Set,6245.86,1,0.0,6245.86,0.0,6245.86,Net Banking,False,2.0
ORD104404,2026-05-12,CUST0759,Aditya Sharma,East,Patna,Home & Kitchen,Vacuum Cleaner,9768.74,1,10.0,9768.74,976.87,8791.87,UPI,False,5.0
ORD103465,2026-05-12,CUST0455,Shreya Das,South,Kochi,Beauty & Personal Care,Trimmer,3119.49,1,0.0,3119.49,0.0,3119.49,Debit Card,False,5.0
ORD103688,2026-05-13,CUST0813,Karthik Iyer,East,Kolkata,Beauty & Personal Care,Perfume,377.53,1,10.0,377.53,37.75,339.78,Debit Card,False,1.0
ORD105649,2026-05-13,CUST0199,Kiran Sharma,North,Lucknow,Sports & Fitness,Dumbbell Set,4879.95,1,0.0,4879.95,0.0,4879.95,UPI,False,4.0
ORD103411,2026-05-13,CUST0220,Vivaan Joshi,North,Chandigarh,Beauty & Personal Care,Hair Dryer,2722.29,3,0.0,8166.87,0.0,8166.87,Cash on Delivery,False,2.0
ORD100818,2026-05-13,CUST0792,Shreya Kumar,West,Ahmedabad,Electronics,Laptop,10899.9,1,0.0,10899.9,0.0,10899.9,UPI,False,5.0
ORD100689,2026-05-13,CUST0223,Ramesh Kumar,North,Chandigarh,Beauty & Personal Care,Hair Dryer,902.77,1,0.0,902.77,0.0,902.77,Credit Card,False,4.0
ORD102620,2026-05-13,CUST0228,Rohan Reddy,South,Kochi,Beauty & Personal Care,Perfume,596.17,1,0.0,596.17,0.0,596.17,UPI,False,2.0
ORD101267,2026-05-13,CUST0476,Vikram Desai,West,Mumbai,Beauty & Personal Care,Skincare Kit,2406.37,1,0.0,2406.37,0.0,2406.37,Cash on Delivery,False,4.0
ORD104920,2026-05-13,CUST0283,Rahul Menon,East,Kolkata,Sports & Fitness,Resistance Bands,6658.65,1,0.0,6658.65,0.0,6658.65,Credit Card,False,5.0
ORD102948,2026-05-14,CUST0556,Arjun Desai,North,Chandigarh,Beauty & Personal Care,Face Serum,2130.98,2,0.0,4261.96,0.0,4261.96,Credit Card,False,2.0
ORD101249,2026-05-14,CUST0770,Vikram Iyer,South,Hyderabad,Sports & Fitness,Dumbbell Set,5300.51,1,0.0,5300.51,0.0,5300.51,UPI,False,2.0
ORD103583,2026-05-14,CUST0075,Isha Patel,North,Jaipur,Home & Kitchen,Mixer Grinder,9547.27,1,0.0,9547.27,0.0,9547.27,UPI,False,4.0
ORD105276,2026-05-14,CUST0461,Aditya Gupta,North,Delhi,Sports & Fitness,Cycling Helmet,6619.87,1,0.0,6619.87,0.0,6619.87,UPI,False,5.0
ORD102996,2026-05-14,CUST0481,Kiran Nair,South,Chennai,Fashion,Wrist Watch,751.67,1,20.0,751.67,150.33,601.34,UPI,False,2.0
ORD103259,2026-05-14,CUST0089,Aarav Joshi,South,Chennai,Sports & Fitness,Yoga Mat,3786.36,1,10.0,3786.36,378.64,3407.72,UPI,False,5.0
ORD103263,2026-05-14,CUST0789,Riya Pillai,North,Lucknow,Sports & Fitness,Cycling Helmet,4475.26,2,0.0,8950.52,0.0,8950.52,UPI,False,3.0
ORD100440,2026-05-14,CUST0507,Rohan Desai,West,Surat,Fashion,Running Shoes,2743.3,1,0.0,2743.3,0.0,2743.3,Credit Card,False,5.0
ORD105620,2026-05-15,CUST0078,Manish Patel,East,Kolkata,Fashion,Running Shoes,4601.38,1,10.0,4601.38,460.14,4141.24,UPI,False,
ORD105565,2026-05-15,CUST0148,Rahul Sharma,East,Patna,Electronics,Wireless Earbuds,41209.86,1,0.0,41209.86,0.0,41209.86,Credit Card,False,4.0
ORD100329,2026-05-15,CUST0311,Ananya Das,West,Mumbai,Beauty & Personal Care,Perfume,1431.56,1,15.0,1431.56,214.73,1216.83,UPI,False,5.0
ORD104952,2026-05-15,CUST0659,Meera Das,South,Bengaluru,Electronics,Laptop,12476.55,1,0.0,12476.55,0.0,12476.55,Cash on Delivery,False,5.0
ORD102588,2026-05-15,CUST0595,Divya Verma,North,Chandigarh,Beauty & Personal Care,Hair Dryer,1448.18,1,0.0,1448.18,0.0,1448.18,UPI,False,4.0
ORD103888,2026-05-15,CUST0100,Zara Nair,North,Jaipur,Home & Kitchen,Non-Stick Cookware Set,11013.38,1,20.0,11013.38,2202.68,8810.7,UPI,False,5.0
ORD104697,2026-05-15,CUST0691,Vikram Kapoor,West,Pune,Beauty & Personal Care,Hair Dryer,3215.43,1,0.0,3215.43,0.0,3215.43,UPI,False,5.0
ORD103567,2026-05-15,CUST0256,Rohan Pillai,East,Patna,Electronics,Smartphone,48849.33,1,0.0,48849.33,0.0,48849.33,UPI,False,5.0
ORD101831,2026-05-16,CUST0105,Nisha Mukherjee,East,Patna,Electronics,Smartphone,34947.63,1,15.0,34947.63,5242.14,29705.49,Cash on Delivery,False,2.0
ORD105668,2026-05-16,CUST0537,Sneha Sharma,West,Surat,Electronics,Smartwatch,50662.66,1,10.0,50662.66,5066.27,45596.39,Debit Card,False,4.0
ORD102677,2026-05-16,CUST0560,Zara Reddy,South,Chennai,Home & Kitchen,Mixer Grinder,1692.0,1,0.0,1692.0,0.0,1692.0,UPI,False,5.0
ORD104945,2026-05-16,CUST0721,Riya Singh,West,Surat,Sports & Fitness,Dumbbell Set,2813.54,1,20.0,2813.54,562.71,2250.83,Credit Card,False,4.0
ORD103975,2026-05-16,CUST0424,Aditya Sharma,East,Guwahati,Sports & Fitness,Dumbbell Set,1730.43,2,15.0,3460.86,519.13,2941.73,Debit Card,False,2.0
ORD102237,2026-05-16,CUST0307,Rohan Mukherjee,South,Kochi,Beauty & Personal Care,Skincare Kit,652.78,2,0.0,1305.56,0.0,1305.56,Net Banking,False,4.0
ORD100287,2026-05-16,CUST0485,Rohan Singh,West,Ahmedabad,Home & Kitchen,Air Fryer,10696.97,1,20.0,10696.97,2139.39,8557.58,Debit Card,False,5.0
ORD105068,2026-05-16,CUST0091,Deepak Rao,North,Delhi,Fashion,Running Shoes,4801.47,1,0.0,4801.47,0.0,4801.47,UPI,False,2.0
ORD102654,2026-05-17,CUST0802,Swati Menon,South,Hyderabad,Home & Kitchen,Air Fryer,9620.68,1,20.0,9620.68,1924.14,7696.54,Debit Card,False,4.0
ORD104459,2026-05-17,CUST0300,Zara Chopra,West,Pune,Beauty & Personal Care,Skincare Kit,3003.43,1,0.0,3003.43,0.0,3003.43,UPI,False,4.0
ORD100102,2026-05-17,CUST0391,Saanvi Kapoor,East,Kolkata,Electronics,Smartwatch,50477.3,1,0.0,50477.3,0.0,50477.3,Debit Card,False,4.0
ORD105574,2026-05-17,CUST0754,Riya Pillai,North,Jaipur,Sports & Fitness,Fitness Band,4895.38,2,0.0,9790.76,0.0,9790.76,Credit Card,False,5.0
ORD105536,2026-05-17,CUST0532,Sanjay Rao,West,Mumbai,Beauty & Personal Care,Trimmer,2409.59,2,0.0,4819.18,0.0,4819.18,Net Banking,False,2.0
ORD100559,2026-05-17,CUST0850,Anil Desai,West,Mumbai,Home & Kitchen,Air Fryer,7787.02,1,5.0,7787.02,389.35,7397.67,Cash on Delivery,True,5.0
ORD103392,2026-05-17,CUST0535,Aditya Kumar,North,Jaipur,Fashion,Denim Jacket,4964.89,2,10.0,9929.78,992.98,8936.8,Credit Card,False,5.0
ORD104238,2026-05-18,CUST0300,Zara Chopra,West,Pune,Beauty & Personal Care,Face Serum,3145.51,1,0.0,3145.51,0.0,3145.51,UPI,False,3.0
ORD103283,2026-05-18,CUST0288,Neha Sharma,East,Guwahati,Home & Kitchen,Vacuum Cleaner,1454.46,1,5.0,1454.46,72.72,1381.74,UPI,False,5.0
ORD101006,2026-05-18,CUST0196,Arjun Pillai,South,Kochi,Electronics,Bluetooth Speaker,2317.31,1,20.0,2317.31,463.46,1853.85,Credit Card,False,4.0
ORD103199,2026-05-18,CUST0440,Divya Sharma,North,Chandigarh,Electronics,Bluetooth Speaker,33386.06,1,15.0,33386.06,5007.91,28378.15,UPI,False,4.0
ORD105247,2026-05-18,CUST0791,Priya Desai,North,Delhi,Sports & Fitness,Resistance Bands,4801.8,3,20.0,14405.4,2881.08,11524.32,Debit Card,False,4.0
ORD103420,2026-05-19,CUST0680,Manisha Chopra,East,Guwahati,Sports & Fitness,Cycling Helmet,4942.09,1,15.0,4942.09,741.31,4200.78,Net Banking,False,5.0
ORD105168,2026-05-19,CUST0789,Riya Pillai,North,Lucknow,Beauty & Personal Care,Trimmer,1867.13,1,0.0,1867.13,0.0,1867.13,UPI,True,5.0
ORD105316,2026-05-19,CUST0763,Saanvi Kapoor,East,Patna,Home & Kitchen,Mixer Grinder,10604.78,1,15.0,10604.78,1590.72,9014.06,Debit Card,False,2.0
ORD101379,2026-05-19,CUST0405,Lakshmi Nair,South,Kochi,Electronics,Laptop,37553.19,1,0.0,37553.19,0.0,37553.19,UPI,False,2.0
ORD101496,2026-05-19,CUST0438,Ishaan Verma,West,Ahmedabad,Sports & Fitness,Cycling Helmet,5730.88,1,0.0,5730.88,0.0,5730.88,UPI,False,3.0
ORD105625,2026-05-19,CUST0190,Nisha Reddy,South,Hyderabad,Home & Kitchen,Air Fryer,6454.05,1,0.0,6454.05,0.0,6454.05,Credit Card,False,4.0
ORD104485,2026-05-20,CUST0195,Sanjay Malhotra,South,Chennai,Electronics,Smartwatch,22852.96,3,0.0,68558.88,0.0,68558.88,Credit Card,False,5.0
ORD103886,2026-05-20,CUST0820,Krishna Joshi,East,Bhubaneswar,Beauty & Personal Care,Perfume,1521.7,1,5.0,1521.7,76.08,1445.62,Net Banking,False,4.0
ORD100581,2026-05-20,CUST0482,Deepak Menon,East,Patna,Home & Kitchen,Air Fryer,8193.74,1,15.0,8193.74,1229.06,6964.68,Debit Card,False,4.0
ORD105269,2026-05-20,CUST0397,Deepak Verma,East,Patna,Fashion,Backpack,2119.75,1,15.0,2119.75,317.96,1801.79,Net Banking,False,5.0
ORD105248,2026-05-20,CUST0084,Lakshmi Das,North,Chandigarh,Electronics,Laptop,53833.45,1,5.0,53833.45,2691.67,51141.78,UPI,False,5.0
ORD104702,2026-05-20,CUST0663,Sai Gupta,East,Guwahati,Home & Kitchen,Water Purifier,9310.25,2,0.0,18620.5,0.0,18620.5,Credit Card,False,1.0
ORD100486,2026-05-20,CUST0053,Aarav Iyer,North,Delhi,Beauty & Personal Care,Perfume,472.13,2,0.0,944.26,0.0,944.26,Net Banking,False,1.0
ORD105705,2026-05-20,CUST0713,Sanjay Gupta,West,Ahmedabad,Electronics,Bluetooth Speaker,25784.2,2,0.0,51568.4,0.0,51568.4,Net Banking,False,2.0
ORD104083,2026-05-21,CUST0150,Anil Kumar,North,Delhi,Beauty & Personal Care,Perfume,2529.32,1,0.0,2529.32,0.0,2529.32,UPI,False,2.0
ORD100716,2026-05-21,CUST0816,Suresh Pillai,North,Chandigarh,Electronics,Wireless Earbuds,23616.85,1,15.0,23616.85,3542.53,20074.32,Credit Card,False,5.0
ORD104146,2026-05-21,CUST0721,Riya Singh,West,Surat,Sports & Fitness,Cycling Helmet,3883.43,1,0.0,3883.43,0.0,3883.43,Debit Card,False,3.0
ORD102831,2026-05-21,CUST0003,Krishna Gupta,South,Bengaluru,Fashion,Wrist Watch,5123.49,1,20.0,5123.49,1024.7,4098.79,Cash on Delivery,True,4.0
ORD100963,2026-05-21,CUST0821,Saanvi Rao,West,Ahmedabad,Sports & Fitness,Dumbbell Set,5733.79,1,0.0,5733.79,0.0,5733.79,Credit Card,False,3.0
ORD100792,2026-05-21,CUST0789,Riya Pillai,North,Lucknow,Fashion,Denim Jacket,1276.44,1,0.0,1276.44,0.0,1276.44,Cash on Delivery,False,4.0
ORD101571,2026-05-21,CUST0004,Tara Menon,North,Chandigarh,Fashion,Sunglasses,2527.19,1,10.0,2527.19,252.72,2274.47,UPI,False,5.0
ORD100783,2026-05-21,CUST0707,Isha Menon,West,Pune,Beauty & Personal Care,Trimmer,2208.87,1,5.0,2208.87,110.44,2098.43,UPI,False,5.0
ORD103638,2026-05-21,CUST0285,Divya Joshi,North,Jaipur,Home & Kitchen,Vacuum Cleaner,3405.72,1,0.0,3405.72,0.0,3405.72,Net Banking,False,4.0
ORD100301,2026-05-22,CUST0059,Meera Kapoor,West,Pune,Sports & Fitness,Resistance Bands,7947.36,1,0.0,7947.36,0.0,7947.36,Cash on Delivery,False,5.0
ORD102543,2026-05-22,CUST0576,Ananya Rao,West,Ahmedabad,Beauty & Personal Care,Face Serum,678.46,1,0.0,678.46,0.0,678.46,Credit Card,False,5.0
ORD101748,2026-05-22,CUST0842,Shreya Iyer,North,Lucknow,Fashion,Wrist Watch,3191.04,2,5.0,6382.08,319.1,6062.98,UPI,False,2.0
ORD104385,2026-05-22,CUST0617,Suresh Reddy,South,Chennai,Fashion,Sunglasses,408.04,1,5.0,408.04,20.4,387.64,UPI,False,5.0
ORD103507,2026-05-22,CUST0272,Nisha Iyer,East,Patna,Fashion,Wrist Watch,432.88,1,10.0,432.88,43.29,389.59,UPI,False,5.0
ORD103734,2026-05-23,CUST0800,Nisha Malhotra,North,Jaipur,Sports & Fitness,Resistance Bands,7537.4,1,15.0,7537.4,1130.61,6406.79,Net Banking,False,5.0
ORD100324,2026-05-23,CUST0379,Reyansh Iyer,West,Mumbai,Electronics,Bluetooth Speaker,2760.02,1,0.0,2760.02,0.0,2760.02,UPI,False,5.0
ORD102967,2026-05-23,CUST0847,Vivaan Reddy,South,Hyderabad,Home & Kitchen,Mixer Grinder,7846.43,1,0.0,7846.43,0.0,7846.43,Cash on Delivery,False,4.0
ORD101765,2026-05-23,CUST0351,Vivaan Chopra,North,Delhi,Electronics,Smartphone,45143.95,1,0.0,45143.95,0.0,45143.95,Credit Card,False,4.0
ORD104227,2026-05-23,CUST0622,Deepak Kapoor,South,Bengaluru,Sports & Fitness,Resistance Bands,7767.66,1,0.0,7767.66,0.0,7767.66,Debit Card,False,3.0
ORD102969,2026-05-24,CUST0728,Pooja Verma,North,Lucknow,Fashion,Sunglasses,4994.56,1,10.0,4994.56,499.46,4495.1,UPI,False,5.0
ORD102906,2026-05-24,CUST0608,Divya Iyer,South,Hyderabad,Sports & Fitness,Yoga Mat,4627.31,1,5.0,4627.31,231.37,4395.94,UPI,False,3.0
ORD105679,2026-05-24,CUST0350,Sneha Rao,West,Ahmedabad,Fashion,Wrist Watch,545.06,2,10.0,1090.12,109.01,981.11,UPI,False,5.0
ORD101650,2026-05-24,CUST0256,Rohan Pillai,East,Patna,Electronics,Laptop,40276.28,2,5.0,80552.56,4027.63,76524.93,Credit Card,False,5.0
ORD104314,2026-05-24,CUST0458,Swati Singh,West,Ahmedabad,Sports & Fitness,Cycling Helmet,6614.42,1,0.0,6614.42,0.0,6614.42,Net Banking,False,4.0
ORD103877,2026-05-25,CUST0066,Meera Menon,West,Surat,Beauty & Personal Care,Trimmer,1908.31,1,10.0,1908.31,190.83,1717.48,Credit Card,False,2.0
ORD104486,2026-05-25,CUST0791,Priya Desai,North,Delhi,Sports & Fitness,Yoga Mat,3555.45,1,0.0,3555.45,0.0,3555.45,Credit Card,False,3.0
ORD105729,2026-05-25,CUST0302,Ramesh Chopra,West,Mumbai,Beauty & Personal Care,Face Serum,465.34,1,0.0,465.34,0.0,465.34,Debit Card,False,5.0
ORD103165,2026-05-25,CUST0288,Neha Sharma,East,Guwahati,Beauty & Personal Care,Perfume,2454.82,1,0.0,2454.82,0.0,2454.82,Credit Card,False,3.0
ORD102896,2026-05-25,CUST0574,Vihaan Chopra,West,Pune,Sports & Fitness,Dumbbell Set,6361.33,1,5.0,6361.33,318.07,6043.26,UPI,False,5.0
ORD104258,2026-05-25,CUST0780,Rahul Mukherjee,North,Delhi,Electronics,Wireless Earbuds,19221.12,1,0.0,19221.12,0.0,19221.12,Credit Card,False,5.0
ORD101369,2026-05-25,CUST0617,Suresh Reddy,South,Chennai,Electronics,Bluetooth Speaker,49370.45,1,0.0,49370.45,0.0,49370.45,Credit Card,False,5.0
ORD104202,2026-05-25,CUST0699,Pooja Joshi,North,Chandigarh,Sports & Fitness,Cycling Helmet,6234.45,1,10.0,6234.45,623.45,5611.0,Cash on Delivery,False,5.0
ORD103964,2026-05-26,CUST0173,Lakshmi Sharma,South,Kochi,Beauty & Personal Care,Trimmer,624.98,1,5.0,624.98,31.25,593.73,Debit Card,False,5.0
ORD102084,2026-05-26,CUST0306,Anil Verma,South,Kochi,Beauty & Personal Care,Skincare Kit,3022.26,1,0.0,3022.26,0.0,3022.26,UPI,False,5.0
ORD100161,2026-05-26,CUST0509,Divya Desai,West,Ahmedabad,Electronics,Smartphone,15155.71,1,0.0,15155.71,0.0,15155.71,Cash on Delivery,False,1.0
ORD100064,2026-05-26,CUST0754,Riya Pillai,North,Jaipur,Fashion,Backpack,5889.46,1,10.0,5889.46,588.95,5300.51,UPI,True,4.0
ORD100369,2026-05-26,CUST0458,Swati Singh,West,Ahmedabad,Beauty & Personal Care,Trimmer,2858.71,2,0.0,5717.42,0.0,5717.42,Credit Card,False,4.0
ORD104239,2026-05-26,CUST0578,Kiran Patel,North,Chandigarh,Electronics,Smartphone,31525.05,1,0.0,31525.05,0.0,31525.05,Cash on Delivery,False,5.0
ORD104984,2026-05-27,CUST0310,Pooja Kapoor,North,Jaipur,Fashion,Running Shoes,4688.38,2,15.0,9376.76,1406.51,7970.25,Credit Card,False,3.0
ORD103600,2026-05-27,CUST0499,Swati Patel,South,Hyderabad,Home & Kitchen,Air Fryer,3782.38,1,0.0,3782.38,0.0,3782.38,Debit Card,False,5.0
ORD105640,2026-05-27,CUST0438,Ishaan Verma,West,Ahmedabad,Fashion,Wrist Watch,5779.28,1,0.0,5779.28,0.0,5779.28,Net Banking,False,5.0
ORD103729,2026-05-27,CUST0242,Naveen Malhotra,West,Pune,Fashion,Running Shoes,3505.76,1,0.0,3505.76,0.0,3505.76,Debit Card,False,5.0
ORD101979,2026-05-28,CUST0486,Manisha Rao,South,Chennai,Fashion,Denim Jacket,3451.65,1,0.0,3451.65,0.0,3451.65,UPI,False,3.0
ORD104267,2026-05-28,CUST0039,Aarav Gupta,East,Bhubaneswar,Sports & Fitness,Dumbbell Set,6800.35,1,0.0,6800.35,0.0,6800.35,Credit Card,False,4.0
ORD101449,2026-05-28,CUST0482,Deepak Menon,East,Patna,Home & Kitchen,Non-Stick Cookware Set,3550.71,1,10.0,3550.71,355.07,3195.64,UPI,False,1.0
ORD103103,2026-05-28,CUST0555,Vivaan Sharma,North,Delhi,Beauty & Personal Care,Hair Dryer,2490.51,1,10.0,2490.51,249.05,2241.46,UPI,False,1.0
ORD102098,2026-05-28,CUST0283,Rahul Menon,East,Kolkata,Electronics,Smartphone,51608.93,1,15.0,51608.93,7741.34,43867.59,Debit Card,False,4.0
ORD100275,2026-05-28,CUST0838,Nisha Kumar,East,Bhubaneswar,Home & Kitchen,Vacuum Cleaner,6480.0,1,15.0,6480.0,972.0,5508.0,Net Banking,False,4.0
ORD104909,2026-05-28,CUST0563,Sneha Pillai,West,Mumbai,Home & Kitchen,Water Purifier,12219.88,1,15.0,12219.88,1832.98,10386.9,Credit Card,False,3.0
ORD105339,2026-05-28,CUST0627,Reyansh Patel,North,Lucknow,Beauty & Personal Care,Face Serum,1883.88,1,0.0,1883.88,0.0,1883.88,Credit Card,False,5.0
ORD101600,2026-05-29,CUST0379,Reyansh Iyer,West,Mumbai,Beauty & Personal Care,Perfume,481.48,1,25.0,481.48,120.37,361.11,UPI,False,5.0
ORD103399,2026-05-29,CUST0654,Kavya Mukherjee,East,Patna,Home & Kitchen,Air Fryer,1672.55,3,0.0,5017.65,0.0,5017.65,Net Banking,False,4.0
ORD104867,2026-05-29,CUST0605,Aarav Menon,West,Surat,Home & Kitchen,Vacuum Cleaner,1557.97,1,10.0,1557.97,155.8,1402.17,Credit Card,False,2.0
ORD101396,2026-05-29,CUST0461,Aditya Gupta,North,Delhi,Electronics,Smartphone,53672.04,1,0.0,53672.04,0.0,53672.04,Credit Card,False,1.0
ORD104740,2026-05-29,CUST0427,Suresh Kumar,West,Surat,Fashion,Sunglasses,1638.09,1,15.0,1638.09,245.71,1392.38,Credit Card,False,5.0
ORD105260,2026-05-29,CUST0078,Manish Patel,East,Kolkata,Fashion,Denim Jacket,2841.58,1,0.0,2841.58,0.0,2841.58,Net Banking,False,4.0
ORD104260,2026-05-29,CUST0199,Kiran Sharma,North,Lucknow,Electronics,Laptop,54071.93,1,5.0,54071.93,2703.6,51368.33,Credit Card,False,1.0
ORD104792,2026-05-29,CUST0560,Zara Reddy,South,Chennai,Sports & Fitness,Yoga Mat,1885.09,1,0.0,1885.09,0.0,1885.09,Credit Card,True,2.0
ORD101020,2026-05-30,CUST0821,Saanvi Rao,West,Ahmedabad,Fashion,Denim Jacket,3490.14,2,5.0,6980.28,349.01,6631.27,Net Banking,False,4.0
ORD100179,2026-05-30,CUST0033,Meera Singh,South,Hyderabad,Fashion,Backpack,4620.61,3,10.0,13861.83,1386.18,12475.65,Credit Card,True,4.0
ORD102447,2026-05-30,CUST0482,Deepak Menon,East,Patna,Home & Kitchen,Vacuum Cleaner,2993.95,1,0.0,2993.95,0.0,2993.95,Cash on Delivery,False,4.0
ORD105998,2026-05-30,CUST0173,Lakshmi Sharma,South,Kochi,Sports & Fitness,Fitness Band,7299.43,1,0.0,7299.43,0.0,7299.43,Net Banking,False,2.0
ORD104045,2026-05-30,CUST0647,Ramesh Das,North,Jaipur,Home & Kitchen,Air Fryer,13549.21,1,0.0,13549.21,0.0,13549.21,Credit Card,False,2.0
ORD100681,2026-05-30,CUST0380,Suresh Malhotra,South,Chennai,Beauty & Personal Care,Trimmer,2270.58,1,5.0,2270.58,113.53,2157.05,Debit Card,False,3.0
ORD104854,2026-05-30,CUST0222,Deepak Singh,North,Jaipur,Home & Kitchen,Water Purifier,9040.9,1,5.0,9040.9,452.04,8588.86,Net Banking,False,4.0
ORD101545,2026-05-31,CUST0480,Vivaan Joshi,East,Guwahati,Sports & Fitness,Dumbbell Set,7980.43,3,10.0,23941.29,2394.13,21547.16,UPI,False,5.0
ORD103224,2026-05-31,CUST0781,Sanjay Mukherjee,West,Surat,Sports & Fitness,Resistance Bands,6277.36,2,0.0,12554.72,0.0,12554.72,UPI,False,4.0
ORD102752,2026-05-31,CUST0137,Rahul Sharma,East,Guwahati,Fashion,Backpack,2108.72,2,5.0,4217.44,210.87,4006.57,Debit Card,False,5.0
ORD100742,2026-05-31,CUST0386,Nisha Pillai,North,Lucknow,Fashion,Sunglasses,4006.08,1,10.0,4006.08,400.61,3605.47,Credit Card,False,4.0
ORD105161,2026-05-31,CUST0076,Aditya Gupta,North,Jaipur,Sports & Fitness,Dumbbell Set,5324.54,1,0.0,5324.54,0.0,5324.54,Net Banking,False,3.0
ORD105747,2026-05-31,CUST0437,Kavya Menon,South,Kochi,Home & Kitchen,Mixer Grinder,11723.42,1,0.0,11723.42,0.0,11723.42,Debit Card,False,3.0
ORD101524,2026-05-31,CUST0261,Manish Verma,West,Mumbai,Home & Kitchen,Non-Stick Cookware Set,6845.88,1,0.0,6845.88,0.0,6845.88,Credit Card,False,4.0
ORD104003,2026-05-31,CUST0562,Sanjay Patel,South,Chennai,Electronics,Laptop,50118.54,2,15.0,100237.08,15035.56,85201.52,UPI,False,5.0
ORD100748,2026-06-01,CUST0763,Saanvi Kapoor,East,Patna,Electronics,Laptop,12579.8,1,10.0,12579.8,1257.98,11321.82,UPI,False,4.0
ORD101914,2026-06-01,CUST0820,Krishna Joshi,East,Bhubaneswar,Electronics,Bluetooth Speaker,36234.77,1,15.0,36234.77,5435.22,30799.55,UPI,False,3.0
ORD102699,2026-06-01,CUST0780,Rahul Mukherjee,North,Delhi,Electronics,Smartphone,53755.45,1,0.0,53755.45,0.0,53755.45,Credit Card,False,5.0
ORD102460,2026-06-01,CUST0145,Lakshmi Das,North,Lucknow,Sports & Fitness,Dumbbell Set,2413.27,2,0.0,4826.54,0.0,4826.54,UPI,False,4.0
ORD103140,2026-06-01,CUST0003,Krishna Gupta,South,Bengaluru,Home & Kitchen,Vacuum Cleaner,10985.92,1,0.0,10985.92,0.0,10985.92,Net Banking,False,5.0
ORD104302,2026-06-01,CUST0283,Rahul Menon,East,Kolkata,Fashion,Wrist Watch,5732.69,1,0.0,5732.69,0.0,5732.69,Credit Card,False,4.0
ORD105130,2026-06-01,CUST0283,Rahul Menon,East,Kolkata,Home & Kitchen,Mixer Grinder,14388.56,1,0.0,14388.56,0.0,14388.56,Net Banking,False,1.0
ORD100646,2026-06-01,CUST0283,Rahul Menon,East,Kolkata,Fashion,Wrist Watch,2418.31,3,10.0,7254.93,725.49,6529.44,Net Banking,False,4.0
ORD101596,2026-06-01,CUST0675,Zara Das,North,Delhi,Home & Kitchen,Non-Stick Cookware Set,4843.7,1,25.0,4843.7,1210.92,3632.78,Credit Card,False,1.0
ORD103162,2026-06-01,CUST0589,Aarav Joshi,South,Chennai,Fashion,Sunglasses,2508.9,1,5.0,2508.9,125.44,2383.46,Credit Card,False,5.0
ORD104970,2026-06-01,CUST0192,Diya Bose,West,Mumbai,Home & Kitchen,Water Purifier,5291.45,1,0.0,5291.45,0.0,5291.45,Debit Card,False,5.0
ORD103017,2026-06-01,CUST0680,Manisha Chopra,East,Guwahati,Beauty & Personal Care,Hair Dryer,2469.09,2,20.0,4938.18,987.64,3950.54,UPI,False,5.0
ORD104521,2026-06-02,CUST0413,Ananya Singh,East,Bhubaneswar,Sports & Fitness,Fitness Band,3401.15,2,5.0,6802.3,340.12,6462.18,Net Banking,False,4.0
ORD105308,2026-06-02,CUST0627,Reyansh Patel,North,Lucknow,Home & Kitchen,Water Purifier,4358.44,3,25.0,13075.32,3268.83,9806.49,UPI,False,5.0
ORD105772,2026-06-02,CUST0120,Manisha Singh,West,Pune,Beauty & Personal Care,Trimmer,2160.49,1,0.0,2160.49,0.0,2160.49,UPI,False,4.0
ORD103379,2026-06-02,CUST0605,Aarav Menon,West,Surat,Fashion,Wrist Watch,5195.37,1,5.0,5195.37,259.77,4935.6,Cash on Delivery,False,5.0
ORD101062,2026-06-02,CUST0756,Priya Reddy,West,Mumbai,Home & Kitchen,Air Fryer,2708.4,1,0.0,2708.4,0.0,2708.4,Debit Card,False,4.0
ORD105843,2026-06-02,CUST0373,Divya Desai,West,Mumbai,Beauty & Personal Care,Trimmer,3452.21,2,15.0,6904.42,1035.66,5868.76,Cash on Delivery,False,5.0
ORD102461,2026-06-02,CUST0051,Divya Pillai,North,Lucknow,Home & Kitchen,Vacuum Cleaner,3110.45,1,0.0,3110.45,0.0,3110.45,Debit Card,False,3.0
ORD101990,2026-06-02,CUST0581,Anil Rao,South,Chennai,Home & Kitchen,Non-Stick Cookware Set,8995.59,1,0.0,8995.59,0.0,8995.59,Net Banking,False,4.0
ORD102002,2026-06-03,CUST0699,Pooja Joshi,North,Chandigarh,Fashion,Sunglasses,1641.45,2,0.0,3282.9,0.0,3282.9,UPI,False,5.0
ORD103104,2026-06-03,CUST0017,Reyansh Patel,West,Mumbai,Electronics,Bluetooth Speaker,32376.12,1,10.0,32376.12,3237.61,29138.51,Debit Card,False,4.0
ORD103592,2026-06-03,CUST0194,Naveen Reddy,East,Bhubaneswar,Fashion,Denim Jacket,3529.03,1,0.0,3529.03,0.0,3529.03,Debit Card,False,1.0
ORD100632,2026-06-03,CUST0696,Isha Reddy,West,Surat,Sports & Fitness,Yoga Mat,698.73,2,20.0,1397.46,279.49,1117.97,Credit Card,False,1.0
ORD104482,2026-06-03,CUST0479,Vihaan Pillai,North,Delhi,Fashion,Denim Jacket,4243.97,2,0.0,8487.94,0.0,8487.94,UPI,False,3.0
ORD104113,2026-06-03,CUST0020,Ishaan Verma,East,Bhubaneswar,Fashion,Denim Jacket,3054.7,1,5.0,3054.7,152.74,2901.96,UPI,False,4.0
ORD101680,2026-06-03,CUST0687,Diya Kumar,South,Chennai,Sports & Fitness,Yoga Mat,334.94,2,0.0,669.88,0.0,669.88,Credit Card,False,5.0
ORD105145,2026-06-04,CUST0838,Nisha Kumar,East,Bhubaneswar,Home & Kitchen,Air Fryer,7031.9,1,15.0,7031.9,1054.79,5977.11,Debit Card,False,5.0
ORD104064,2026-06-04,CUST0834,Kiran Verma,East,Bhubaneswar,Sports & Fitness,Dumbbell Set,7683.85,1,10.0,7683.85,768.38,6915.47,Net Banking,False,4.0
ORD105123,2026-06-04,CUST0094,Manisha Reddy,East,Guwahati,Electronics,Smartwatch,53261.17,1,5.0,53261.17,2663.06,50598.11,Net Banking,False,5.0
ORD105523,2026-06-04,CUST0449,Anil Mukherjee,North,Chandigarh,Electronics,Wireless Earbuds,5109.69,1,10.0,5109.69,510.97,4598.72,Credit Card,False,4.0
ORD105157,2026-06-05,CUST0809,Naveen Desai,East,Kolkata,Sports & Fitness,Dumbbell Set,6988.79,1,0.0,6988.79,0.0,6988.79,Cash on Delivery,False,4.0
ORD101250,2026-06-05,CUST0441,Swati Singh,North,Lucknow,Sports & Fitness,Resistance Bands,438.73,1,0.0,438.73,0.0,438.73,Net Banking,False,2.0
ORD105587,2026-06-05,CUST0529,Saanvi Sharma,South,Chennai,Sports & Fitness,Yoga Mat,4226.88,1,0.0,4226.88,0.0,4226.88,Credit Card,False,2.0
ORD105455,2026-06-05,CUST0813,Karthik Iyer,East,Kolkata,Electronics,Bluetooth Speaker,36305.34,1,5.0,36305.34,1815.27,34490.07,Net Banking,False,1.0
ORD101605,2026-06-05,CUST0443,Lakshmi Malhotra,East,Bhubaneswar,Beauty & Personal Care,Trimmer,2841.27,1,5.0,2841.27,142.06,2699.21,UPI,False,2.0
ORD105926,2026-06-05,CUST0413,Ananya Singh,East,Bhubaneswar,Fashion,Backpack,2381.76,1,5.0,2381.76,119.09,2262.67,Credit Card,False,5.0
ORD102252,2026-06-06,CUST0277,Aditya Chopra,West,Mumbai,Home & Kitchen,Water Purifier,2251.29,1,0.0,2251.29,0.0,2251.29,UPI,False,3.0
ORD101642,2026-06-06,CUST0303,Divya Rao,West,Ahmedabad,Fashion,Denim Jacket,1489.91,1,5.0,1489.91,74.5,1415.41,UPI,False,5.0
ORD101115,2026-06-06,CUST0014,Naveen Bose,North,Chandigarh,Electronics,Laptop,9976.93,1,20.0,9976.93,1995.39,7981.54,UPI,False,5.0
ORD100666,2026-06-06,CUST0709,Kiran Rao,East,Bhubaneswar,Sports & Fitness,Fitness Band,6744.96,1,15.0,6744.96,1011.74,5733.22,UPI,False,5.0
ORD101188,2026-06-06,CUST0233,Diya Das,South,Bengaluru,Beauty & Personal Care,Face Serum,3147.44,1,15.0,3147.44,472.12,2675.32,UPI,False,5.0
ORD103112,2026-06-06,CUST0808,Krishna Mukherjee,West,Surat,Electronics,Laptop,44691.38,1,,44691.38,0.0,44691.38,UPI,False,3.0
ORD104673,2026-06-06,CUST0471,Rohan Reddy,East,Bhubaneswar,Fashion,Denim Jacket,2733.73,1,0.0,2733.73,0.0,2733.73,UPI,False,4.0
ORD102745,2026-06-06,CUST0833,Pooja Patel,North,Jaipur,Home & Kitchen,Water Purifier,7858.85,1,0.0,7858.85,0.0,7858.85,UPI,False,4.0
ORD100849,2026-06-06,CUST0573,Ishaan Menon,North,Lucknow,Sports & Fitness,Resistance Bands,5614.62,1,0.0,5614.62,0.0,5614.62,Credit Card,False,5.0
ORD105540,2026-06-06,CUST0304,Saanvi Joshi,South,Kochi,Home & Kitchen,Non-Stick Cookware Set,2667.13,1,0.0,2667.13,0.0,2667.13,Cash on Delivery,False,5.0
ORD101533,2026-06-07,CUST0481,Kiran Nair,South,Chennai,Sports & Fitness,Yoga Mat,426.33,1,0.0,426.33,0.0,426.33,Net Banking,False,4.0
ORD104309,2026-06-07,CUST0003,Krishna Gupta,South,Bengaluru,Fashion,Wrist Watch,1090.71,1,0.0,1090.71,0.0,1090.71,Debit Card,False,3.0
ORD103013,2026-06-07,CUST0780,Rahul Mukherjee,North,Delhi,Sports & Fitness,Cycling Helmet,4708.65,2,10.0,9417.3,941.73,8475.57,Net Banking,False,5.0
ORD105892,2026-06-07,CUST0569,Riya Malhotra,East,Guwahati,Fashion,Wrist Watch,873.3,1,5.0,873.3,43.66,829.64,UPI,False,4.0
ORD101513,2026-06-07,CUST0728,Pooja Verma,North,Lucknow,Sports & Fitness,Yoga Mat,7222.23,1,0.0,7222.23,0.0,7222.23,Cash on Delivery,False,5.0
ORD101552,2026-06-08,CUST0396,Lakshmi Rao,North,Lucknow,Sports & Fitness,Resistance Bands,4210.08,2,0.0,8420.16,0.0,8420.16,Credit Card,False,3.0
ORD102034,2026-06-08,CUST0780,Rahul Mukherjee,North,Delhi,Electronics,Smartwatch,44850.29,1,0.0,44850.29,0.0,44850.29,Net Banking,False,5.0
ORD100150,2026-06-08,CUST0209,Vivaan Das,North,Lucknow,Beauty & Personal Care,Trimmer,2357.48,1,10.0,2357.48,235.75,2121.73,Credit Card,False,5.0
ORD104401,2026-06-08,CUST0441,Swati Singh,North,Lucknow,Fashion,Wrist Watch,4586.33,2,0.0,9172.66,0.0,9172.66,Credit Card,False,2.0
ORD103214,2026-06-09,CUST0302,Ramesh Chopra,West,Mumbai,Home & Kitchen,Mixer Grinder,6121.73,1,0.0,6121.73,0.0,6121.73,Debit Card,False,4.0
ORD102857,2026-06-09,CUST0639,Vihaan Chopra,West,Pune,Electronics,Laptop,45934.85,1,0.0,45934.85,0.0,45934.85,UPI,False,4.0
ORD105589,2026-06-09,CUST0413,Ananya Singh,East,Bhubaneswar,Electronics,Smartphone,45804.7,1,5.0,45804.7,2290.24,43514.46,Net Banking,True,4.0
ORD104661,2026-06-09,CUST0544,Krishna Verma,West,Mumbai,Fashion,Wrist Watch,1869.84,1,5.0,1869.84,93.49,1776.35,UPI,False,5.0
ORD105484,2026-06-09,CUST0004,Tara Menon,North,Chandigarh,Home & Kitchen,Water Purifier,9139.86,1,0.0,9139.86,0.0,9139.86,Debit Card,False,3.0
ORD101165,2026-06-09,CUST0387,Anil Das,East,Patna,Beauty & Personal Care,Skincare Kit,2839.44,1,0.0,2839.44,0.0,2839.44,Debit Card,False,2.0
ORD103648,2026-06-09,CUST0590,Kiran Joshi,East,Patna,Beauty & Personal Care,Trimmer,281.44,1,0.0,281.44,0.0,281.44,Net Banking,False,3.0
ORD103066,2026-06-10,CUST0660,Vikram Nair,South,Chennai,Beauty & Personal Care,Face Serum,1720.24,2,10.0,3440.48,344.05,3096.43,UPI,False,4.0
ORD104852,2026-06-10,CUST0555,Vivaan Sharma,North,Delhi,Beauty & Personal Care,Trimmer,327.86,1,5.0,327.86,16.39,311.47,Net Banking,False,3.0
ORD102017,2026-06-10,CUST0417,Tara Desai,East,Kolkata,Home & Kitchen,Non-Stick Cookware Set,12657.73,1,5.0,12657.73,632.89,12024.84,Net Banking,False,5.0
ORD105485,2026-06-10,CUST0397,Deepak Verma,East,Patna,Fashion,Sunglasses,2007.63,3,0.0,6022.89,0.0,6022.89,UPI,False,1.0
ORD103694,2026-06-10,CUST0159,Ishaan Menon,East,Guwahati,Sports & Fitness,Dumbbell Set,5647.8,1,5.0,5647.8,282.39,5365.41,UPI,False,4.0
ORD103736,2026-06-10,CUST0231,Kiran Mukherjee,East,Bhubaneswar,Beauty & Personal Care,Hair Dryer,3013.31,2,5.0,6026.62,301.33,5725.29,Debit Card,False,4.0
ORD101054,2026-06-10,CUST0075,Isha Patel,North,Jaipur,Sports & Fitness,Resistance Bands,7061.99,1,0.0,7061.99,0.0,7061.99,UPI,False,5.0
ORD100996,2026-06-10,CUST0017,Reyansh Patel,West,Mumbai,Beauty & Personal Care,Perfume,1929.2,3,0.0,5787.6,0.0,5787.6,UPI,False,5.0
ORD103369,2026-06-10,CUST0723,Vikram Chopra,South,Kochi,Home & Kitchen,Vacuum Cleaner,11107.03,1,0.0,11107.03,0.0,11107.03,Debit Card,False,2.0
ORD102784,2026-06-11,CUST0002,Ramesh Kapoor,East,Patna,Beauty & Personal Care,Skincare Kit,309.65,2,25.0,619.3,154.82,464.48,Credit Card,False,5.0
ORD105992,2026-06-11,CUST0144,Sai Iyer,South,Bengaluru,Beauty & Personal Care,Trimmer,2596.95,2,0.0,5193.9,0.0,5193.9,Cash on Delivery,False,2.0
ORD102926,2026-06-11,CUST0406,Vikram Rao,North,Lucknow,Home & Kitchen,Mixer Grinder,1625.39,1,0.0,1625.39,0.0,1625.39,Debit Card,False,4.0
ORD105281,2026-06-11,CUST0195,Sanjay Malhotra,South,Chennai,Home & Kitchen,Air Fryer,2199.36,1,15.0,2199.36,329.9,1869.46,Credit Card,False,3.0
ORD102170,2026-06-11,CUST0829,Sanjay Desai,North,Delhi,Beauty & Personal Care,Face Serum,2473.05,2,5.0,4946.1,247.3,4698.8,Net Banking,False,4.0
ORD104081,2026-06-11,CUST0461,Aditya Gupta,North,Delhi,Beauty & Personal Care,Face Serum,1848.7,2,10.0,3697.4,369.74,3327.66,Credit Card,False,2.0
ORD101769,2026-06-11,CUST0233,Diya Das,South,Bengaluru,Fashion,Denim Jacket,2327.74,1,20.0,2327.74,465.55,1862.19,Credit Card,False,5.0
ORD103641,2026-06-12,CUST0262,Arjun Reddy,East,Patna,Electronics,Smartwatch,50886.87,2,0.0,101773.74,0.0,101773.74,UPI,False,5.0
ORD101901,2026-06-12,CUST0770,Vikram Iyer,South,Hyderabad,Home & Kitchen,Air Fryer,14786.01,1,0.0,14786.01,0.0,14786.01,Cash on Delivery,False,5.0
ORD101329,2026-06-12,CUST0208,Vikram Bose,East,Kolkata,Beauty & Personal Care,Skincare Kit,2970.82,1,5.0,2970.82,148.54,2822.28,UPI,False,4.0
ORD101411,2026-06-12,CUST0813,Karthik Iyer,East,Kolkata,Sports & Fitness,Yoga Mat,5285.9,1,0.0,5285.9,0.0,5285.9,Net Banking,False,3.0
ORD102344,2026-06-13,CUST0789,Riya Pillai,North,Lucknow,Beauty & Personal Care,Hair Dryer,909.06,2,5.0,1818.12,90.91,1727.21,Credit Card,False,5.0
ORD104139,2026-06-13,CUST0417,Tara Desai,East,Kolkata,Electronics,Bluetooth Speaker,42731.24,1,10.0,42731.24,4273.12,38458.12,Debit Card,False,4.0
ORD103403,2026-06-13,CUST0118,Ananya Das,South,Chennai,Sports & Fitness,Cycling Helmet,407.18,1,0.0,407.18,0.0,407.18,UPI,False,4.0
ORD102231,2026-06-13,CUST0415,Arjun Rao,North,Chandigarh,Beauty & Personal Care,Face Serum,1113.63,2,15.0,2227.26,334.09,1893.17,Credit Card,False,3.0
ORD105788,2026-06-13,CUST0321,Rohan Joshi,North,Chandigarh,Beauty & Personal Care,Perfume,2219.57,2,0.0,4439.14,0.0,4439.14,Net Banking,False,5.0
ORD104075,2026-06-13,CUST0527,Ramesh Bose,North,Jaipur,Electronics,Laptop,15611.33,1,5.0,15611.33,780.57,14830.76,UPI,False,2.0
ORD103940,2026-06-13,CUST0532,Sanjay Rao,West,Mumbai,Beauty & Personal Care,Perfume,2768.4,1,0.0,2768.4,0.0,2768.4,UPI,False,5.0
ORD101779,2026-06-13,CUST0316,Sai Das,East,Patna,Fashion,Wrist Watch,598.71,2,15.0,1197.42,179.61,1017.81,Net Banking,False,3.0
ORD100053,2026-06-14,CUST0600,Riya Chopra,East,Kolkata,Home & Kitchen,Water Purifier,7950.48,1,5.0,7950.48,397.52,7552.96,UPI,False,4.0
ORD104810,2026-06-14,CUST0231,Kiran Mukherjee,East,Bhubaneswar,Home & Kitchen,Air Fryer,9139.04,1,0.0,9139.04,0.0,9139.04,UPI,False,4.0
ORD100403,2026-06-14,CUST0612,Tara Reddy,North,Lucknow,Fashion,Sunglasses,2961.79,1,15.0,2961.79,444.27,2517.52,UPI,False,4.0
ORD102693,2026-06-14,CUST0326,Aarav Das,North,Jaipur,Electronics,Laptop,47260.92,3,10.0,141782.76,14178.28,127604.48,UPI,False,4.0
ORD103446,2026-06-14,CUST0356,Vihaan Singh,West,Pune,Sports & Fitness,Resistance Bands,2970.84,1,10.0,2970.84,297.08,2673.76,Credit Card,False,2.0
ORD104242,2026-06-14,CUST0427,Suresh Kumar,West,Surat,Fashion,Wrist Watch,2177.55,1,0.0,2177.55,0.0,2177.55,Debit Card,False,5.0
ORD103656,2026-06-14,CUST0018,Nisha Mukherjee,West,Surat,Electronics,Smartwatch,1584.51,1,15.0,1584.51,237.68,1346.83,Cash on Delivery,False,2.0
ORD105990,2026-06-14,CUST0844,Kiran Bose,West,Surat,Beauty & Personal Care,Perfume,447.25,1,0.0,447.25,0.0,447.25,UPI,False,3.0
ORD100592,2026-06-15,CUST0413,Ananya Singh,East,Bhubaneswar,Beauty & Personal Care,Trimmer,3011.41,2,20.0,6022.82,1204.56,4818.26,Debit Card,False,4.0
ORD104346,2026-06-15,CUST0311,Ananya Das,West,Mumbai,Sports & Fitness,Resistance Bands,5589.61,1,0.0,5589.61,0.0,5589.61,Net Banking,False,5.0
ORD105413,2026-06-15,CUST0475,Kiran Chopra,East,Bhubaneswar,Sports & Fitness,Resistance Bands,5572.76,2,10.0,11145.52,1114.55,10030.97,UPI,False,3.0
ORD101348,2026-06-15,CUST0755,Naveen Kapoor,North,Lucknow,Sports & Fitness,Yoga Mat,5360.54,3,10.0,16081.62,1608.16,14473.46,Credit Card,False,5.0
ORD102520,2026-06-15,CUST0352,Ananya Joshi,South,Kochi,Home & Kitchen,Water Purifier,5341.1,1,0.0,5341.1,0.0,5341.1,Debit Card,False,5.0
ORD102568,2026-06-15,CUST0079,Lakshmi Sharma,South,Chennai,Home & Kitchen,Mixer Grinder,14580.35,2,0.0,29160.7,0.0,29160.7,UPI,False,5.0
ORD100517,2026-06-15,CUST0596,Vikram Reddy,East,Patna,Fashion,Wrist Watch,2740.79,1,0.0,2740.79,0.0,2740.79,Debit Card,False,4.0
ORD100987,2026-06-16,CUST0715,Kiran Verma,South,Bengaluru,Sports & Fitness,Cycling Helmet,7531.81,1,20.0,7531.81,1506.36,6025.45,UPI,False,5.0
ORD103579,2026-06-16,CUST0837,Kiran Rao,North,Delhi,Fashion,Wrist Watch,1784.69,1,15.0,1784.69,267.7,1516.99,Debit Card,False,5.0
ORD104434,2026-06-17,CUST0010,Vivaan Sharma,East,Patna,Home & Kitchen,Water Purifier,10722.98,3,0.0,32168.94,0.0,32168.94,Credit Card,False,5.0
ORD101386,2026-06-17,CUST0654,Kavya Mukherjee,East,Patna,Electronics,Smartphone,54369.93,1,5.0,54369.93,2718.5,51651.43,Cash on Delivery,False,4.0
ORD102498,2026-06-17,CUST0675,Zara Das,North,Delhi,Sports & Fitness,Dumbbell Set,6643.85,2,0.0,13287.7,0.0,13287.7,Credit Card,False,2.0
ORD104263,2026-06-17,CUST0283,Rahul Menon,East,Kolkata,Beauty & Personal Care,Face Serum,3235.35,2,10.0,6470.7,647.07,5823.63,Credit Card,False,2.0
ORD102368,2026-06-17,CUST0281,Pooja Chopra,East,Patna,Beauty & Personal Care,Skincare Kit,551.07,1,0.0,551.07,0.0,551.07,UPI,False,4.0
ORD104848,2026-06-17,CUST0443,Lakshmi Malhotra,East,Bhubaneswar,Electronics,Bluetooth Speaker,16980.48,1,0.0,16980.48,0.0,16980.48,UPI,False,5.0
ORD101193,2026-06-18,CUST0439,Diya Iyer,West,Surat,Electronics,Bluetooth Speaker,14212.59,1,0.0,14212.59,0.0,14212.59,Net Banking,False,4.0
ORD105550,2026-06-18,CUST0027,Vivaan Rao,South,Kochi,Sports & Fitness,Fitness Band,3514.87,1,15.0,3514.87,527.23,2987.64,UPI,False,3.0
ORD105841,2026-06-18,CUST0261,Manish Verma,West,Mumbai,Electronics,Smartwatch,19809.13,1,20.0,19809.13,3961.83,15847.3,Net Banking,False,5.0
ORD103753,2026-06-19,CUST0484,Zara Menon,West,Surat,Home & Kitchen,Water Purifier,5674.18,1,25.0,5674.18,1418.54,4255.64,UPI,False,5.0
ORD100272,2026-06-19,CUST0485,Rohan Singh,West,Ahmedabad,Electronics,Wireless Earbuds,33953.33,1,0.0,33953.33,0.0,33953.33,Debit Card,True,3.0
ORD102502,2026-06-19,CUST0096,Karthik Menon,South,Kochi,Fashion,Sunglasses,2476.69,1,0.0,2476.69,0.0,2476.69,UPI,False,4.0
ORD103091,2026-06-19,CUST0452,Kavya Joshi,North,Chandigarh,Sports & Fitness,Dumbbell Set,2695.28,1,10.0,2695.28,269.53,2425.75,Debit Card,False,3.0
ORD104957,2026-06-19,CUST0080,Vikram Kapoor,North,Lucknow,Sports & Fitness,Resistance Bands,1675.66,1,0.0,1675.66,0.0,1675.66,Debit Card,False,4.0
ORD105156,2026-06-19,CUST0847,Vivaan Reddy,South,Hyderabad,Beauty & Personal Care,Perfume,343.83,1,5.0,343.83,17.19,326.64,Credit Card,True,2.0
ORD104231,2026-06-20,CUST0596,Vikram Reddy,East,Patna,Sports & Fitness,Resistance Bands,5229.72,2,10.0,10459.44,1045.94,9413.5,Debit Card,False,5.0
ORD103544,2026-06-20,CUST0041,Krishna Menon,North,Lucknow,Electronics,Smartwatch,18485.78,1,10.0,18485.78,1848.58,16637.2,UPI,False,4.0
ORD103034,2026-06-20,CUST0650,Rohan Gupta,West,Mumbai,Home & Kitchen,Water Purifier,1720.96,1,0.0,1720.96,0.0,1720.96,UPI,False,5.0
ORD101345,2026-06-20,CUST0409,Vihaan Kapoor,South,Chennai,Electronics,Smartwatch,14000.98,2,10.0,28001.96,2800.2,25201.76,Net Banking,False,5.0
ORD100708,2026-06-20,CUST0828,Diya Das,East,Guwahati,Fashion,Running Shoes,2632.35,1,0.0,2632.35,0.0,2632.35,UPI,False,5.0
ORD104310,2026-06-20,CUST0759,Aditya Sharma,East,Patna,Beauty & Personal Care,Face Serum,3344.78,2,0.0,6689.56,0.0,6689.56,Cash on Delivery,False,5.0
ORD104738,2026-06-20,CUST0772,Meera Malhotra,South,Bengaluru,Home & Kitchen,Non-Stick Cookware Set,13033.95,1,0.0,13033.95,0.0,13033.95,UPI,False,5.0
ORD104989,2026-06-20,CUST0522,Zara Singh,West,Ahmedabad,Sports & Fitness,Cycling Helmet,999.45,2,0.0,1998.9,0.0,1998.9,Cash on Delivery,False,1.0
ORD102587,2026-06-21,CUST0567,Rohan Malhotra,East,Guwahati,Sports & Fitness,Resistance Bands,3905.69,1,15.0,3905.69,585.85,3319.84,UPI,False,4.0
ORD101291,2026-06-21,CUST0191,Karthik Iyer,South,Kochi,Fashion,Sunglasses,5108.67,1,0.0,5108.67,0.0,5108.67,Debit Card,False,5.0
ORD104913,2026-06-21,CUST0322,Riya Malhotra,East,Guwahati,Sports & Fitness,Dumbbell Set,4699.86,1,0.0,4699.86,0.0,4699.86,Net Banking,False,3.0
ORD102825,2026-06-21,CUST0096,Karthik Menon,South,Kochi,Electronics,Smartphone,33339.61,1,20.0,33339.61,6667.92,26671.69,Credit Card,False,4.0
ORD102080,2026-06-21,CUST0342,Manisha Sharma,East,Patna,Home & Kitchen,Water Purifier,8699.53,1,10.0,8699.53,869.95,7829.58,Credit Card,False,2.0
ORD103051,2026-06-21,CUST0396,Lakshmi Rao,North,Lucknow,Beauty & Personal Care,Hair Dryer,1651.8,1,25.0,1651.8,412.95,1238.85,Net Banking,False,4.0
ORD105391,2026-06-22,CUST0326,Aarav Das,North,Jaipur,Home & Kitchen,Mixer Grinder,2425.26,1,15.0,2425.26,363.79,2061.47,Credit Card,False,2.0
ORD100109,2026-06-22,CUST0442,Ananya Patel,West,Mumbai,Sports & Fitness,Dumbbell Set,7995.9,1,0.0,7995.9,0.0,7995.9,Debit Card,False,5.0
ORD101314,2026-06-23,CUST0813,Karthik Iyer,East,Kolkata,Sports & Fitness,Fitness Band,1730.05,1,0.0,1730.05,0.0,1730.05,Debit Card,False,5.0
ORD100737,2026-06-23,CUST0487,Krishna Kapoor,West,Mumbai,Home & Kitchen,Non-Stick Cookware Set,11710.63,1,0.0,11710.63,0.0,11710.63,UPI,False,5.0
ORD103944,2026-06-23,CUST0783,Pooja Menon,South,Bengaluru,Home & Kitchen,Vacuum Cleaner,2933.24,1,10.0,2933.24,293.32,2639.92,Net Banking,False,3.0
ORD103843,2026-06-23,CUST0445,Rahul Reddy,West,Mumbai,Fashion,Running Shoes,1430.77,1,0.0,1430.77,0.0,1430.77,UPI,False,4.0
ORD100966,2026-06-23,CUST0728,Pooja Verma,North,Lucknow,Beauty & Personal Care,Face Serum,2479.63,1,0.0,2479.63,0.0,2479.63,Net Banking,False,5.0
ORD103473,2026-06-23,CUST0547,Priya Nair,South,Kochi,Beauty & Personal Care,Trimmer,3175.98,1,0.0,3175.98,0.0,3175.98,Debit Card,False,5.0
ORD103456,2026-06-23,CUST0201,Suresh Kumar,East,Guwahati,Electronics,Smartphone,49175.43,1,0.0,49175.43,0.0,49175.43,Net Banking,False,3.0
ORD102398,2026-06-23,CUST0220,Vivaan Joshi,North,Chandigarh,Sports & Fitness,Cycling Helmet,1804.65,2,0.0,3609.3,0.0,3609.3,UPI,False,5.0
ORD103922,2026-06-24,CUST0637,Swati Pillai,North,Jaipur,Fashion,Running Shoes,5106.01,1,0.0,5106.01,0.0,5106.01,Credit Card,False,5.0
ORD101912,2026-06-24,CUST0389,Anil Nair,South,Hyderabad,Electronics,Laptop,44508.02,1,15.0,44508.02,6676.2,37831.82,Debit Card,False,4.0
ORD102150,2026-06-24,CUST0192,Diya Bose,West,Mumbai,Sports & Fitness,Resistance Bands,7976.52,1,0.0,7976.52,0.0,7976.52,UPI,False,5.0
ORD105609,2026-06-25,CUST0708,Anil Kumar,South,Chennai,Home & Kitchen,Mixer Grinder,9696.35,1,0.0,9696.35,0.0,9696.35,Net Banking,False,5.0
ORD101995,2026-06-25,CUST0059,Meera Kapoor,West,Pune,Fashion,Running Shoes,5162.38,1,25.0,5162.38,1290.6,3871.78,Credit Card,False,5.0
ORD103056,2026-06-25,CUST0348,Rohan Das,North,Lucknow,Electronics,Laptop,47866.04,1,25.0,47866.04,11966.51,35899.53,Debit Card,True,2.0
ORD103839,2026-06-25,CUST0461,Aditya Gupta,North,Delhi,Beauty & Personal Care,Trimmer,2092.07,1,0.0,2092.07,0.0,2092.07,Credit Card,False,5.0
ORD104086,2026-06-26,CUST0600,Riya Chopra,East,Kolkata,Electronics,Bluetooth Speaker,30340.98,1,10.0,30340.98,3034.1,27306.88,UPI,False,4.0
ORD105741,2026-06-26,CUST0552,Shreya Joshi,South,Hyderabad,Beauty & Personal Care,Perfume,3337.44,1,15.0,3337.44,500.62,2836.82,Debit Card,False,4.0
ORD100342,2026-06-26,CUST0789,Riya Pillai,North,Lucknow,Electronics,Bluetooth Speaker,47421.21,1,0.0,47421.21,0.0,47421.21,Cash on Delivery,False,2.0
ORD100875,2026-06-26,CUST0492,Swati Menon,North,Jaipur,Sports & Fitness,Resistance Bands,2843.06,1,0.0,2843.06,0.0,2843.06,Credit Card,False,2.0
ORD101202,2026-06-26,CUST0377,Vikram Verma,South,Kochi,Electronics,Smartwatch,27507.92,1,0.0,27507.92,0.0,27507.92,Debit Card,False,4.0
ORD105775,2026-06-27,CUST0812,Vihaan Rao,West,Pune,Sports & Fitness,Fitness Band,7272.52,2,0.0,14545.04,0.0,14545.04,UPI,True,1.0
ORD104375,2026-06-27,CUST0039,Aarav Gupta,East,Bhubaneswar,Sports & Fitness,Dumbbell Set,2145.32,1,10.0,2145.32,214.53,1930.79,Debit Card,False,5.0
ORD100173,2026-06-27,CUST0039,Aarav Gupta,East,Bhubaneswar,Beauty & Personal Care,Hair Dryer,1035.73,1,15.0,1035.73,155.36,880.37,Debit Card,False,5.0
ORD100007,2026-06-28,CUST0059,Meera Kapoor,West,Pune,Beauty & Personal Care,Skincare Kit,3291.43,1,0.0,3291.43,0.0,3291.43,UPI,False,4.0
ORD102819,2026-06-28,CUST0484,Zara Menon,West,Surat,Sports & Fitness,Yoga Mat,2851.57,1,15.0,2851.57,427.74,2423.83,Net Banking,False,4.0
ORD101394,2026-06-28,CUST0298,Kiran Das,North,Lucknow,Electronics,Wireless Earbuds,32321.74,3,25.0,96965.22,24241.3,72723.92,Net Banking,False,5.0
ORD105561,2026-06-28,CUST0198,Rahul Gupta,North,Chandigarh,Fashion,Denim Jacket,1727.56,1,15.0,1727.56,259.13,1468.43,Debit Card,False,4.0
ORD100254,2026-06-28,CUST0791,Priya Desai,North,Delhi,Electronics,Smartwatch,12702.51,1,10.0,12702.51,1270.25,11432.26,Cash on Delivery,False,3.0
ORD102392,2026-06-28,CUST0326,Aarav Das,North,Jaipur,Fashion,Running Shoes,5956.75,1,15.0,5956.75,893.51,5063.24,Debit Card,False,3.0
ORD101026,2026-06-28,CUST0693,Arjun Bose,West,Surat,Electronics,Smartwatch,54339.11,1,5.0,54339.11,2716.96,51622.15,UPI,False,5.0
ORD101166,2026-06-29,CUST0285,Divya Joshi,North,Jaipur,Beauty & Personal Care,Perfume,2255.43,1,0.0,2255.43,0.0,2255.43,Credit Card,False,5.0
ORD104772,2026-06-29,CUST0067,Ramesh Nair,South,Chennai,Beauty & Personal Care,Face Serum,1410.8,1,10.0,1410.8,141.08,1269.72,Cash on Delivery,False,5.0
ORD105924,2026-06-29,CUST0656,Lakshmi Bose,West,Mumbai,Sports & Fitness,Fitness Band,3104.74,1,15.0,3104.74,465.71,2639.03,UPI,False,4.0
ORD104790,2026-06-29,CUST0287,Kavya Kapoor,South,Hyderabad,Home & Kitchen,Air Fryer,3865.03,1,10.0,3865.03,386.5,3478.53,Credit Card,False,4.0
ORD101574,2026-06-29,CUST0263,Manisha Joshi,South,Chennai,Home & Kitchen,Vacuum Cleaner,8897.14,1,0.0,8897.14,0.0,8897.14,Credit Card,False,5.0
ORD103134,2026-06-29,CUST0192,Diya Bose,West,Mumbai,Fashion,Denim Jacket,3411.94,1,15.0,3411.94,511.79,2900.15,Debit Card,False,5.0
ORD103153,2026-06-30,CUST0320,Lakshmi Kumar,East,Guwahati,Electronics,Wireless Earbuds,26771.76,1,0.0,26771.76,0.0,26771.76,Cash on Delivery,False,4.0
ORD101632,2026-06-30,CUST0231,Kiran Mukherjee,East,Bhubaneswar,Beauty & Personal Care,Skincare Kit,1542.09,1,0.0,1542.09,0.0,1542.09,Net Banking,False,5.0
ORD105375,2026-07-01,CUST0591,Deepak Menon,West,Mumbai,Electronics,Smartphone,1836.98,1,0.0,1836.98,0.0,1836.98,UPI,False,5.0
ORD100483,2026-07-01,CUST0282,Rahul Bose,East,Guwahati,Home & Kitchen,Mixer Grinder,11201.98,2,10.0,22403.96,2240.4,20163.56,Credit Card,False,3.0
ORD105812,2026-07-01,CUST0257,Riya Rao,West,Ahmedabad,Fashion,Denim Jacket,925.85,1,0.0,925.85,0.0,925.85,UPI,False,5.0
ORD100911,2026-07-01,CUST0787,Karthik Joshi,North,Chandigarh,Sports & Fitness,Yoga Mat,2357.5,1,5.0,2357.5,117.88,2239.62,UPI,False,4.0
ORD100918,2026-07-01,CUST0565,Karthik Pillai,East,Patna,Sports & Fitness,Yoga Mat,7531.82,2,15.0,15063.64,2259.55,12804.09,UPI,False,5.0
ORD101824,2026-07-01,CUST0526,Tara Das,South,Bengaluru,Electronics,Laptop,47191.95,1,15.0,47191.95,7078.79,40113.16,Credit Card,False,5.0
ORD104502,2026-07-01,CUST0117,Vikram Desai,West,Pune,Fashion,Denim Jacket,2589.95,1,15.0,2589.95,388.49,2201.46,Credit Card,False,4.0
ORD105667,2026-07-01,CUST0610,Sanjay Rao,South,Kochi,Home & Kitchen,Vacuum Cleaner,1496.72,3,15.0,4490.16,673.52,3816.64,UPI,False,2.0
ORD100135,2026-07-01,CUST0405,Lakshmi Nair,South,Kochi,Electronics,Smartphone,19739.3,1,5.0,19739.3,986.96,18752.34,UPI,False,5.0
ORD100928,2026-07-01,CUST0276,Nisha Sharma,North,Jaipur,Fashion,Running Shoes,2038.54,1,0.0,2038.54,0.0,2038.54,UPI,False,4.0
ORD102240,2026-07-01,CUST0799,Vivaan Rao,North,Jaipur,Beauty & Personal Care,Trimmer,1590.87,2,10.0,3181.74,318.17,2863.57,Cash on Delivery,False,5.0
ORD105854,2026-07-02,CUST0358,Pooja Iyer,North,Lucknow,Fashion,Backpack,1166.52,1,20.0,1166.52,233.3,933.22,Cash on Delivery,False,2.0
ORD104825,2026-07-02,CUST0097,Priya Sharma,South,Chennai,Sports & Fitness,Cycling Helmet,7330.29,1,15.0,7330.29,1099.54,6230.75,Credit Card,False,5.0
ORD101187,2026-07-02,CUST0612,Tara Reddy,North,Lucknow,Fashion,Denim Jacket,4234.45,1,0.0,4234.45,0.0,4234.45,Net Banking,False,5.0
ORD102081,2026-07-02,CUST0639,Vihaan Chopra,West,Pune,Beauty & Personal Care,Hair Dryer,2872.14,1,0.0,2872.14,0.0,2872.14,UPI,False,3.0
ORD103459,2026-07-02,CUST0626,Kavya Kapoor,East,Patna,Sports & Fitness,Resistance Bands,7160.98,1,0.0,7160.98,0.0,7160.98,Credit Card,False,4.0
ORD104599,2026-07-02,CUST0041,Krishna Menon,North,Lucknow,Electronics,Bluetooth Speaker,2436.81,1,0.0,2436.81,0.0,2436.81,Cash on Delivery,False,3.0
ORD100535,2026-07-03,CUST0820,Krishna Joshi,East,Bhubaneswar,Electronics,Laptop,39821.29,2,20.0,79642.58,15928.52,63714.06,Cash on Delivery,False,5.0
ORD104010,2026-07-03,CUST0780,Rahul Mukherjee,North,Delhi,Home & Kitchen,Water Purifier,9924.22,1,10.0,9924.22,992.42,8931.8,UPI,False,5.0
ORD104021,2026-07-03,CUST0087,Naveen Reddy,South,Chennai,Home & Kitchen,Water Purifier,14167.34,1,0.0,14167.34,0.0,14167.34,Credit Card,False,4.0
ORD105632,2026-07-03,CUST0547,Priya Nair,South,Kochi,Sports & Fitness,Yoga Mat,3450.34,1,5.0,3450.34,172.52,3277.82,Debit Card,False,4.0
ORD104153,2026-07-03,CUST0643,Sneha Chopra,West,Mumbai,Beauty & Personal Care,Perfume,2735.21,1,0.0,2735.21,0.0,2735.21,Cash on Delivery,False,5.0
ORD100725,2026-07-03,CUST0263,Manisha Joshi,South,Chennai,Fashion,Backpack,4587.38,2,10.0,9174.76,917.48,8257.28,Net Banking,False,5.0
ORD102564,2026-07-04,CUST0410,Sai Das,North,Chandigarh,Home & Kitchen,Non-Stick Cookware Set,9173.32,1,10.0,9173.32,917.33,8255.99,Credit Card,False,5.0
ORD104173,2026-07-04,CUST0105,Nisha Mukherjee,East,Patna,Beauty & Personal Care,Hair Dryer,1667.3,1,5.0,1667.3,83.36,1583.94,Credit Card,False,5.0
ORD103201,2026-07-04,CUST0490,Swati Mukherjee,North,Lucknow,Sports & Fitness,Cycling Helmet,7135.1,1,10.0,7135.1,713.51,6421.59,Net Banking,False,4.0
ORD105022,2026-07-04,CUST0672,Arjun Reddy,South,Hyderabad,Sports & Fitness,Dumbbell Set,7247.12,1,10.0,7247.12,724.71,6522.41,Cash on Delivery,False,5.0
ORD102843,2026-07-04,CUST0293,Krishna Rao,West,Surat,Fashion,Denim Jacket,4157.1,3,5.0,12471.3,623.57,11847.73,Credit Card,False,5.0
ORD103421,2026-07-05,CUST0281,Pooja Chopra,East,Patna,Beauty & Personal Care,Face Serum,843.03,1,0.0,843.03,0.0,843.03,Debit Card,True,5.0
ORD105080,2026-07-05,CUST0120,Manisha Singh,West,Pune,Fashion,Sunglasses,869.26,1,0.0,869.26,0.0,869.26,Cash on Delivery,False,3.0
ORD101774,2026-07-05,CUST0483,Manish Reddy,South,Kochi,Fashion,Sunglasses,2315.54,1,20.0,2315.54,463.11,1852.43,Debit Card,False,1.0
ORD101406,2026-07-05,CUST0478,Arjun Kapoor,South,Chennai,Beauty & Personal Care,Perfume,3069.65,1,15.0,3069.65,460.45,2609.2,Debit Card,False,4.0
ORD101794,2026-07-05,CUST0011,Diya Pillai,North,Lucknow,Home & Kitchen,Vacuum Cleaner,4836.67,1,0.0,4836.67,0.0,4836.67,UPI,False,5.0
ORD102384,2026-07-05,CUST0304,Saanvi Joshi,South,Kochi,Beauty & Personal Care,Perfume,503.59,2,5.0,1007.18,50.36,956.82,Net Banking,False,4.0
ORD104220,2026-07-05,CUST0306,Anil Verma,South,Kochi,Fashion,Running Shoes,2990.35,1,0.0,2990.35,0.0,2990.35,Debit Card,False,5.0
ORD102965,2026-07-06,CUST0027,Vivaan Rao,South,Kochi,Fashion,Sunglasses,3549.54,1,25.0,3549.54,887.38,2662.16,Credit Card,False,5.0
ORD104069,2026-07-06,CUST0617,Suresh Reddy,South,Chennai,Sports & Fitness,Fitness Band,2206.81,3,0.0,6620.43,0.0,6620.43,Net Banking,True,4.0
ORD105298,2026-07-06,CUST0820,Krishna Joshi,East,Bhubaneswar,Beauty & Personal Care,Perfume,2742.59,1,5.0,2742.59,137.13,2605.46,Credit Card,False,4.0
ORD100902,2026-07-06,CUST0787,Karthik Joshi,North,Chandigarh,Beauty & Personal Care,Face Serum,2941.41,1,15.0,2941.41,441.21,2500.2,Debit Card,False,3.0
ORD105290,2026-07-06,CUST0231,Kiran Mukherjee,East,Bhubaneswar,Fashion,Wrist Watch,3584.62,1,0.0,3584.62,0.0,3584.62,Debit Card,False,4.0
ORD101790,2026-07-06,CUST0535,Aditya Kumar,North,Jaipur,Beauty & Personal Care,Hair Dryer,2211.38,1,0.0,2211.38,0.0,2211.38,UPI,False,5.0
ORD105694,2026-07-06,CUST0638,Nisha Kapoor,East,Kolkata,Fashion,Wrist Watch,5886.24,1,0.0,5886.24,0.0,5886.24,Debit Card,False,4.0
ORD103710,2026-07-06,CUST0424,Aditya Sharma,East,Guwahati,Fashion,Running Shoes,1679.62,1,0.0,1679.62,0.0,1679.62,Credit Card,False,3.0
ORD101835,2026-07-06,CUST0075,Isha Patel,North,Jaipur,Fashion,Sunglasses,1340.18,1,5.0,1340.18,67.01,1273.17,UPI,False,5.0
ORD103649,2026-07-06,CUST0701,Sneha Singh,East,Patna,Home & Kitchen,Mixer Grinder,13617.33,1,15.0,13617.33,2042.6,11574.73,Net Banking,False,3.0
ORD105113,2026-07-07,CUST0134,Sanjay Rao,East,Kolkata,Sports & Fitness,Yoga Mat,6045.51,1,5.0,6045.51,302.28,5743.23,UPI,False,4.0
ORD100842,2026-07-07,CUST0834,Kiran Verma,East,Bhubaneswar,Sports & Fitness,Yoga Mat,3935.0,1,15.0,3935.0,590.25,3344.75,UPI,False,5.0
ORD105872,2026-07-07,CUST0677,Saanvi Das,West,Surat,Home & Kitchen,Air Fryer,5652.05,1,0.0,5652.05,0.0,5652.05,Credit Card,False,1.0
ORD105516,2026-07-07,CUST0746,Riya Iyer,North,Lucknow,Fashion,Denim Jacket,2155.71,2,0.0,4311.42,0.0,4311.42,Debit Card,False,4.0
ORD105986,2026-07-07,CUST0461,Aditya Gupta,North,Delhi,Electronics,Laptop,48542.0,1,10.0,48542.0,4854.2,43687.8,Debit Card,False,4.0
ORD100946,2026-07-07,CUST0806,Neha Patel,West,Mumbai,Beauty & Personal Care,Perfume,3234.84,1,0.0,3234.84,0.0,3234.84,UPI,False,4.0
ORD105263,2026-07-07,CUST0438,Ishaan Verma,West,Ahmedabad,Beauty & Personal Care,Skincare Kit,1799.11,1,0.0,1799.11,0.0,1799.11,Net Banking,True,3.0
ORD105431,2026-07-07,CUST0383,Meera Reddy,South,Hyderabad,Electronics,Smartphone,29868.33,1,0.0,29868.33,0.0,29868.33,Debit Card,False,5.0
ORD104908,2026-07-07,CUST0677,Saanvi Das,West,Surat,Beauty & Personal Care,Trimmer,3214.63,1,0.0,3214.63,0.0,3214.63,Net Banking,False,4.0
ORD101806,2026-07-08,CUST0075,Isha Patel,North,Jaipur,Electronics,Smartwatch,13228.21,1,0.0,13228.21,0.0,13228.21,UPI,False,2.0
ORD104435,2026-07-08,CUST0319,Suresh Reddy,South,Bengaluru,Electronics,Wireless Earbuds,11819.78,1,0.0,11819.78,0.0,11819.78,Credit Card,False,4.0
ORD104830,2026-07-08,CUST0018,Nisha Mukherjee,West,Surat,Electronics,Bluetooth Speaker,10126.44,1,20.0,10126.44,2025.29,8101.15,UPI,False,3.0
ORD103390,2026-07-08,CUST0419,Diya Kapoor,South,Hyderabad,Electronics,Smartphone,6095.85,3,0.0,18287.55,0.0,18287.55,Credit Card,False,5.0
ORD104724,2026-07-08,CUST0306,Anil Verma,South,Kochi,Fashion,Denim Jacket,5693.6,1,0.0,5693.6,0.0,5693.6,UPI,False,3.0
ORD102663,2026-07-08,CUST0438,Ishaan Verma,West,Ahmedabad,Home & Kitchen,Air Fryer,961.15,1,20.0,961.15,192.23,768.92,UPI,False,5.0
ORD104742,2026-07-08,CUST0638,Nisha Kapoor,East,Kolkata,Sports & Fitness,Dumbbell Set,2121.92,2,,4243.84,848.77,3395.07,Debit Card,False,3.0
ORD103142,2026-07-09,CUST0154,Pooja Kapoor,North,Chandigarh,Sports & Fitness,Resistance Bands,4839.31,1,0.0,4839.31,0.0,4839.31,UPI,False,5.0
ORD102694,2026-07-09,CUST0431,Lakshmi Patel,South,Bengaluru,Electronics,Bluetooth Speaker,32971.75,2,0.0,65943.5,0.0,65943.5,UPI,False,2.0
ORD100672,2026-07-09,CUST0649,Priya Pillai,South,Kochi,Beauty & Personal Care,Skincare Kit,503.66,1,0.0,503.66,0.0,503.66,UPI,False,4.0
ORD102968,2026-07-09,CUST0728,Pooja Verma,North,Lucknow,Sports & Fitness,Cycling Helmet,4790.88,1,20.0,4790.88,958.18,3832.7,UPI,False,4.0
ORD105000,2026-07-09,CUST0709,Kiran Rao,East,Bhubaneswar,Home & Kitchen,Vacuum Cleaner,11059.68,1,10.0,11059.68,1105.97,9953.71,Debit Card,False,3.0
ORD104513,2026-07-09,CUST0715,Kiran Verma,South,Bengaluru,Electronics,Smartwatch,41468.82,1,10.0,41468.82,4146.88,37321.94,UPI,False,3.0
ORD101911,2026-07-10,CUST0175,Arjun Gupta,North,Lucknow,Home & Kitchen,Vacuum Cleaner,8827.52,1,0.0,8827.52,0.0,8827.52,Credit Card,False,4.0
ORD103048,2026-07-10,CUST0438,Ishaan Verma,West,Ahmedabad,Electronics,Wireless Earbuds,17112.89,1,0.0,17112.89,0.0,17112.89,Credit Card,False,5.0
ORD102089,2026-07-10,CUST0510,Anil Menon,East,Guwahati,Sports & Fitness,Cycling Helmet,6590.1,1,0.0,6590.1,0.0,6590.1,Credit Card,False,4.0
ORD100295,2026-07-10,CUST0106,Swati Sharma,East,Kolkata,Fashion,Sunglasses,3276.35,2,0.0,6552.7,0.0,6552.7,UPI,False,2.0
ORD104552,2026-07-11,CUST0461,Aditya Gupta,North,Delhi,Beauty & Personal Care,Hair Dryer,2910.81,1,0.0,2910.81,0.0,2910.81,Cash on Delivery,False,3.0
ORD103871,2026-07-11,CUST0735,Rohan Sharma,South,Bengaluru,Home & Kitchen,Vacuum Cleaner,2658.79,1,10.0,2658.79,265.88,2392.91,Cash on Delivery,False,3.0
ORD105448,2026-07-11,CUST0391,Saanvi Kapoor,East,Kolkata,Sports & Fitness,Fitness Band,6705.45,1,0.0,6705.45,0.0,6705.45,UPI,False,5.0
ORD101335,2026-07-11,CUST0492,Swati Menon,North,Jaipur,Fashion,Wrist Watch,2212.86,3,0.0,6638.58,0.0,6638.58,Cash on Delivery,False,4.0
ORD103325,2026-07-11,CUST0306,Anil Verma,South,Kochi,Fashion,Sunglasses,3929.17,1,0.0,3929.17,0.0,3929.17,Net Banking,False,5.0
ORD101727,2026-07-11,CUST0304,Saanvi Joshi,South,Kochi,Beauty & Personal Care,Hair Dryer,3220.5,2,5.0,6441.0,322.05,6118.95,UPI,False,5.0
ORD102116,2026-07-11,CUST0396,Lakshmi Rao,North,Lucknow,Sports & Fitness,Yoga Mat,1076.4,1,0.0,1076.4,0.0,1076.4,UPI,False,3.0
ORD103101,2026-07-11,CUST0609,Lakshmi Pillai,North,Chandigarh,Fashion,Running Shoes,3233.95,1,15.0,3233.95,485.09,2748.86,Net Banking,False,4.0
ORD104986,2026-07-11,CUST0813,Karthik Iyer,East,Kolkata,Electronics,Laptop,46898.89,2,10.0,93797.78,9379.78,84418.0,Credit Card,False,3.0
ORD105968,2026-07-12,CUST0594,Nisha Singh,South,Kochi,Electronics,Wireless Earbuds,16831.43,1,0.0,16831.43,0.0,16831.43,UPI,False,3.0
ORD102433,2026-07-12,CUST0477,Meera Singh,South,Hyderabad,Electronics,Wireless Earbuds,41146.9,1,0.0,41146.9,0.0,41146.9,Cash on Delivery,False,1.0
ORD105693,2026-07-12,CUST0653,Aditya Chopra,West,Pune,Home & Kitchen,Water Purifier,4610.3,1,10.0,4610.3,461.03,4149.27,UPI,False,5.0
ORD100751,2026-07-12,CUST0060,Deepak Kumar,East,Guwahati,Home & Kitchen,Non-Stick Cookware Set,7237.67,2,0.0,14475.34,0.0,14475.34,Credit Card,False,4.0
ORD100205,2026-07-12,CUST0791,Priya Desai,North,Delhi,Sports & Fitness,Cycling Helmet,6736.7,1,0.0,6736.7,0.0,6736.7,UPI,False,
ORD103525,2026-07-12,CUST0545,Divya Malhotra,North,Jaipur,Electronics,Smartwatch,31397.48,1,10.0,31397.48,3139.75,28257.73,Debit Card,False,5.0
ORD102274,2026-07-13,CUST0076,Aditya Gupta,North,Jaipur,Sports & Fitness,Yoga Mat,4119.95,1,10.0,4119.95,412.0,3707.95,Debit Card,False,5.0
ORD101458,2026-07-13,CUST0582,Diya Kumar,North,Lucknow,Sports & Fitness,Resistance Bands,6895.94,1,0.0,6895.94,0.0,6895.94,Debit Card,False,5.0
ORD104570,2026-07-14,CUST0349,Zara Reddy,South,Kochi,Fashion,Wrist Watch,4935.71,3,10.0,14807.13,1480.71,13326.42,Cash on Delivery,False,5.0
ORD104803,2026-07-14,CUST0271,Deepak Joshi,East,Guwahati,Beauty & Personal Care,Face Serum,3469.76,1,0.0,3469.76,0.0,3469.76,Net Banking,False,1.0
ORD105492,2026-07-14,CUST0455,Shreya Das,South,Kochi,Fashion,Wrist Watch,1777.82,1,15.0,1777.82,266.67,1511.15,UPI,False,4.0
ORD100677,2026-07-14,CUST0678,Vikram Iyer,East,Guwahati,Home & Kitchen,Mixer Grinder,2030.93,1,0.0,2030.93,0.0,2030.93,Credit Card,False,4.0
ORD100831,2026-07-14,CUST0812,Vihaan Rao,West,Pune,Beauty & Personal Care,Skincare Kit,2967.37,1,10.0,2967.37,296.74,2670.63,Cash on Delivery,False,3.0
ORD105465,2026-07-14,CUST0640,Saanvi Sharma,North,Chandigarh,Electronics,Laptop,19795.05,2,0.0,39590.1,0.0,39590.1,Net Banking,False,4.0
ORD104677,2026-07-15,CUST0151,Neha Iyer,West,Surat,Fashion,Wrist Watch,1796.75,1,0.0,1796.75,0.0,1796.75,UPI,False,5.0
ORD100664,2026-07-15,CUST0622,Deepak Kapoor,South,Bengaluru,Fashion,Denim Jacket,3533.84,1,25.0,3533.84,883.46,2650.38,Credit Card,False,3.0
ORD100227,2026-07-15,CUST0208,Vikram Bose,East,Kolkata,Fashion,Wrist Watch,3302.02,1,0.0,3302.02,0.0,3302.02,UPI,False,2.0
ORD105824,2026-07-15,CUST0850,Anil Desai,West,Mumbai,Sports & Fitness,Fitness Band,1768.52,1,0.0,1768.52,0.0,1768.52,UPI,False,3.0
ORD101282,2026-07-16,CUST0770,Vikram Iyer,South,Hyderabad,Home & Kitchen,Water Purifier,1691.72,2,0.0,3383.44,0.0,3383.44,Net Banking,False,5.0
ORD100921,2026-07-16,CUST0781,Sanjay Mukherjee,West,Surat,Home & Kitchen,Mixer Grinder,5421.37,2,0.0,10842.74,0.0,10842.74,Net Banking,True,3.0
ORD104013,2026-07-16,CUST0466,Manish Nair,East,Kolkata,Fashion,Backpack,5066.12,1,0.0,5066.12,0.0,5066.12,UPI,False,5.0
ORD105740,2026-07-17,CUST0802,Swati Menon,South,Hyderabad,Home & Kitchen,Air Fryer,7184.81,1,15.0,7184.81,1077.72,6107.09,UPI,False,4.0
ORD105017,2026-07-17,CUST0556,Arjun Desai,North,Chandigarh,Fashion,Sunglasses,5228.39,1,5.0,5228.39,261.42,4966.97,UPI,False,5.0
ORD101324,2026-07-17,CUST0446,Arjun Joshi,North,Lucknow,Sports & Fitness,Yoga Mat,6669.48,1,0.0,6669.48,0.0,6669.48,UPI,True,2.0
ORD100522,2026-07-17,CUST0397,Deepak Verma,East,Patna,Fashion,Denim Jacket,5764.7,1,0.0,5764.7,0.0,5764.7,Cash on Delivery,False,5.0
ORD105243,2026-07-17,CUST0240,Tara Pillai,North,Chandigarh,Home & Kitchen,Vacuum Cleaner,10962.24,1,15.0,10962.24,1644.34,9317.9,Net Banking,False,4.0
ORD105345,2026-07-17,CUST0789,Riya Pillai,North,Lucknow,Sports & Fitness,Dumbbell Set,1906.82,1,10.0,1906.82,190.68,1716.14,Net Banking,False,2.0
ORD100054,2026-07-17,CUST0729,Naveen Kapoor,South,Bengaluru,Home & Kitchen,Vacuum Cleaner,9783.26,1,0.0,9783.26,0.0,9783.26,UPI,False,2.0
ORD105443,2026-07-17,CUST0328,Naveen Singh,North,Jaipur,Fashion,Wrist Watch,3336.08,1,0.0,3336.08,0.0,3336.08,UPI,False,4.0
ORD105891,2026-07-17,CUST0563,Sneha Pillai,West,Mumbai,Electronics,Smartwatch,17421.0,1,0.0,17421.0,0.0,17421.0,Credit Card,False,3.0
ORD102838,2026-07-17,CUST0428,Vivaan Chopra,South,Hyderabad,Beauty & Personal Care,Hair Dryer,1160.97,1,20.0,1160.97,232.19,928.78,Credit Card,False,5.0
ORD101783,2026-07-17,CUST0384,Naveen Kumar,North,Jaipur,Beauty & Personal Care,Skincare Kit,288.97,1,5.0,288.97,14.45,274.52,UPI,False,5.0
ORD103333,2026-07-18,CUST0561,Lakshmi Rao,East,Kolkata,Electronics,Laptop,39570.81,2,5.0,79141.62,3957.08,75184.54,Credit Card,False,5.0
ORD100021,2026-07-18,CUST0354,Neha Menon,East,Guwahati,Beauty & Personal Care,Trimmer,1609.62,1,0.0,1609.62,0.0,1609.62,Credit Card,False,5.0
ORD103992,2026-07-19,CUST0075,Isha Patel,North,Jaipur,Sports & Fitness,Cycling Helmet,3578.41,2,5.0,7156.82,357.84,6798.98,UPI,False,3.0
ORD101319,2026-07-19,CUST0031,Kiran Malhotra,South,Bengaluru,Fashion,Denim Jacket,603.26,1,20.0,603.26,120.65,482.61,Credit Card,False,4.0
ORD100286,2026-07-19,CUST0239,Kiran Pillai,East,Patna,Beauty & Personal Care,Trimmer,2425.09,1,10.0,2425.09,242.51,2182.58,Credit Card,False,5.0
ORD102114,2026-07-19,CUST0485,Rohan Singh,West,Ahmedabad,Sports & Fitness,Fitness Band,3347.54,1,0.0,3347.54,0.0,3347.54,UPI,False,3.0
ORD100834,2026-07-19,CUST0606,Swati Kumar,South,Chennai,Fashion,Sunglasses,4183.52,1,20.0,4183.52,836.7,3346.82,Credit Card,False,3.0
ORD102269,2026-07-20,CUST0417,Tara Desai,East,Kolkata,Beauty & Personal Care,Hair Dryer,1013.94,1,5.0,1013.94,50.7,963.24,Credit Card,False,5.0
ORD105332,2026-07-20,CUST0753,Manish Iyer,South,Bengaluru,Fashion,Running Shoes,907.45,1,0.0,907.45,0.0,907.45,UPI,False,4.0
ORD103752,2026-07-20,CUST0304,Saanvi Joshi,South,Kochi,Home & Kitchen,Mixer Grinder,3543.1,3,10.0,10629.3,1062.93,9566.37,UPI,False,5.0
ORD104822,2026-07-20,CUST0095,Sneha Rao,East,Kolkata,Fashion,Running Shoes,3469.32,1,0.0,3469.32,0.0,3469.32,Net Banking,False,4.0
ORD102022,2026-07-20,CUST0685,Aditya Patel,North,Lucknow,Electronics,Smartphone,12699.26,1,0.0,12699.26,0.0,12699.26,Credit Card,False,5.0
ORD100829,2026-07-20,CUST0173,Lakshmi Sharma,South,Kochi,Sports & Fitness,Resistance Bands,4940.27,1,0.0,4940.27,0.0,4940.27,Debit Card,False,4.0
ORD104842,2026-07-20,CUST0270,Nisha Kumar,North,Chandigarh,Home & Kitchen,Air Fryer,12609.84,2,0.0,25219.68,0.0,25219.68,Cash on Delivery,False,4.0
ORD101609,2026-07-21,CUST0700,Aditya Singh,North,Lucknow,Sports & Fitness,Dumbbell Set,3833.64,1,0.0,3833.64,0.0,3833.64,UPI,False,4.0
ORD105579,2026-07-21,CUST0304,Saanvi Joshi,South,Kochi,Sports & Fitness,Dumbbell Set,2092.0,1,15.0,2092.0,313.8,1778.2,Net Banking,False,3.0
ORD102306,2026-07-21,CUST0007,Karthik Verma,North,Jaipur,Home & Kitchen,Vacuum Cleaner,10573.84,3,0.0,31721.52,0.0,31721.52,Credit Card,False,4.0
ORD102266,2026-07-21,CUST0653,Aditya Chopra,West,Pune,Beauty & Personal Care,Perfume,1029.7,1,10.0,1029.7,102.97,926.73,UPI,False,5.0
ORD103743,2026-07-21,CUST0413,Ananya Singh,East,Bhubaneswar,Electronics,Bluetooth Speaker,46724.57,1,5.0,46724.57,2336.23,44388.34,Debit Card,False,4.0
ORD103295,2026-07-21,CUST0641,Priya Chopra,West,Ahmedabad,Home & Kitchen,Mixer Grinder,3153.68,1,0.0,3153.68,0.0,3153.68,UPI,False,1.0
ORD100687,2026-07-21,CUST0130,Reyansh Iyer,South,Bengaluru,Beauty & Personal Care,Perfume,1448.2,1,10.0,1448.2,144.82,1303.38,Cash on Delivery,False,5.0
ORD100220,2026-07-21,CUST0231,Kiran Mukherjee,East,Bhubaneswar,Beauty & Personal Care,Skincare Kit,3489.22,1,5.0,3489.22,174.46,3314.76,UPI,False,5.0
ORD103791,2026-07-21,CUST0397,Deepak Verma,East,Patna,Electronics,Wireless Earbuds,43638.89,2,0.0,87277.78,0.0,87277.78,UPI,False,3.0
ORD102650,2026-07-21,CUST0175,Arjun Gupta,North,Lucknow,Sports & Fitness,Cycling Helmet,2562.79,1,5.0,2562.79,128.14,2434.65,Net Banking,False,3.0
ORD105567,2026-07-22,CUST0258,Reyansh Malhotra,West,Mumbai,Home & Kitchen,Air Fryer,3299.86,2,10.0,6599.72,659.97,5939.75,UPI,False,3.0
ORD103329,2026-07-22,CUST0285,Divya Joshi,North,Jaipur,Beauty & Personal Care,Skincare Kit,1325.78,1,10.0,1325.78,132.58,1193.2,Credit Card,False,3.0
ORD105291,2026-07-22,CUST0728,Pooja Verma,North,Lucknow,Electronics,Wireless Earbuds,52310.67,1,0.0,52310.67,0.0,52310.67,Credit Card,False,5.0
ORD100850,2026-07-22,CUST0362,Karthik Rao,West,Surat,Electronics,Smartwatch,40925.47,1,5.0,40925.47,2046.27,38879.2,Cash on Delivery,True,4.0
ORD103135,2026-07-22,CUST0413,Ananya Singh,East,Bhubaneswar,Beauty & Personal Care,Trimmer,3253.87,1,5.0,3253.87,162.69,3091.18,Credit Card,False,3.0
ORD101669,2026-07-22,CUST0612,Tara Reddy,North,Lucknow,Home & Kitchen,Mixer Grinder,12193.6,1,5.0,12193.6,609.68,11583.92,UPI,False,2.0
ORD100420,2026-07-23,CUST0705,Priya Singh,West,Surat,Home & Kitchen,Air Fryer,10447.5,2,10.0,20895.0,2089.5,18805.5,UPI,False,5.0
ORD104775,2026-07-23,CUST0055,Kavya Iyer,North,Jaipur,Beauty & Personal Care,Trimmer,1315.21,1,0.0,1315.21,0.0,1315.21,Net Banking,False,3.0
ORD104674,2026-07-23,CUST0498,Ramesh Malhotra,South,Bengaluru,Home & Kitchen,Water Purifier,4142.78,1,20.0,4142.78,828.56,3314.22,Net Banking,False,5.0
ORD103783,2026-07-23,CUST0838,Nisha Kumar,East,Bhubaneswar,Electronics,Laptop,37616.53,1,20.0,37616.53,7523.31,30093.22,UPI,False,2.0
ORD102956,2026-07-23,CUST0187,Sneha Bose,West,Ahmedabad,Fashion,Running Shoes,3164.03,1,0.0,3164.03,0.0,3164.03,Cash on Delivery,False,5.0
ORD103625,2026-07-24,CUST0813,Karthik Iyer,East,Kolkata,Beauty & Personal Care,Skincare Kit,3303.13,1,20.0,3303.13,660.63,2642.5,UPI,False,5.0
ORD104477,2026-07-24,CUST0060,Deepak Kumar,East,Guwahati,Beauty & Personal Care,Hair Dryer,1018.89,1,0.0,1018.89,0.0,1018.89,Credit Card,False,5.0
ORD100890,2026-07-24,CUST0194,Naveen Reddy,East,Bhubaneswar,Beauty & Personal Care,Face Serum,1360.53,1,0.0,1360.53,0.0,1360.53,UPI,False,2.0
ORD104587,2026-07-25,CUST0608,Divya Iyer,South,Hyderabad,Beauty & Personal Care,Skincare Kit,1895.01,1,15.0,1895.01,284.25,1610.76,Cash on Delivery,False,5.0
ORD101176,2026-07-25,CUST0537,Sneha Sharma,West,Surat,Fashion,Wrist Watch,2418.73,1,15.0,2418.73,362.81,2055.92,Net Banking,False,4.0
ORD100422,2026-07-25,CUST0144,Sai Iyer,South,Bengaluru,Home & Kitchen,Water Purifier,12202.64,1,25.0,12202.64,3050.66,9151.98,Net Banking,False,2.0
ORD102786,2026-07-25,CUST0167,Diya Joshi,South,Chennai,Beauty & Personal Care,Skincare Kit,3355.54,2,0.0,6711.08,0.0,6711.08,UPI,False,1.0
ORD104296,2026-07-25,CUST0404,Neha Singh,North,Lucknow,Sports & Fitness,Dumbbell Set,2358.42,1,0.0,2358.42,0.0,2358.42,Cash on Delivery,False,4.0
ORD105758,2026-07-25,CUST0412,Vivaan Kapoor,West,Mumbai,Electronics,Smartwatch,33134.75,2,15.0,66269.5,9940.42,56329.08,Credit Card,False,1.0
ORD102174,2026-07-26,CUST0802,Swati Menon,South,Hyderabad,Sports & Fitness,Resistance Bands,5340.32,1,0.0,5340.32,0.0,5340.32,Net Banking,False,5.0
ORD103737,2026-07-26,CUST0307,Rohan Mukherjee,South,Kochi,Fashion,Wrist Watch,3995.7,1,0.0,3995.7,0.0,3995.7,Debit Card,False,4.0
ORD104891,2026-07-26,CUST0462,Krishna Kumar,West,Ahmedabad,Sports & Fitness,Yoga Mat,2221.32,2,10.0,4442.64,444.26,3998.38,UPI,False,4.0
ORD104262,2026-07-26,CUST0123,Anil Mukherjee,South,Hyderabad,Beauty & Personal Care,Trimmer,1772.63,1,10.0,1772.63,177.26,1595.37,Debit Card,False,4.0
ORD101515,2026-07-26,CUST0174,Krishna Pillai,East,Patna,Home & Kitchen,Vacuum Cleaner,2966.01,1,0.0,2966.01,0.0,2966.01,Cash on Delivery,False,4.0
ORD103271,2026-07-26,CUST0176,Vihaan Rao,North,Jaipur,Electronics,Laptop,19001.27,1,5.0,19001.27,950.06,18051.21,Net Banking,False,4.0
ORD101105,2026-07-26,CUST0347,Rohan Das,South,Chennai,Sports & Fitness,Cycling Helmet,5034.86,1,5.0,5034.86,251.74,4783.12,UPI,False,4.0
ORD103942,2026-07-26,CUST0771,Zara Malhotra,West,Ahmedabad,Sports & Fitness,Fitness Band,2969.57,1,0.0,2969.57,0.0,2969.57,Credit Card,False,4.0
ORD100187,2026-07-27,CUST0811,Zara Bose,South,Chennai,Electronics,Smartwatch,39014.21,1,0.0,39014.21,0.0,39014.21,Debit Card,False,5.0
ORD103946,2026-07-27,CUST0489,Diya Chopra,West,Ahmedabad,Sports & Fitness,Yoga Mat,6444.02,1,0.0,6444.02,0.0,6444.02,Credit Card,False,4.0
ORD101057,2026-07-27,CUST0556,Arjun Desai,North,Chandigarh,Fashion,Backpack,5739.19,1,5.0,5739.19,286.96,5452.23,UPI,False,4.0
ORD102583,2026-07-27,CUST0844,Kiran Bose,West,Surat,Home & Kitchen,Vacuum Cleaner,1521.35,1,20.0,1521.35,304.27,1217.08,UPI,False,5.0
ORD102540,2026-07-27,CUST0420,Aarav Malhotra,North,Delhi,Sports & Fitness,Cycling Helmet,6894.88,1,20.0,6894.88,1378.98,5515.9,Net Banking,False,5.0
ORD103342,2026-07-28,CUST0012,Anil Das,North,Delhi,Sports & Fitness,Yoga Mat,2865.68,1,15.0,2865.68,429.85,2435.83,Credit Card,False,5.0
ORD103637,2026-07-28,CUST0239,Kiran Pillai,East,Patna,Fashion,Wrist Watch,2118.57,1,5.0,2118.57,105.93,2012.64,Debit Card,False,5.0
ORD105268,2026-07-28,CUST0492,Swati Menon,North,Jaipur,Electronics,Laptop,25397.24,1,0.0,25397.24,0.0,25397.24,UPI,False,3.0
ORD100552,2026-07-28,CUST0386,Nisha Pillai,North,Lucknow,Electronics,Wireless Earbuds,35354.19,2,0.0,70708.38,0.0,70708.38,Cash on Delivery,False,5.0
ORD102185,2026-07-28,CUST0422,Ananya Nair,North,Lucknow,Fashion,Wrist Watch,1302.94,1,10.0,1302.94,130.29,1172.65,UPI,False,3.0
ORD102201,2026-07-28,CUST0707,Isha Menon,West,Pune,Sports & Fitness,Fitness Band,5447.63,1,0.0,5447.63,0.0,5447.63,Cash on Delivery,False,5.0
ORD104505,2026-07-28,CUST0547,Priya Nair,South,Kochi,Home & Kitchen,Air Fryer,13319.35,1,25.0,13319.35,3329.84,9989.51,UPI,False,4.0
ORD104703,2026-07-28,CUST0680,Manisha Chopra,East,Guwahati,Sports & Fitness,Cycling Helmet,1375.47,1,15.0,1375.47,206.32,1169.15,UPI,True,1.0
ORD103118,2026-07-28,CUST0490,Swati Mukherjee,North,Lucknow,Home & Kitchen,Vacuum Cleaner,12087.36,2,5.0,24174.72,1208.74,22965.98,UPI,False,4.0
ORD102373,2026-07-28,CUST0734,Diya Das,North,Delhi,Home & Kitchen,Vacuum Cleaner,4212.41,1,0.0,4212.41,0.0,4212.41,UPI,False,4.0
ORD101939,2026-07-28,CUST0079,Lakshmi Sharma,South,Chennai,Home & Kitchen,Air Fryer,2438.61,2,10.0,4877.22,487.72,4389.5,Debit Card,False,3.0
ORD100571,2026-07-29,CUST0705,Priya Singh,West,Surat,Home & Kitchen,Non-Stick Cookware Set,10464.88,1,0.0,10464.88,0.0,10464.88,Credit Card,False,1.0
ORD100184,2026-07-29,CUST0297,Naveen Reddy,East,Patna,Electronics,Wireless Earbuds,27711.64,1,25.0,27711.64,6927.91,20783.73,Credit Card,False,5.0
ORD105220,2026-07-29,CUST0361,Saanvi Kumar,West,Surat,Fashion,Denim Jacket,1706.94,1,0.0,1706.94,0.0,1706.94,Net Banking,False,5.0
ORD100071,2026-07-29,CUST0785,Manisha Patel,North,Lucknow,Beauty & Personal Care,Face Serum,581.15,1,5.0,581.15,29.06,552.09,Cash on Delivery,False,4.0
ORD102469,2026-07-29,CUST0525,Sanjay Joshi,North,Chandigarh,Beauty & Personal Care,Perfume,429.13,1,0.0,429.13,0.0,429.13,UPI,False,5.0
ORD103093,2026-07-30,CUST0522,Zara Singh,West,Ahmedabad,Sports & Fitness,Cycling Helmet,570.15,1,0.0,570.15,0.0,570.15,Credit Card,False,5.0
ORD101910,2026-07-30,CUST0595,Divya Verma,North,Chandigarh,Home & Kitchen,Non-Stick Cookware Set,10237.83,1,15.0,10237.83,1535.67,8702.16,Net Banking,False,4.0
ORD101993,2026-07-30,CUST0417,Tara Desai,East,Kolkata,Beauty & Personal Care,Face Serum,2784.16,1,15.0,2784.16,417.62,2366.54,Cash on Delivery,False,4.0
ORD103050,2026-07-30,CUST0239,Kiran Pillai,East,Patna,Home & Kitchen,Water Purifier,7422.59,1,20.0,7422.59,1484.52,5938.07,Credit Card,False,5.0
